Num_Acc,an,mois,jour,hrmn,lum,int,atm,col,lat,long,catr,circ,nbv,vosp,prof,plan,lartpc,larrout,surf,infra,situ,env1,sum,unscathed,killed,hospital,light,week,time
201400000897,14,6,10,1900,1,1,1,7,4766584,207883,4,2,0,0,0,1,0,56,1,0,1,99,127,79,4,48,75,2,19.0
201400000905,14,1,25,2045,3,1,1,2,4782873,162946,3,2,2,0,1,1,0,66,1,0,1,0,99,82,6,39,54,6,20.0
201400000920,14,1,31,1840,5,1,3,6,4792028,186063,3,2,2,0,1,1,0,0,2,0,1,99,79,52,5,34,40,5,18.0
201400000921,14,4,24,1745,1,6,9,7,4798223,171911,4,1,1,0,0,0,0,0,0,5,1,3,61,33,5,30,26,4,17.0
201400000929,14,11,18,1015,1,1,1,6,4792055,185424,3,2,0,0,0,3,0,0,0,5,0,99,63,48,2,22,39,2,10.0
201400000936,14,5,19,2215,3,1,1,6,4854403,186673,2,3,4,0,1,1,0,72,1,0,1,99,77,56,4,26,47,1,22.0
201400000939,14,8,14,215,5,1,1,6,4856330,192543,3,3,0,0,0,1,0,0,1,0,1,0,77,51,6,22,49,4,2.0
201400000943,14,6,1,1115,1,1,1,6,4854543,175972,3,2,2,0,1,1,0,61,1,0,1,99,95,64,2,45,48,7,11.0
201400000944,14,6,20,2300,3,1,1,1,4859526,160196,3,2,0,0,1,1,0,65,1,0,1,99,98,68,2,39,57,5,23.0
201400000948,14,1,20,800,1,6,1,6,4857952,205878,3,2,0,0,0,1,0,56,1,5,1,99,70,43,2,20,48,1,8.0
201400000953,14,12,29,1700,2,1,1,6,4811400,120893,5,0,0,0,1,0,0,0,0,0,1,99,39,29,0,16,23,1,17.0
201400000965,14,10,1,930,1,1,1,6,4812062,120817,4,2,0,0,2,1,70,0,1,5,1,99,104,63,5,35,64,3,9.0
201400000968,14,12,10,1845,3,2,2,1,4806203,127626,4,0,0,0,1,0,0,0,2,5,1,99,67,48,2,20,45,3,18.0
201400000973,14,6,26,1445,1,1,1,1,4815242,140817,3,2,2,0,1,1,0,0,1,0,1,0,87,65,5,35,47,4,14.0
201400000976,14,11,11,1430,1,1,2,6,4811124,153603,2,3,2,0,0,1,10,0,2,3,1,99,59,18,4,30,25,2,14.0
201400000978,14,5,8,1145,1,1,1,7,4800576,128900,3,2,2,0,4,1,59,59,1,0,1,99,71,50,7,26,38,4,11.0
201400000987,14,4,25,2145,3,1,1,2,4801760,141081,3,2,2,0,2,1,0,60,1,0,1,0,104,69,6,41,57,5,21.0
201400000993,14,12,22,1200,1,1,1,7,4796533,142764,3,2,2,0,1,4,0,58,1,2,0,0,55,41,5,21,29,1,12.0
201400001028,14,7,1,1845,1,3,1,6,4840790,281732,3,2,2,0,1,2,0,35,0,5,1,99,77,48,3,20,54,2,18.0
201400001029,14,7,16,1830,1,1,1,6,4839086,286813,4,2,0,0,2,0,0,0,1,0,1,0,111,64,5,41,65,3,18.0
201400001032,14,7,3,1530,1,1,1,3,4862800,236946,3,2,2,0,1,1,0,80,0,0,1,0,97,68,5,38,54,4,15.0
201400001033,14,7,30,1645,1,1,1,2,4852836,232543,3,2,2,0,1,1,0,70,1,0,1,0,72,46,5,26,41,3,16.0
201400001048,14,1,2,1830,3,1,1,7,4862100,308926,4,2,2,0,1,1,0,69,1,0,3,99,56,32,4,20,32,4,18.0
201400001056,14,7,11,2245,2,1,1,6,4881996,335351,3,2,2,0,1,1,80,0,1,0,1,0,86,61,10,30,46,5,22.0
201400001057,14,8,11,2345,5,1,1,6,4880597,343748,4,2,2,0,1,2,0,112,1,0,1,99,76,40,5,25,46,1,23.0
201400001069,14,2,26,1745,1,1,1,3,4804307,432725,3,0,2,0,1,1,0,0,1,0,1,3,76,47,4,23,49,3,17.0
201400001075,14,11,17,800,2,9,8,6,4808604,432163,9,2,2,0,2,1,0,75,2,0,1,3,64,38,2,25,37,1,8.0
201400001076,14,1,1,645,3,1,3,1,4792510,397435,3,2,0,0,4,3,0,70,2,0,1,3,83,42,7,41,35,3,6.0
201400001079,14,5,25,430,3,1,1,7,4793688,402147,4,2,0,0,1,1,0,0,1,0,1,99,110,44,6,60,44,7,4.0
201400001080,14,8,17,1545,1,1,1,1,4789374,401152,3,2,0,0,1,2,0,70,1,0,1,99,66,50,5,33,28,7,15.0
201400001094,14,6,24,1145,1,3,1,3,4849254,407733,3,2,2,0,1,3,0,70,1,0,1,0,81,66,3,33,45,2,11.0
201400001095,14,9,3,1815,1,1,1,1,4787192,391776,4,2,2,0,1,1,0,78,1,0,1,99,85,60,4,30,51,3,18.0
201400001098,14,3,5,1800,1,1,1,6,4855065,434804,3,2,0,0,1,1,0,69,1,0,1,0,84,55,2,30,52,3,18.0
201400001104,14,6,23,1015,1,1,1,1,4856937,452151,4,2,0,0,0,2,0,50,1,0,1,0,94,53,4,39,51,1,10.0
201400001120,14,11,9,1530,1,1,1,1,4856662,468428,9,2,2,0,0,3,0,60,1,0,1,0,68,32,4,29,35,7,15.0
201400001128,14,2,10,715,3,1,2,6,4834012,364282,3,2,2,0,1,2,0,74,2,0,3,0,74,41,9,18,47,1,7.0
201400001132,14,6,7,1445,1,1,1,7,4821814,363458,3,1,2,0,1,1,0,80,1,0,1,99,101,76,7,46,48,6,14.0
201400001158,14,11,16,2000,3,1,5,1,4852067,371301,3,2,2,0,0,2,0,68,1,0,1,0,80,45,4,33,43,7,20.0
201400001160,14,12,26,1930,3,1,2,1,4860127,375734,3,2,0,0,0,3,0,68,2,0,1,0,56,38,7,21,28,5,19.0
201400001179,14,8,25,1000,1,1,3,6,4862842,399242,3,2,0,0,1,1,0,0,2,2,3,99,80,50,4,27,49,1,10.0
201400001211,14,2,24,1245,1,2,1,3,4756706,243073,3,2,0,0,0,1,0,0,1,0,1,99,54,42,3,18,33,1,12.0
201400001216,14,2,18,1030,1,1,1,3,4769702,251621,3,2,2,0,3,1,0,70,1,0,1,0,57,37,4,30,23,2,10.0
201400001239,14,8,16,1115,1,1,1,6,4758353,307834,9,2,2,0,2,1,0,50,1,0,1,0,75,42,6,35,34,6,11.0
201400001284,14,3,15,1830,1,1,1,6,4787640,301938,4,2,2,0,1,1,0,0,1,0,1,99,67,55,3,20,44,6,18.0
201400001310,14,3,4,745,2,2,1,3,4912440,49126,3,2,2,0,1,1,0,46,2,0,1,0,49,42,3,15,31,2,7.0
201400001320,14,4,1,1800,1,1,1,1,4911910,22681,3,2,2,0,1,2,0,65,1,0,1,99,80,60,3,35,42,2,18.0
201400001336,14,3,11,2100,5,2,1,6,4930320,32016,3,2,2,0,1,1,0,0,1,0,1,0,70,54,7,28,35,2,21.0
201400001363,14,8,21,1300,1,1,1,4,4886300,22421,3,2,2,0,3,1,0,59,1,0,1,99,60,50,4,25,31,4,13.0
201400001381,14,10,22,1500,1,1,1,1,4932610,29241,3,2,2,0,1,1,0,77,1,0,1,0,51,29,2,24,25,3,15.0
201400001384,14,2,28,1900,3,1,3,6,4924260,1565,3,2,2,0,1,1,0,75,2,0,1,0,76,60,10,27,39,5,19.0
201400001385,14,3,1,1145,1,1,1,6,4913580,445,3,2,2,0,1,1,0,78,1,0,1,99,63,54,4,29,30,6,11.0
201400001388,14,6,9,1415,1,1,1,6,4914060,5708,3,2,2,0,1,1,0,57,1,0,3,0,87,57,4,42,41,1,14.0
201400001405,14,1,15,1615,1,1,8,6,4900190,60829,3,2,2,0,2,1,0,0,2,0,3,0,75,51,6,25,44,3,16.0
201400001408,14,7,23,1600,1,1,1,3,4894700,61379,3,2,2,0,1,3,0,51,1,0,1,99,65,57,5,24,36,3,16.0
201400001445,14,9,22,2200,3,1,1,6,4897790,97213,3,2,2,0,0,1,0,40,1,0,1,0,79,54,3,22,54,1,22.0
201400001449,14,7,20,1300,1,1,1,1,4873620,134687,3,2,2,0,2,4,0,0,8,0,1,0,63,23,2,34,27,7,13.0
201400001451,14,9,24,1945,1,3,1,1,4868440,136365,3,2,2,0,1,1,15,63,1,0,1,3,74,34,4,27,43,3,19.0
201400001452,14,10,25,1145,1,1,1,6,4868610,135989,9,0,0,0,0,0,0,0,1,0,0,0,56,45,3,21,32,6,11.0
201400001460,14,7,28,215,3,2,1,3,4874980,152896,3,2,2,0,3,1,0,0,1,5,1,99,81,41,3,30,48,1,2.0
201400001461,14,8,18,1815,1,1,1,6,4876570,133838,3,2,2,0,1,2,0,56,1,0,3,99,77,59,4,24,49,1,18.0
201400001467,14,12,5,130,3,1,8,6,4874060,143730,3,2,3,0,2,1,0,104,1,0,3,0,103,59,12,37,54,5,1.0
201400001475,14,5,20,1230,1,3,8,1,4876590,123701,3,2,2,0,2,2,0,41,1,0,1,0,84,87,2,22,60,2,12.0
201400001479,14,2,20,545,3,2,2,1,4958620,172222,3,3,2,0,3,1,431,40,2,5,1,99,79,55,4,21,54,4,5.0
201400001481,14,3,22,1800,1,1,1,6,4961350,178839,3,2,2,0,2,3,6,34,1,0,1,0,69,45,3,29,37,6,18.0
201400001483,14,7,7,815,1,6,7,3,4960420,166376,3,1,2,0,1,1,0,65,1,0,1,0,91,67,6,27,58,1,8.0
201400001489,14,6,8,1800,1,1,1,1,4946170,162809,4,2,2,0,2,0,0,30,0,0,0,0,90,71,5,36,49,7,18.0
201400001491,14,7,31,1230,1,1,1,1,4937450,173349,3,2,2,0,1,1,0,0,1,0,1,0,98,47,3,43,52,4,12.0
201400001526,14,12,2,1245,1,3,2,2,4889530,138222,3,2,2,0,1,1,0,54,2,0,1,99,62,39,8,23,31,2,12.0
201400001543,14,12,16,1400,1,1,1,3,4928990,154547,4,2,2,0,1,1,0,55,1,5,1,0,67,58,5,21,41,2,14.0
201400001545,14,4,26,1545,1,1,1,1,4862770,78809,4,2,2,0,0,1,0,36,1,0,1,0,99,65,6,34,59,6,15.0
201400001546,14,5,15,1215,1,1,1,1,4870100,92870,3,2,2,0,2,3,0,62,1,0,1,99,83,49,8,43,32,4,12.0
201400001554,14,1,26,1325,1,2,1,3,4620350,524284,3,2,2,0,1,1,0,70,1,0,1,99,66,36,2,35,29,7,13.0
201400001565,14,4,22,1630,1,2,1,3,4616490,522083,3,2,2,0,1,1,0,0,1,0,0,0,64,43,3,22,39,2,16.0
201400001570,14,5,24,2025,1,2,1,4,4619780,523943,3,3,3,0,1,1,0,0,1,5,1,99,80,41,5,33,42,6,20.0
201400001572,14,6,2,1109,1,1,1,3,4619350,521366,3,2,2,0,1,1,10,55,1,0,1,99,73,56,7,23,43,1,11.0
201400001607,14,11,26,635,5,2,2,3,4621020,520410,3,2,2,0,1,1,0,0,2,5,1,99,82,59,3,24,55,3,6.0
201400001618,14,2,13,1415,1,1,2,7,4860827,34407,3,2,2,0,4,2,0,72,2,0,3,99,53,33,4,20,29,4,14.0
201400001640,14,5,1,1500,1,2,2,3,4893644,19873,3,2,0,0,3,3,0,0,2,5,1,0,49,28,0,13,36,4,15.0
201400001643,14,9,15,1800,1,1,1,6,4872863,40768,3,2,2,0,0,1,0,0,1,0,3,0,79,56,5,31,43,1,18.0
201400001648,14,7,24,1200,1,1,1,6,4849149,62463,3,2,2,0,1,1,0,71,1,0,4,99,83,51,2,34,47,4,12.0
201400001652,14,5,18,1645,1,1,1,6,4855517,41841,3,2,2,0,1,2,0,0,1,0,4,99,91,47,5,36,50,7,16.0
201400001677,14,9,23,1700,1,3,1,5,4876001,66961,3,2,2,0,0,1,0,81,1,0,1,99,68,60,3,30,35,2,17.0
201400001682,14,8,8,1830,1,1,2,1,4843475,88171,3,2,2,0,0,3,0,0,2,0,1,3,83,43,5,36,42,5,18.0
201400001881,14,3,27,1730,1,1,1,5,4737082,55876,3,2,2,0,3,1,0,76,2,0,1,99,67,40,3,20,44,4,17.0
201400001911,14,10,29,1500,2,1,1,1,4717796,96163,4,2,2,0,0,1,0,52,1,0,1,99,72,48,5,21,46,3,15.0
201400001915,14,5,12,1515,1,1,1,1,4710014,81636,3,2,2,0,1,1,0,0,1,0,1,99,61,41,2,18,41,1,15.0
201400001936,14,3,3,1245,1,1,4,1,4728368,102527,3,2,2,0,0,2,0,90,2,0,1,99,70,43,3,27,40,1,12.0
201400001954,14,11,24,1155,1,1,1,7,4735681,100598,4,2,2,0,2,3,0,0,2,0,3,99,62,46,3,19,40,1,11.0
201400001960,14,1,21,1715,1,1,1,5,4753727,9828,3,2,0,0,1,1,0,66,0,0,1,0,70,55,3,21,46,2,17.0
201400001988,14,3,7,545,3,3,1,3,4749644,77428,3,2,2,0,1,1,0,70,1,5,1,99,83,58,3,40,40,5,5.0
201400002026,14,12,18,1100,1,2,1,1,4812121,46171,3,2,2,0,1,1,0,60,1,5,1,99,91,69,5,40,46,4,11.0
201400002065,14,2,25,1915,3,1,1,7,4842190,52936,3,2,2,0,1,1,0,60,1,0,3,0,73,34,7,27,39,2,19.0
201400002263,14,12,31,1500,1,1,1,2,4670662,144639,3,0,2,0,1,1,0,0,1,0,1,99,40,24,1,19,20,3,15.0
201400002273,14,7,15,1945,1,1,1,6,4670337,166024,3,2,2,0,1,1,70,0,1,0,3,0,119,70,1,51,67,2,19.0
201400002311,14,7,21,600,2,1,1,7,4678976,76425,3,2,2,0,1,1,0,0,1,0,1,99,83,61,3,29,51,1,6.0
201400002382,14,12,1,510,3,1,1,7,4689196,203633,4,2,2,0,1,1,0,40,1,0,3,99,71,38,11,15,45,1,5.0
201400002697,14,4,14,1215,1,1,1,7,4462100,104499,3,2,2,0,1,3,0,83,1,0,3,99,93,81,4,28,61,1,12.0
201400002715,14,7,22,30,3,1,1,6,4414241,28849,3,0,3,0,1,1,0,68,1,0,3,99,83,47,10,29,44,2,0.0
201400002925,14,8,4,1000,1,6,2,1,4358200,27800,3,2,2,0,0,3,0,0,2,0,1,99,49,41,3,15,31,1,10.0
201400002928,14,1,28,1345,1,1,1,1,4349500,142200,3,0,0,0,0,0,0,0,0,0,0,0,86,58,7,36,43,2,13.0
201400003248,14,1,27,930,1,1,1,6,4577418,114612,4,2,0,0,1,1,60,0,2,0,1,0,65,51,4,18,43,1,9.0
201400003249,14,4,7,1845,1,1,1,7,4572049,110878,4,2,1,0,1,1,0,0,1,0,1,99,67,51,5,26,36,1,18.0
201400003282,14,1,30,500,4,1,2,1,4587865,85462,3,2,2,0,2,1,0,0,2,0,1,0,84,42,7,26,51,4,5.0
201300000001,13,2,19,1715,1,1,1,3,5051199,290046,3,2,2,0,1,1,0,61,1,0,1,99,80,39,9,38,33,2,17.0
201300000002,13,3,22,1815,1,1,1,6,5057012,285665,3,3,4,0,1,1,12,55,1,0,1,99,89,55,2,31,56,5,18.0
201300000003,13,4,1,1600,1,1,1,1,5057551,290108,3,2,2,0,1,4,0,64,1,0,1,99,52,38,3,25,24,1,16.0
201300000004,13,4,19,1330,1,1,1,7,5055123,285591,3,2,0,0,1,4,36,65,1,0,1,99,91,52,3,30,58,5,13.0
201300000005,13,4,27,2015,1,1,1,6,5058871,289037,4,2,2,0,1,1,0,60,1,0,1,99,63,31,3,31,29,6,20.0
201300000006,13,5,25,1645,1,1,1,3,5057455,289941,3,2,2,0,0,4,0,64,1,0,1,0,96,58,7,40,49,6,16.0
201300000007,13,6,17,830,1,6,1,7,5058432,290833,2,3,0,0,0,2,30,80,1,0,1,0,99,54,6,43,50,1,8.0
201300000008,13,7,3,130,4,1,3,6,5060445,285308,3,2,0,0,1,1,49,0,2,0,3,99,90,49,8,24,58,3,1.0
201300000009,13,8,15,1930,1,1,1,2,5056300,283800,2,1,2,0,0,1,5,80,1,0,1,0,74,56,9,25,40,4,19.0
201300000010,13,9,4,115,3,6,1,6,5054131,281936,3,2,0,0,1,0,85,99,1,5,1,99,104,63,6,33,65,3,1.0
201300000012,13,4,11,815,1,1,2,6,5047119,314086,3,2,2,1,1,3,60,60,2,0,3,0,79,50,6,37,36,4,8.0
201300000013,13,6,5,1545,1,1,1,3,5054012,307284,3,2,2,1,1,1,0,72,1,0,1,0,86,59,4,31,51,3,15.0
201300000014,13,6,7,1815,1,1,1,3,5052635,310415,3,4,1,0,1,1,0,40,1,0,1,0,117,78,5,42,70,5,18.0
201300000015,13,3,4,900,1,1,1,7,5047170,306917,4,2,2,0,1,1,0,57,7,0,1,3,62,42,1,19,42,1,9.0
201300000019,13,7,21,715,1,1,1,6,5045080,303743,3,2,1,0,1,2,54,130,1,0,4,0,93,78,4,52,37,7,7.0
201300000020,13,7,25,1915,1,9,1,5,5045754,303307,3,2,0,0,1,1,0,60,1,0,1,99,120,83,5,39,76,4,19.0
201300000021,13,8,3,1000,1,1,1,7,5046030,302200,3,2,2,0,1,2,58,0,1,0,4,99,77,69,8,38,31,6,10.0
201300000022,13,9,5,1745,1,1,1,7,5045796,302752,4,1,1,3,0,2,0,100,1,0,4,3,97,77,10,44,43,4,17.0
201300000023,13,12,5,700,2,1,9,7,5047946,307460,3,2,2,0,1,1,66,0,7,0,3,0,97,61,6,34,57,4,7.0
201300000024,13,5,8,1215,1,2,1,3,5089681,223755,3,2,2,0,0,1,50,155,1,5,1,0,82,55,0,43,39,3,12.0
201300000025,13,5,3,1315,1,1,1,7,5089935,248959,3,2,2,0,1,1,0,54,1,0,3,0,94,56,7,36,51,5,13.0
201300000026,13,7,15,1645,1,1,7,6,5088696,243254,3,2,2,0,0,2,0,0,1,0,1,0,98,62,12,42,44,1,16.0
201300000027,13,9,1,1100,1,1,1,1,5084681,233245,3,2,2,0,3,1,62,0,1,0,1,0,74,37,3,40,31,7,11.0
201300000028,13,1,3,1930,3,1,2,4,5070614,252580,3,2,0,2,3,1,0,65,2,0,1,99,73,63,3,27,43,4,19.0
201300000029,13,1,16,1830,5,1,4,6,5072975,247554,3,2,2,0,1,1,0,60,2,0,1,0,75,58,1,30,44,3,18.0
201300000030,13,3,20,1730,1,1,1,6,5070596,252565,3,2,1,2,2,1,0,60,1,0,5,0,72,50,4,16,52,3,17.0
201300000031,13,3,27,2045,3,1,1,2,5066329,252534,3,2,2,0,0,1,0,70,1,0,1,99,45,39,2,15,28,3,20.0
201300000032,13,4,14,915,1,1,1,6,5074097,261988,3,2,2,0,1,1,0,70,1,0,3,99,120,72,9,57,54,7,9.0
201300000033,13,5,14,1415,1,1,1,6,5073069,236252,3,2,0,0,1,2,0,85,1,0,1,0,77,41,8,23,46,2,14.0
201300000034,13,5,18,1630,1,1,1,6,5069768,246349,3,2,2,0,0,1,0,51,1,0,3,0,107,67,4,50,53,6,16.0
201300000035,13,6,4,1015,1,1,1,6,5071759,237675,3,2,2,0,1,1,0,70,1,0,3,99,98,60,5,35,58,2,10.0
201300000036,13,6,16,200,3,1,1,7,5068474,237396,3,2,0,0,0,1,0,77,1,0,1,0,100,63,7,46,47,7,2.0
201300000037,13,6,30,1915,1,1,1,5,5075451,263612,3,2,2,0,1,1,0,60,1,0,1,0,104,56,10,46,48,7,19.0
201300000038,13,8,13,1730,1,1,1,1,5070210,242089,4,2,2,0,1,4,0,32,1,0,1,0,83,63,6,39,38,2,17.0
201300000039,13,10,25,730,2,1,2,2,5074426,252601,3,2,0,0,1,1,27,55,6,0,1,99,97,67,9,40,48,5,7.0
201300000041,13,2,13,730,2,1,1,3,5069908,276821,3,2,2,0,1,1,0,60,1,0,1,99,62,43,4,18,40,3,7.0
201300000042,13,2,15,1730,2,1,1,3,5063785,271914,3,2,0,0,1,1,0,0,1,0,1,99,97,53,5,28,64,5,17.0
201300000043,13,7,7,1100,1,1,1,7,5067441,275230,3,2,2,0,1,1,0,40,1,0,3,99,121,81,9,56,56,7,11.0
201300000044,13,7,30,1900,1,1,2,5,5062061,274462,3,2,0,0,1,1,0,60,2,0,1,3,58,35,2,23,33,2,19.0
201300000045,13,8,25,1615,1,3,7,3,5064343,272985,3,2,2,0,1,1,0,0,1,0,0,99,68,31,9,27,32,7,16.0
201300000046,13,10,24,1915,3,1,2,3,5069292,275595,3,2,2,0,4,3,0,35,2,0,1,99,77,54,1,26,50,4,19.0
201300000047,13,11,9,1100,1,1,1,1,5069183,267081,4,2,2,0,1,3,0,38,2,0,1,99,106,59,7,42,57,6,11.0
201300000048,13,6,11,1700,1,1,1,7,5067544,265633,3,2,2,0,1,1,0,60,1,0,1,99,75,55,5,33,37,2,17.0
201300000049,13,9,2,1800,1,1,1,1,5064278,267879,3,2,2,0,1,4,0,65,1,0,1,99,73,61,5,33,35,1,18.0
201300000050,13,10,4,800,1,1,1,1,5063939,263502,4,1,0,2,0,2,0,60,1,0,4,99,94,58,4,40,50,5,8.0
201300000051,13,11,4,1845,5,1,1,6,5064288,263754,4,2,2,0,1,1,0,100,1,0,1,3,79,51,6,24,49,1,18.0
201300000052,13,1,12,1045,1,1,1,6,5077807,245827,3,2,2,0,0,1,0,61,2,0,1,99,86,49,9,33,44,6,10.0
201300000053,13,1,24,445,3,1,9,6,5081350,266609,3,2,1,0,1,2,0,76,7,0,3,0,70,59,1,29,40,4,4.0
201300000054,13,3,10,1700,2,1,2,6,5080074,247242,3,2,2,0,2,4,0,60,2,0,1,0,70,33,2,35,33,7,17.0
201300000055,13,3,11,1700,1,6,4,6,5077412,256235,3,0,0,0,1,2,0,0,7,0,1,99,76,47,3,29,44,1,17.0
201300000056,13,5,12,1600,1,1,1,7,5079363,248167,4,2,2,0,2,1,0,58,1,0,1,0,55,45,1,28,26,7,16.0
201300000057,13,6,6,1030,1,1,1,7,5080071,247129,3,2,2,0,2,4,60,10,1,0,3,99,81,67,2,38,41,4,10.0
201300000058,13,6,9,2330,3,1,1,6,5077624,257814,3,2,0,0,1,4,50,20,1,0,1,99,103,48,7,35,61,7,23.0
201300000059,13,6,29,1400,1,1,1,7,5080470,240803,4,2,1,0,2,2,30,0,0,0,3,99,106,64,4,39,63,6,14.0
201300000061,13,8,4,845,1,6,1,7,5081154,261393,3,2,0,1,1,3,0,75,1,5,3,99,78,43,13,38,27,7,8.0
201300000062,13,8,21,1000,1,1,1,3,5078438,256454,3,2,2,0,1,1,0,60,1,0,1,0,88,57,3,59,26,3,10.0
201300000064,13,9,27,1900,1,1,1,1,5080217,247908,3,2,2,0,1,1,0,59,1,0,1,99,89,65,2,36,51,5,19.0
201300000065,13,1,8,2100,5,1,1,6,5063285,325205,4,0,0,0,1,1,0,0,1,0,1,0,79,66,4,30,45,2,21.0
201300000066,13,3,15,1415,1,1,8,1,5059635,323009,3,2,2,1,0,1,0,102,2,0,1,99,83,52,4,36,43,5,14.0
201300000067,13,4,12,1545,1,1,1,1,5062940,323795,3,0,2,0,2,1,0,102,1,0,1,99,93,80,4,37,52,5,15.0
201300000068,13,6,12,1815,1,1,1,1,5060966,318216,3,2,0,1,0,1,0,60,0,3,1,99,83,55,5,34,44,3,18.0
201300000070,13,4,28,1730,1,1,1,6,5056147,322013,4,0,0,1,2,3,0,50,1,0,1,99,57,30,2,26,29,7,17.0
201300000071,13,5,31,1345,1,1,1,1,5058999,315599,3,2,2,0,1,1,0,94,1,0,1,99,77,50,5,26,46,5,13.0
201300000072,13,8,9,1745,1,1,7,7,5053692,322138,4,2,2,0,1,3,0,42,1,0,1,99,88,56,8,45,35,5,17.0
201300000073,13,8,29,1845,1,1,1,1,5054257,320943,3,2,0,0,1,3,0,60,1,1,1,0,67,52,7,31,29,4,18.0
201300000075,13,5,16,815,1,1,2,3,5067859,301107,3,2,2,0,1,1,0,70,2,0,1,99,67,44,7,23,37,4,8.0
201300000076,13,6,26,1615,5,1,1,6,5066472,300977,3,2,2,1,1,4,0,60,1,0,3,99,98,71,3,38,57,3,16.0
201300000078,13,12,25,1300,1,1,1,3,5073500,295000,3,2,0,1,1,1,33,85,1,5,1,0,38,22,2,14,22,3,13.0
201300000080,13,3,29,1145,1,1,1,3,5026055,336319,3,2,2,0,1,1,0,60,1,0,1,99,78,60,5,28,45,5,11.0
201300000081,13,12,14,1745,5,1,8,1,5028584,331475,3,2,2,0,2,1,0,60,2,5,1,0,95,65,5,35,55,6,17.0
201300000083,13,3,16,2345,3,2,2,3,5018121,391836,3,0,0,0,0,0,0,0,0,0,0,0,71,54,6,31,34,6,23.0
201300000084,13,4,22,1000,1,1,7,1,5018196,395219,2,0,2,0,4,1,0,60,1,0,1,0,51,27,2,18,31,1,10.0
201300000085,13,5,7,1100,1,1,1,1,5012651,393201,5,0,0,0,1,1,0,0,1,0,0,99,88,45,4,29,55,2,11.0
201300000086,13,7,28,1945,1,1,1,6,5008057,388814,3,2,2,0,0,1,0,50,1,0,0,0,87,30,3,40,44,7,19.0
201300000087,13,12,18,1645,2,1,1,1,5016386,401899,3,2,0,0,0,1,0,86,1,0,1,99,84,66,6,32,46,3,16.0
201300000088,13,1,30,2200,5,1,1,6,5001515,401228,3,0,0,1,1,1,0,0,1,0,1,99,91,65,2,39,50,3,22.0
201300000090,13,6,3,1015,1,1,1,6,5002719,401457,4,2,2,0,1,3,0,47,1,0,3,99,72,43,3,30,39,1,10.0
201300000091,13,6,10,1700,1,1,1,3,5002881,402826,3,2,2,0,1,1,0,0,1,0,1,99,81,53,5,27,49,1,17.0
201300000093,13,9,22,1845,1,1,1,3,5001681,406773,4,2,2,0,1,1,0,65,1,0,1,99,98,59,4,63,31,7,18.0
201300000094,13,9,24,1830,1,1,1,2,5001783,402647,4,2,2,0,1,1,0,60,1,0,1,99,94,66,1,43,50,2,18.0
201300000095,13,11,2,345,5,1,2,6,5001427,404379,3,2,2,0,1,2,0,53,2,0,1,0,65,43,3,31,31,6,3.0
201300000096,13,8,11,330,3,1,1,6,5011771,364900,3,2,2,0,1,2,0,66,1,0,0,0,71,41,3,33,35,7,3.0
201300000097,13,8,16,1700,1,1,1,2,5012677,368774,3,2,0,0,1,1,0,66,1,2,1,0,81,49,3,35,43,5,17.0
201300000100,13,8,22,1700,1,1,1,2,5024071,371279,3,2,2,0,1,1,0,0,1,0,1,0,94,59,6,36,52,4,17.0
201300000101,13,9,6,1530,1,1,1,3,5012356,369209,3,2,2,0,1,1,0,80,1,0,1,99,95,63,8,39,48,5,15.0
201300000102,13,9,7,2000,3,1,1,6,5008693,380811,3,2,2,0,0,1,0,55,1,0,3,0,95,54,11,42,42,6,20.0
201300000104,13,10,26,530,5,1,2,6,5005856,410583,3,2,0,0,1,3,0,0,2,0,4,99,99,68,6,50,43,6,5.0
201300000105,13,11,23,1530,1,1,1,3,5009269,399106,3,2,0,1,0,1,0,70,1,0,5,0,74,48,2,30,42,6,15.0
201300000106,13,12,3,1515,1,1,1,6,5005759,410572,4,1,1,0,2,3,0,55,1,0,1,3,79,69,4,34,41,2,15.0
201300000108,13,4,13,1300,1,1,1,6,5023707,331843,4,2,0,0,0,0,0,40,1,0,1,99,80,51,8,25,47,6,13.0
201300000111,13,1,27,400,3,1,9,7,5008697,359701,3,2,0,0,1,1,37,75,2,0,3,99,71,36,5,29,37,7,4.0
201300000112,13,2,9,515,5,1,5,6,5010269,354420,3,2,2,0,1,1,24,66,7,0,1,99,82,35,7,38,37,6,5.0
201300000113,13,2,12,1500,1,1,1,6,5011192,359437,3,2,2,0,1,1,0,70,0,0,1,0,73,47,3,32,38,2,15.0
201300000116,13,11,1,45,5,1,1,6,5008512,348444,3,2,2,0,1,1,0,70,1,0,1,99,73,36,10,30,33,5,0.0
201300000117,13,1,10,1200,1,1,1,6,5012010,340660,4,2,2,0,1,1,0,0,1,0,1,3,116,91,3,31,82,4,12.0
201300000118,13,2,1,1745,5,1,2,1,5011034,340249,3,2,0,0,2,1,0,0,2,0,1,99,122,87,4,48,70,5,17.0
201300000119,13,2,26,1630,1,1,1,3,5012159,340461,4,2,2,0,1,1,0,59,1,0,1,0,50,35,3,15,32,2,16.0