Num_Acc,an,mois,jour,hrmn,lum,int,atm,col,lat,long,catr,circ,nbv,vosp,prof,plan,lartpc,larrout,surf,infra,situ,env1,sum,unscathed,killed,hospital,light,week,time
201300000120,13,5,4,1130,1,1,1,1,5016939,346007,3,2,2,0,2,2,0,75,1,0,1,99,78,49,4,31,43,6,11.0
201300000121,13,6,28,1115,1,1,1,6,5012625,340720,4,2,2,0,2,1,75,75,1,0,1,3,94,67,7,46,41,5,11.0
201300000122,13,8,7,10,5,1,1,1,5011910,341120,3,1,1,0,2,1,0,70,1,0,1,0,79,41,3,34,42,3,0.0
201300000124,13,9,17,1215,1,1,1,1,5016905,345835,3,2,0,0,1,1,0,64,1,0,1,99,69,60,3,28,38,2,12.0
201300000126,13,9,28,2015,3,1,1,6,5012363,340868,4,1,1,0,2,1,0,95,1,0,1,99,96,53,9,48,39,6,20.0
201300000127,13,11,25,700,3,1,1,6,5013819,341883,3,2,0,0,1,1,0,0,1,0,1,0,72,41,2,30,40,1,7.0
201300000129,13,12,7,1030,1,1,1,3,5012613,342100,4,2,0,0,1,1,0,65,1,0,1,3,92,55,4,43,45,6,10.0
201300000130,13,12,19,730,5,1,8,6,5011697,341858,4,3,4,0,1,1,19,70,2,0,1,99,92,68,6,35,51,4,7.0
201300000132,13,12,24,1215,1,1,2,6,5013225,340248,3,2,2,0,1,1,0,60,2,6,1,0,61,32,3,30,28,2,12.0
201300000133,13,1,2,1100,1,1,1,6,5003383,346948,3,2,2,0,2,1,0,58,1,0,1,3,69,86,4,25,40,3,11.0
201300000134,13,2,4,2230,5,1,1,6,5003298,330268,3,2,2,0,0,1,0,50,2,0,1,0,89,50,9,28,52,1,22.0
201300000135,13,10,19,245,3,1,1,6,5006280,344001,3,2,0,0,2,2,0,50,1,0,1,99,84,51,7,28,49,6,2.0
201300000138,13,6,18,1345,1,1,1,3,5007399,318009,3,0,2,0,1,1,0,76,1,0,1,99,108,63,6,46,56,2,13.0
201300000140,13,12,10,1615,1,1,7,3,5010035,315972,3,2,2,0,0,1,0,61,1,0,1,99,99,53,6,38,55,2,16.0
201300000141,13,3,21,445,3,1,1,7,5023214,350474,3,2,0,0,1,1,0,0,1,0,3,99,87,71,9,28,50,4,4.0
201300000143,13,4,10,1630,1,1,1,6,5024185,351308,4,0,2,0,1,2,0,29,1,2,3,0,55,41,3,18,34,3,16.0
201300000144,13,5,24,1645,1,1,2,5,5016595,349451,3,2,2,0,2,2,0,64,2,0,1,99,86,64,9,25,52,5,16.0
201300000145,13,5,26,1830,1,9,1,7,5022075,347321,4,2,2,0,1,0,0,52,1,0,1,99,98,59,13,42,43,7,18.0
201300000146,13,7,19,1930,1,1,7,3,5016655,349444,3,2,0,0,0,2,0,65,1,0,1,99,84,70,3,38,43,5,19.0
201300000148,13,2,3,930,1,1,1,6,5032157,307159,3,2,0,0,3,1,0,68,1,2,3,99,60,35,3,25,32,7,9.0
201300000149,13,2,5,515,3,1,3,1,5026899,316101,3,2,0,0,1,1,85,0,2,0,1,0,80,53,2,33,45,2,5.0
201300000150,13,3,9,1845,5,9,2,1,5033568,309021,3,2,4,0,3,1,0,100,1,0,1,99,106,74,3,41,62,6,18.0
201300000151,13,4,7,915,1,1,1,6,5028332,312621,3,2,2,0,2,1,0,45,1,0,1,99,94,30,5,44,45,7,9.0
201300000153,13,11,21,30,3,1,5,6,5033537,310124,3,2,2,0,1,1,0,107,7,0,3,0,92,75,6,25,61,4,0.0
201300000154,13,1,5,1745,3,1,8,6,5046464,321740,3,2,2,0,1,1,0,40,9,0,1,99,60,32,7,28,25,6,17.0
201300000155,13,2,22,1945,5,1,1,1,5047999,324712,3,2,0,0,1,2,0,75,1,0,1,0,73,61,6,30,37,5,19.0
201300000156,13,7,9,2145,2,1,1,6,5050395,329071,4,2,1,0,1,2,0,42,1,0,3,0,108,58,10,39,59,2,21.0
201300000157,13,10,27,145,3,1,1,6,5050762,327069,3,2,2,0,2,1,0,64,1,0,1,0,63,32,5,27,31,7,1.0
201300000159,13,3,3,1215,1,1,1,6,5033192,394483,4,2,0,0,1,3,0,35,1,0,1,99,77,46,8,37,32,7,12.0
201300000160,13,7,20,130,3,1,1,7,5034015,400991,4,0,2,0,1,1,0,60,1,0,1,0,117,51,2,38,77,6,1.0
201300000161,13,7,24,2030,1,1,1,3,5031662,386561,3,2,2,0,1,2,0,50,1,0,1,0,93,73,9,42,42,3,20.0
201300000162,13,10,12,30,5,1,1,6,5032718,404721,3,2,2,0,2,1,0,50,1,0,1,0,64,42,6,33,25,6,0.0
201300000163,13,11,17,2345,5,1,1,6,5030861,398808,4,2,2,0,1,1,0,45,1,0,4,0,39,25,5,19,15,7,23.0
201300000164,13,12,17,1315,1,1,1,6,5029795,379572,3,1,1,0,1,1,0,0,1,0,1,0,72,57,4,34,34,2,13.0
201300000165,13,12,21,2215,3,1,1,7,5031711,405307,3,2,2,0,1,2,0,52,2,0,0,99,76,51,5,33,38,6,22.0
201300000168,13,8,27,30,3,1,1,6,5029398,366010,4,2,2,0,0,0,0,40,1,0,1,0,68,42,3,24,41,2,0.0
201300000170,13,4,16,1445,1,1,1,1,5021263,394912,3,2,2,0,1,1,0,75,1,0,1,99,65,53,4,25,36,2,14.0
201300000171,13,12,20,2030,3,1,1,5,5022536,394780,2,2,2,0,0,3,0,78,1,0,1,0,112,87,10,40,62,5,20.0
201300000182,13,2,6,1215,1,1,1,6,5032200,269300,3,2,2,0,4,2,0,68,1,0,4,0,100,84,7,30,63,3,12.0
201300000192,13,9,26,1830,1,1,1,1,5037500,271900,4,2,2,0,4,1,0,0,1,0,1,99,59,45,6,27,26,4,18.0
201300000193,13,9,29,1700,1,2,1,3,5037200,272500,4,2,2,0,4,1,0,57,1,0,1,99,99,60,9,43,47,7,17.0
201300000198,13,6,22,15,3,9,1,1,5015026,308157,2,2,2,0,1,1,0,30,1,0,1,99,98,67,9,47,42,6,0.0
201300000199,13,7,1,1645,1,1,1,1,5016900,282400,3,2,1,0,2,3,40,80,1,0,1,99,74,59,4,32,38,1,16.0
201300000203,13,9,3,2345,3,1,1,7,5019300,297200,3,3,0,0,1,2,0,65,1,0,1,3,115,72,11,31,73,2,23.0
201300000205,13,11,8,2100,5,2,2,6,5020081,287335,3,2,2,0,2,1,0,60,2,0,1,0,115,94,7,43,65,5,21.0
201300000228,13,8,12,930,1,1,1,6,5077370,178425,3,2,0,0,1,2,0,70,1,0,3,0,66,55,2,31,33,1,9.0
201300000230,13,10,29,1345,1,2,1,3,5079684,176477,3,2,0,0,1,1,12,52,1,0,1,99,70,52,4,31,35,2,13.0
201300000237,13,6,23,730,2,1,2,7,5043700,256100,3,2,2,0,1,3,0,68,2,0,4,99,74,55,7,41,26,7,7.0
201300000240,13,5,29,1945,2,1,3,3,5043900,171400,3,2,2,0,1,1,10,135,2,0,1,99,75,51,3,37,35,3,19.0
201300000245,13,4,15,1100,1,1,1,1,5058122,160363,3,2,2,1,1,1,0,76,1,0,3,0,90,69,6,30,54,1,11.0
201300000251,13,2,20,1715,1,1,1,1,5039268,204081,3,0,2,0,3,3,0,70,1,0,1,0,78,54,4,33,41,3,17.0
201300000254,13,6,21,1630,1,2,1,3,5042700,201399,3,2,2,0,2,1,0,75,1,0,1,0,85,64,5,35,45,5,16.0
201300000258,13,9,30,745,1,1,1,6,5042005,188809,3,2,0,0,0,2,0,0,1,0,4,99,78,64,10,23,45,1,7.0
201300000260,13,11,15,1800,5,1,1,6,5037700,203900,4,1,1,0,1,1,0,65,1,0,1,0,85,68,4,37,44,5,18.0
201300000262,13,7,11,1845,1,1,1,6,5064200,239000,9,2,2,0,0,1,0,70,1,0,1,0,99,67,12,44,43,4,18.0
201300000263,13,7,12,1130,1,1,1,1,5062800,239300,3,2,0,0,1,1,79,79,1,0,1,99,114,88,2,52,60,5,11.0
201300000268,13,3,12,1815,1,1,4,6,5058268,207208,3,2,2,0,0,1,0,79,5,0,1,0,62,40,2,16,44,2,18.0
201300000282,13,7,22,1330,1,3,7,3,5067555,219714,3,2,0,0,0,1,0,60,9,0,0,0,83,65,8,36,39,1,13.0
201300000289,13,2,14,1515,1,1,1,6,5037900,233400,3,2,2,0,2,1,0,60,1,0,1,99,75,36,5,25,45,4,15.0
201300000290,13,3,7,2145,3,1,1,6,5036900,243200,3,3,4,0,1,1,25,152,1,0,1,99,85,52,6,22,57,4,21.0
201300000291,13,4,18,1745,1,1,1,6,5040500,218000,3,0,2,0,1,1,0,30,1,0,1,99,62,54,2,33,27,4,17.0
201300000292,13,5,6,730,1,1,1,2,5037100,236400,3,3,0,0,2,1,25,260,1,0,1,0,68,49,3,27,38,1,7.0
201300000301,13,1,29,1530,1,1,2,4,5033300,265000,3,2,2,0,0,1,0,50,2,0,1,0,82,59,3,32,47,2,15.0
201300000303,13,5,30,645,2,1,2,6,5025300,246700,3,2,2,0,1,3,0,68,2,0,3,99,99,57,2,41,56,4,6.0
201300000307,13,8,26,945,1,1,1,6,5019900,251300,2,2,2,0,1,1,0,82,1,0,3,0,62,45,4,24,34,1,9.0
201300000308,13,9,23,1615,1,1,1,3,5033600,264300,3,2,2,0,2,1,0,0,1,0,1,99,61,46,5,23,33,1,16.0
201300000309,13,10,13,2115,3,1,2,1,5035847,246616,3,2,2,0,1,1,0,80,2,0,1,0,67,40,10,26,31,7,21.0
201300000311,13,10,30,1130,1,1,1,1,5035764,247026,3,2,2,0,1,1,0,73,1,0,1,99,85,51,11,36,38,3,11.0
201300000313,13,10,20,1730,1,1,2,3,5029100,256300,3,2,0,0,1,1,0,58,1,0,1,0,108,85,6,42,60,7,17.0
201300000360,13,6,14,2030,1,3,1,1,4963292,384445,3,2,2,0,1,1,68,68,1,0,1,99,105,70,7,46,52,5,20.0
201300000373,13,2,17,1630,1,1,1,6,4972324,323337,3,2,2,0,0,3,0,70,1,0,4,99,50,30,3,19,28,7,16.0
201300000375,13,6,1,1,5,1,1,7,4982271,324531,4,2,2,0,1,1,0,0,1,0,4,99,79,50,6,41,32,6,0.0
201300000384,13,4,26,1000,1,1,1,7,4924400,342200,3,2,2,0,1,1,0,54,1,0,1,99,65,42,2,19,44,5,10.0
201300000386,13,1,28,800,2,1,9,1,4938543,342683,4,2,2,0,2,2,0,65,7,0,1,0,102,90,4,31,67,1,8.0
201300000387,13,2,2,1505,1,1,1,6,4940870,352264,3,2,2,0,1,1,0,82,1,0,1,99,94,76,10,27,57,6,15.0
201300000388,13,3,28,1525,1,2,1,3,4938446,344086,3,2,2,0,0,0,0,0,1,5,1,0,78,53,1,24,53,4,15.0
201300000395,13,6,25,1015,1,1,1,1,5000205,395277,3,2,2,0,0,1,0,72,1,0,1,99,83,58,4,35,44,2,10.0
201300000396,13,4,8,1630,1,1,1,6,4992078,408377,4,2,2,0,2,1,0,90,1,0,1,0,90,56,5,28,57,1,16.0
201300000459,13,5,2,2330,3,6,1,6,4938500,253900,2,3,2,0,1,1,0,65,1,5,1,99,66,40,4,18,44,4,23.0
201300000460,13,11,13,845,5,1,1,6,4932300,243200,3,2,2,0,2,1,0,90,2,0,1,99,88,75,7,35,46,3,8.0
201300000469,13,1,6,215,3,1,2,6,4940400,302500,2,2,2,0,1,1,0,120,2,0,1,0,69,38,7,19,43,7,2.0
201300000471,13,1,31,915,1,1,1,3,4947400,289400,3,2,0,0,0,1,0,0,1,0,1,99,84,57,6,24,54,4,9.0
201300000473,13,5,9,1200,1,1,1,3,4951300,293200,3,2,0,0,2,3,0,68,1,2,1,99,51,42,2,19,30,4,12.0
201300000475,13,5,19,115,5,1,2,6,4951000,292900,3,2,2,0,1,3,0,70,2,0,1,99,94,29,7,41,46,7,1.0
201300000478,13,10,5,1500,1,1,1,6,4947600,287200,3,2,2,0,1,1,0,70,9,0,1,99,82,45,7,41,34,6,15.0
201300000479,13,10,16,845,1,2,1,2,4940600,298300,2,2,2,0,1,1,0,70,1,0,1,0,87,60,5,40,42,3,8.0
201300000511,13,7,4,1745,1,1,1,3,4948477,620855,4,2,0,0,0,0,0,35,1,0,1,99,75,52,9,34,32,4,17.0
201300000530,13,11,19,630,4,1,2,1,4917600,221800,3,2,2,0,1,4,0,75,2,0,1,0,82,56,3,36,43,2,6.0
201300000568,13,6,27,2215,2,1,1,3,4946781,95166,3,2,0,0,1,1,64,0,1,0,1,0,71,44,5,38,28,4,22.0
201300000569,13,9,9,815,1,1,1,2,4951817,99915,1,3,4,0,1,1,60,140,1,0,1,99,99,72,3,41,55,1,8.0
201300000571,13,2,16,1630,1,2,1,3,4956143,126409,3,2,2,0,1,1,0,0,1,0,1,0,90,47,9,36,45,6,16.0
201300000572,13,3,31,415,3,1,9,6,4956304,112238,3,2,2,0,2,2,0,0,1,0,3,0,59,29,5,26,28,7,4.0
201300000574,13,7,23,2145,2,1,1,7,4955936,112027,3,2,0,0,1,2,0,0,1,0,1,0,78,57,2,27,49,2,21.0
201300000576,13,9,19,1745,1,2,8,3,4960234,108171,3,2,2,0,2,1,0,100,1,0,1,0,68,55,4,19,45,4,17.0
201300000578,13,12,6,1115,1,1,7,6,4949693,114710,3,2,2,0,1,1,0,60,1,0,1,0,99,72,6,38,55,5,11.0
201300000579,13,12,23,845,1,1,1,5,4958131,104955,3,2,0,0,3,1,0,0,1,0,1,99,49,37,3,11,35,1,8.0
201300000582,13,11,27,1330,1,1,1,6,4982719,120152,3,2,2,0,0,3,40,0,1,0,1,99,74,48,7,27,40,3,13.0
201300000583,13,10,7,1030,1,1,7,6,4989781,125623,3,2,0,0,1,1,0,64,1,0,4,0,95,65,4,27,64,1,10.0
201300000584,13,7,5,1900,1,1,1,6,4990989,94192,3,2,2,0,4,3,0,70,1,0,1,99,103,79,5,43,55,5,19.0
201300000586,13,7,14,545,2,1,5,6,4972046,112831,3,2,2,0,0,1,0,65,0,0,1,99,72,59,1,40,31,7,5.0
201300000587,13,8,8,1530,1,1,1,2,4970663,105011,2,3,0,0,1,1,140,72,1,0,1,0,96,63,8,42,46,4,15.0
201300000588,13,8,18,1215,1,1,1,6,4969212,111048,3,3,2,0,2,0,0,40,1,0,3,99,72,42,7,31,34,7,12.0
201300000589,13,1,25,1615,1,1,1,1,4941415,125909,3,2,0,0,0,1,0,50,1,0,1,0,87,54,3,26,58,5,16.0
201300000590,13,2,23,1800,1,1,8,7,4936593,117668,3,2,2,0,1,2,0,0,1,0,1,99,71,42,3,27,41,6,18.0
201300000591,13,3,6,1300,1,1,1,6,4939730,115422,3,2,2,0,1,1,0,70,1,0,1,3,50,34,4,23,23,3,13.0
201300000594,13,7,8,815,1,1,1,3,4939967,117194,3,2,0,0,1,1,0,90,1,0,1,99,89,62,5,34,50,1,8.0
201300000608,13,4,2,1545,1,1,1,1,4966091,35912,3,2,2,0,1,3,0,90,1,0,1,99,68,41,2,33,33,2,15.0
201300000611,13,6,8,1630,1,1,1,3,4963094,26078,3,2,2,0,0,1,0,66,1,0,1,99,113,65,9,50,54,6,16.0
201300000614,13,10,8,715,5,3,1,6,4964160,26744,3,2,2,0,1,1,0,60,9,0,1,99,85,55,5,33,47,2,7.0
201300000616,13,10,28,1830,3,1,2,6,4962918,26104,3,2,2,0,1,4,0,65,2,0,3,99,53,46,1,18,34,1,18.0
201300000617,13,2,8,715,2,1,8,3,4959839,59476,3,2,2,0,0,1,0,0,2,0,1,0,125,70,6,44,75,5,7.0
201300000621,13,10,14,715,5,1,2,6,4958201,59817,3,0,2,3,1,1,0,80,2,0,1,3,78,53,2,34,42,1,7.0
201300000622,13,10,15,815,2,1,8,1,4959846,41873,3,2,2,0,2,3,0,62,2,0,1,99,96,63,3,37,56,2,8.0
201300000624,13,12,31,415,5,1,2,6,4953026,48948,3,2,2,0,0,1,0,0,2,0,3,99,55,57,2,29,24,2,4.0
201300000628,13,6,20,2345,3,1,2,5,4952802,33755,3,2,3,0,1,1,0,0,2,0,1,0,67,51,2,19,46,4,23.0
201300000630,13,7,29,1315,1,1,1,6,4953158,35305,4,1,1,0,1,1,0,0,1,0,4,0,73,55,1,44,28,1,13.0
201300000631,13,9,8,1115,1,1,1,3,4956093,37468,3,2,2,0,1,1,0,51,1,0,1,99,72,41,7,32,33,7,11.0
201300000633,13,10,21,1715,1,2,1,3,4947530,45861,3,2,2,0,1,2,0,0,1,0,1,99,71,58,5,36,30,1,17.0
201300000634,13,11,3,500,3,1,2,6,4948721,31413,3,3,2,0,1,1,0,0,2,0,1,99,58,32,4,19,35,7,5.0
201300000635,13,12,13,415,3,2,2,6,4952592,33004,3,2,2,0,2,1,0,109,2,0,1,99,96,58,9,37,50,5,4.0
201300000637,13,8,14,1630,1,1,1,1,4978644,150403,3,2,2,0,2,1,0,60,1,0,1,0,100,64,3,53,44,3,16.0
201300000641,13,11,30,700,3,1,9,1,4975163,140545,3,2,2,0,1,1,0,0,2,0,1,0,65,49,1,28,36,6,7.0
201300000644,13,4,3,1900,2,1,1,1,4987516,164312,4,2,2,0,0,2,0,0,1,0,1,0,79,54,7,23,49,3,19.0
201300000651,13,8,5,1915,1,1,1,1,4959320,145016,3,2,2,0,2,2,0,92,1,0,1,99,69,37,6,31,32,1,19.0
201300000656,13,12,16,645,2,1,1,6,4965884,124040,3,2,2,0,4,0,0,0,1,0,1,99,102,67,8,39,55,1,6.0
201300000657,13,12,12,1430,1,1,8,3,4965646,151941,3,2,2,0,1,2,0,70,2,0,1,0,75,56,4,22,49,4,14.0
201300000658,13,6,15,1915,1,1,1,1,4946601,162911,2,2,2,0,1,1,0,76,1,0,1,99,117,75,10,57,50,6,19.0
201300000659,13,10,11,1315,1,1,1,6,4948058,172358,3,2,2,0,1,2,80,80,1,0,1,3,85,61,9,34,42,5,13.0
201300000662,13,2,10,1500,1,1,4,1,4961584,70060,3,2,3,0,1,1,0,96,2,0,1,99,68,31,4,27,37,7,15.0
201300000663,13,3,8,2045,3,2,8,3,4962081,82471,3,2,2,0,1,1,0,96,1,0,1,99,65,68,1,34,30,5,20.0
201300000664,13,5,27,1430,1,3,1,3,4962703,73191,3,2,2,0,1,1,0,53,1,0,1,0,84,76,7,29,48,1,14.0
201300000667,13,3,19,1445,1,1,1,3,4957125,83469,3,2,0,0,1,1,0,64,1,0,1,3,60,46,0,24,36,2,14.0
201300000668,13,3,23,2000,3,1,1,6,4956391,90674,3,2,2,0,1,1,0,50,1,0,1,0,67,44,4,28,35,6,20.0
201300000670,13,5,22,1045,1,1,1,6,4957271,90497,3,2,2,0,1,1,0,100,1,0,1,99,80,60,3,20,57,3,10.0
201300000671,13,7,16,1345,1,3,1,3,4954695,95248,3,2,1,0,2,2,0,100,1,0,1,99,100,77,3,43,54,2,13.0
201300000678,13,1,13,1800,3,4,2,6,4976637,65415,3,2,2,0,1,1,0,50,2,0,1,0,38,13,5,15,18,7,18.0
201300000679,13,1,23,1430,1,1,1,3,4978975,67717,3,2,2,0,1,1,0,59,1,0,1,99,92,61,7,29,56,3,14.0
201300000681,13,8,31,15,3,2,1,1,4981061,78841,3,2,2,0,1,1,0,58,1,0,1,0,92,32,5,39,48,6,0.0
201300000682,13,1,1,1015,1,2,1,3,4977716,48766,3,0,0,0,0,1,0,52,2,0,1,0,77,33,3,26,48,2,10.0
201300000684,13,4,5,1630,1,1,2,1,4971738,36646,3,2,2,0,1,1,0,69,2,0,1,0,70,43,3,25,42,5,16.0
201300000685,13,5,20,1900,2,1,2,6,4971531,42177,3,2,0,0,1,2,0,48,2,0,1,99,69,40,4,21,44,1,19.0
201300000686,13,6,2,1300,1,1,1,1,4972065,54248,3,2,2,0,0,3,0,0,1,0,1,0,59,30,3,25,31,7,13.0
201300000688,13,8,10,1015,1,2,1,3,4971800,34383,3,2,2,0,1,1,0,0,1,0,1,0,107,83,9,56,42,6,10.0
201300000689,13,10,1,1430,1,1,1,1,4972054,44544,3,2,2,0,1,2,0,82,1,0,1,99,70,47,5,30,35,2,14.0
201300000690,13,3,5,1915,2,3,1,5,4964925,85088,3,2,2,0,1,1,0,0,1,5,1,0,81,67,5,43,33,2,19.0
201300000691,13,8,2,1545,1,2,1,3,4965444,95894,3,2,2,0,0,1,0,38,1,0,1,0,96,72,5,41,50,5,15.0
201300000692,13,12,8,2000,3,2,1,6,4962899,90374,3,2,2,0,0,0,0,0,0,0,0,0,59,41,5,34,20,7,20.0
201300000693,13,4,25,1500,1,1,1,7,4858400,100099,3,2,1,0,4,4,0,63,1,2,1,99,94,64,13,27,54,4,15.0
201300000696,13,7,27,1845,1,1,1,7,4857200,56500,4,2,2,0,1,1,0,0,1,0,1,99,102,75,8,43,51,6,18.0
201300000708,13,9,25,1230,1,1,1,3,4898800,126300,3,2,2,0,2,1,0,62,1,0,1,0,78,56,4,39,35,3,12.0
201300000711,13,1,14,2300,3,1,2,7,4853200,104200,3,2,0,0,1,0,0,0,2,0,3,0,82,56,0,35,47,1,23.0
201300000727,13,7,13,615,2,1,1,6,4872200,92300,2,2,2,0,1,2,70,90,1,0,3,0,98,43,12,52,34,6,6.0
201300000728,13,9,10,1145,1,1,1,3,4874900,83300,3,0,2,0,1,1,0,78,1,0,1,99,75,66,2,29,44,2,11.0
201300000730,13,12,28,1115,1,1,1,1,4892400,75000,3,2,0,0,0,3,0,63,1,0,1,0,63,42,4,28,31,6,11.0
201300000736,13,5,1,245,3,1,1,6,4905400,132500,3,2,2,0,1,1,0,70,1,0,3,99,57,38,7,24,26,3,2.0
201300000758,13,5,13,615,1,1,1,7,4907100,32500,3,2,1,0,0,4,0,0,1,0,3,99,96,53,9,34,53,1,6.0
201300000760,13,3,24,600,3,1,1,6,4902400,39100,3,2,2,0,0,1,0,55,1,0,1,0,70,36,4,28,38,7,6.0
201300000762,13,5,17,2030,1,2,2,1,4911500,36500,3,2,2,0,1,1,0,51,2,0,1,0,109,80,3,49,57,5,20.0
201300000766,13,7,26,830,1,1,2,3,4902500,41000,3,2,2,0,1,3,0,51,2,0,1,99,120,65,11,50,59,5,8.0
201300000769,13,5,11,1000,1,1,1,6,4909500,109100,3,2,2,0,2,3,0,58,1,0,1,99,65,25,3,31,31,6,10.0
201300000772,13,3,14,1815,2,1,1,6,4907200,118400,3,2,2,0,1,1,0,65,1,0,1,99,66,62,1,22,43,4,18.0
201300000800,13,4,17,700,1,1,1,3,4918400,53300,3,2,0,0,1,1,0,75,1,0,1,0,99,81,3,44,52,3,7.0
201300000801,13,5,15,730,1,3,1,3,4920500,55400,3,2,2,0,0,1,0,55,9,0,1,99,92,73,4,35,53,3,7.0
201300000804,13,6,13,715,1,1,1,3,4917500,55200,4,2,2,0,1,1,0,50,1,0,1,99,69,43,3,28,38,4,7.0
201300000811,13,3,17,1645,1,1,2,6,4931500,66100,3,2,2,0,2,2,0,53,2,0,1,99,76,34,5,31,40,7,16.0
201300000817,13,10,9,1945,3,6,1,3,4806204,175527,3,2,2,0,1,1,0,0,1,5,1,0,96,62,6,29,61,3,19.0
201300000824,13,12,11,830,2,1,9,6,4823988,154692,3,2,0,0,1,2,0,75,7,0,1,0,88,45,4,37,47,3,8.0
201300000825,13,1,9,1530,1,1,2,3,4822652,217695,3,2,2,0,1,1,0,73,2,0,1,99,101,76,7,34,60,3,15.0
201300000829,13,9,21,1,5,1,1,6,4800600,211000,3,2,0,0,4,4,0,0,1,0,1,0,63,52,3,32,28,6,0.0
201300000839,13,4,20,1430,1,3,1,6,4831125,117900,3,0,0,0,0,0,0,0,0,0,0,0,96,68,8,40,48,6,14.0
201300000849,13,8,23,1730,1,2,1,3,4830203,135744,3,2,2,0,2,1,0,63,1,0,0,0,87,51,4,38,45,5,17.0
201300000850,13,8,30,1315,1,1,1,1,4832035,142812,3,2,2,0,0,1,0,0,1,0,1,99,63,44,4,20,39,5,13.0
201300000851,13,9,20,2045,3,2,1,3,4825622,141190,3,2,2,0,1,1,0,71,1,0,1,99,113,81,5,45,63,5,20.0
201300000856,13,12,2,945,1,1,1,7,4845500,129526,3,2,1,0,1,1,67,0,1,0,1,0,64,48,0,30,34,1,9.0
201300000860,13,7,6,1200,1,2,1,6,4765079,208602,3,0,0,0,0,0,0,0,0,0,1,0,105,65,6,56,43,6,12.0
201300000870,13,9,12,1745,1,4,1,2,4791890,157068,3,2,2,0,1,1,0,60,1,0,1,99,61,43,1,19,41,4,17.0
201300000871,13,11,6,2100,3,1,2,6,4788782,174654,4,2,0,0,1,1,0,0,2,0,3,99,108,66,5,34,69,3,21.0
201300000883,13,10,6,700,3,1,1,6,4783629,188310,3,2,0,0,1,3,0,48,1,0,1,99,73,44,4,26,43,7,7.0
201300000887,13,1,26,815,1,6,1,2,4867837,186029,3,0,0,0,0,0,0,0,0,0,0,0,89,40,4,31,54,6,8.0
201300000889,13,10,17,1415,1,1,1,3,4861994,185137,3,2,0,0,0,0,0,0,1,0,1,0,78,53,2,31,45,4,14.0
201300000891,13,1,17,1815,5,1,1,3,4841600,174500,3,2,0,0,1,1,0,0,1,5,1,99,76,52,1,25,50,4,18.0
201300000894,13,4,6,1845,1,3,1,3,4853695,176586,3,0,0,0,2,1,0,63,1,0,1,3,60,35,4,21,35,6,18.0
201300000913,13,10,10,1200,1,2,1,4,4821858,116964,3,4,0,0,2,1,0,80,1,5,1,0,67,59,7,19,41,4,12.0
201300000923,13,4,30,1215,1,2,1,3,4783175,132844,3,2,2,0,1,1,0,80,1,5,1,99,81,52,2,37,42,2,12.0
201300000927,13,1,4,1200,1,1,1,1,4801298,143747,3,0,2,0,1,1,0,60,1,0,1,0,74,53,6,36,32,5,12.0
201300000936,13,11,20,730,2,1,9,1,4795300,152000,3,3,2,0,1,1,0,0,7,0,1,99,77,64,2,32,43,3,7.0
201300000955,13,12,9,1130,1,1,1,1,4847896,249894,3,2,2,0,1,3,0,97,1,0,1,99,101,67,10,48,43,1,11.0
201300000959,13,4,24,1600,1,9,1,6,4834752,275691,4,0,2,0,1,1,0,52,9,0,1,99,82,71,6,36,40,3,16.0
201300000960,13,5,10,1615,1,1,1,3,4834959,272552,3,2,2,0,2,1,0,62,1,0,1,0,76,44,6,27,43,5,16.0
201300000964,13,3,25,1745,1,2,1,1,4821206,277692,4,2,2,0,1,1,0,55,1,0,1,99,44,32,1,20,23,1,17.0
201300000966,13,9,15,1715,1,2,1,3,4827901,283115,3,2,2,0,1,1,0,60,1,5,1,99,81,41,2,39,40,7,17.0
201300000969,13,11,7,1730,4,1,2,6,4818347,275678,4,2,2,0,1,1,0,100,2,0,1,3,90,62,3,35,52,4,17.0
201300000977,13,11,22,1445,1,1,8,7,4878027,304460,4,0,0,0,0,2,0,70,2,0,1,0,98,82,1,37,60,5,14.0
201300000990,13,8,6,1130,1,1,1,4,4838952,283188,3,2,2,0,1,1,0,76,1,0,1,99,75,46,5,32,38,2,11.0
201300000995,13,2,7,800,1,1,1,1,4835462,196861,3,2,2,0,3,3,0,62,1,0,1,99,69,66,7,28,34,4,8.0
201300000996,13,2,18,1545,1,1,1,7,4842585,225618,3,2,2,0,1,1,0,54,1,0,3,99,67,40,5,28,34,1,15.0
201300000998,13,3,1,1745,1,2,1,3,4833741,196369,3,2,2,0,1,1,0,60,1,0,1,99,53,49,5,22,26,5,17.0
201300001004,13,8,1,2300,3,1,1,6,4838500,204199,3,2,2,0,0,1,0,0,1,0,1,99,98,75,11,55,32,4,23.0
201300001007,13,11,16,900,1,1,7,6,4835201,199980,4,2,2,0,2,1,0,0,0,0,3,99,74,42,5,27,42,6,9.0
201300001009,13,12,30,1930,5,1,8,6,4844760,207423,3,3,0,0,1,1,5,55,2,0,1,99,51,30,3,20,28,1,19.0
201300001011,13,11,24,2115,5,1,1,6,4857401,243371,4,2,0,0,2,1,0,60,2,0,3,0,64,29,6,36,22,7,21.0