Num_Acc,an,mois,jour,hrmn,lum,int,atm,col,lat,long,catr,circ,nbv,vosp,prof,plan,lartpc,larrout,surf,infra,situ,env1,sum,unscathed,killed,hospital,light,week,time
201300001016,13,6,24,1500,1,1,1,1,4848942,232126,3,0,1,0,0,3,0,50,1,0,1,3,71,56,6,20,45,1,15.0
201300001017,13,7,18,330,5,1,1,6,4863493,227048,4,2,2,0,1,2,0,50,1,0,1,99,106,48,4,50,52,4,3.0
201300001021,13,2,11,830,1,1,9,1,4811700,260667,3,2,2,0,1,1,30,63,7,0,1,99,72,51,5,24,43,1,8.0
201300001025,13,10,18,1530,1,2,1,1,4818300,261000,3,2,0,0,1,1,0,60,1,5,1,99,65,55,2,27,36,5,15.0
201300001026,13,11,10,830,2,1,2,6,4819900,238200,2,3,4,0,0,1,10,80,2,0,1,99,56,32,6,21,29,7,8.0
201300001037,13,12,26,1300,1,3,1,7,4854477,313209,3,2,2,0,1,1,0,0,1,0,1,3,81,34,4,24,53,4,13.0
201300001051,13,7,10,1500,1,4,1,1,4881359,333619,3,2,3,0,2,3,0,86,1,0,1,99,87,62,4,35,48,3,15.0
201300001076,13,1,21,1900,3,1,2,1,4806237,436428,3,2,2,0,2,3,0,60,2,0,1,0,52,36,1,18,33,1,19.0
201300001081,13,1,11,2015,5,1,1,6,4790753,394780,4,2,0,0,2,1,0,25,1,0,3,0,113,71,6,49,58,5,20.0
201300001091,13,12,4,800,3,1,2,3,4792442,407218,3,2,3,0,3,2,0,135,2,5,1,99,80,71,3,33,44,3,8.0
201300001098,13,12,29,230,5,1,1,6,4786691,422229,4,1,1,0,2,0,0,98,2,0,0,0,44,16,3,16,25,7,2.0
201300001100,13,1,18,1345,1,1,8,3,4841308,445115,9,2,0,1,1,1,0,100,2,0,5,0,89,59,4,30,55,5,13.0
201300001108,13,10,3,1745,1,1,1,3,4846670,420824,3,2,0,0,1,1,0,95,1,5,1,99,58,51,3,23,32,4,17.0
201300001109,13,11,12,1730,2,1,1,6,4845410,425204,4,2,0,0,1,1,0,0,1,0,1,3,93,80,7,36,50,2,17.0
201300001122,13,4,9,1800,1,1,8,6,4843376,462193,4,2,0,0,1,0,0,0,1,0,1,99,91,70,1,27,63,2,18.0
201300001130,13,7,17,1700,1,1,1,2,4822241,407330,3,3,0,0,0,1,0,0,1,0,1,0,94,77,3,39,52,3,17.0
201300001133,13,12,1,445,3,1,1,6,4820138,408434,3,2,2,0,1,1,0,61,1,0,1,0,79,48,7,41,31,7,4.0
201300001140,13,3,26,1415,1,1,1,2,4823840,396319,3,2,2,0,1,1,0,72,1,5,1,0,53,45,5,22,26,2,14.0
201300001145,13,8,20,1130,1,1,1,1,4827965,460559,4,0,0,0,1,1,0,0,1,0,1,0,77,48,3,41,33,2,11.0
201300001150,13,5,28,1700,1,1,1,1,4864328,371826,4,2,0,0,1,1,0,63,1,0,1,3,68,32,4,26,38,2,17.0
201300001208,13,3,30,1745,1,1,1,6,4765883,297967,4,2,2,0,3,2,0,60,1,0,3,99,64,37,7,26,31,6,17.0
201300001211,13,7,2,1630,1,1,1,3,4768650,301350,3,2,2,0,0,2,0,0,1,5,1,99,107,74,8,48,51,2,16.0
201300001213,13,8,24,1130,1,1,1,6,4766670,298509,4,1,1,0,1,0,0,0,1,6,1,0,61,41,4,28,29,6,11.0
201300001214,13,9,14,1600,1,1,1,6,4766703,298606,9,1,0,0,0,1,0,0,1,0,1,0,95,67,9,45,41,6,16.0
201300001224,13,8,17,1430,1,1,1,7,4751579,313190,3,0,2,0,1,1,0,166,1,0,1,99,76,48,3,37,36,6,14.0
201300001291,13,7,31,1815,1,1,1,1,4804929,364776,4,2,0,0,1,2,0,40,1,0,1,0,72,73,3,27,42,3,18.0
201300001294,13,4,23,1815,1,2,1,3,4928380,40855,3,2,2,3,1,1,0,112,1,5,1,0,89,60,7,40,42,2,18.0
201300001312,13,3,13,1745,1,1,8,1,4915620,28227,3,2,3,0,1,1,0,105,5,0,1,99,53,31,4,14,35,3,17.0
201300001320,13,1,22,1145,1,6,2,6,4925800,34440,4,2,2,0,0,0,0,0,2,0,0,99,80,50,4,28,48,2,11.0
201300001356,13,2,21,910,1,3,7,3,4902030,3478,4,2,2,0,1,1,0,42,1,0,1,99,56,38,4,19,33,4,9.0
201300001367,13,1,15,1900,5,2,2,3,4935530,17072,3,2,2,0,1,1,0,0,2,0,0,99,73,52,6,25,42,2,19.0
201300001375,13,2,24,315,3,1,4,6,4918290,16975,3,2,1,0,2,3,0,47,2,0,3,99,58,34,4,29,25,7,3.0
201300001384,13,4,21,1545,1,1,7,2,4884470,91371,3,2,2,0,2,1,0,130,1,0,1,0,81,49,8,48,25,7,15.0
201300001413,13,3,18,1215,1,1,2,6,4873770,237305,4,0,2,0,1,1,0,117,1,0,1,99,62,38,3,17,42,1,12.0
201300001416,13,4,29,2000,1,1,1,7,4898240,95640,2,3,4,0,1,3,0,0,1,0,1,99,68,52,4,28,36,1,20.0
201300001417,13,5,23,2315,5,1,8,6,4874040,236051,4,2,2,0,1,1,0,71,2,0,1,99,75,45,2,26,47,4,23.0
201300001450,13,10,31,1730,2,2,1,3,4878500,150273,3,2,0,0,0,1,0,54,1,5,1,0,100,99,4,41,55,4,17.0
201300001451,13,11,11,1000,1,1,7,6,4879400,139642,3,0,0,0,2,3,0,70,1,0,1,99,75,38,7,31,37,1,10.0
201300001479,13,9,18,1045,1,1,1,1,4947760,165877,3,2,2,0,3,2,0,59,2,0,1,0,105,89,4,27,74,3,10.0
201300001488,13,2,25,1300,1,1,1,1,4956000,161698,3,2,2,0,0,3,0,70,1,0,1,99,38,29,5,8,25,1,13.0
201300001510,13,11,14,1830,3,1,9,6,4890020,126199,3,2,2,0,1,1,0,60,2,0,1,99,69,56,8,27,34,4,18.0
201300001511,13,11,18,2030,3,1,3,5,4900250,152048,3,3,2,0,1,1,0,63,2,0,1,99,49,33,1,17,31,1,20.0
201300001517,13,6,19,1830,1,2,1,3,4919020,157198,3,2,2,0,1,1,0,63,1,0,1,0,86,55,3,39,44,3,18.0
201300001539,13,11,29,745,1,1,5,6,4863960,91548,3,2,2,0,2,3,60,0,2,0,0,99,85,60,1,29,55,5,7.0
201300001547,13,1,20,935,1,3,1,1,4620200,523180,4,2,2,0,1,0,0,59,2,0,1,99,47,20,5,21,21,7,9.0
201300001660,13,9,11,2330,3,3,2,3,4867261,20387,3,2,2,0,1,1,0,73,2,0,1,99,74,58,2,30,42,3,23.0
201300001672,13,11,5,1800,2,1,2,1,4862276,35967,3,2,2,0,1,3,0,70,2,0,3,0,97,60,5,36,56,2,18.0
201300001678,13,3,2,2205,3,1,1,6,4856179,47509,3,2,2,0,1,1,0,45,1,0,3,99,83,61,5,25,53,6,22.0
201300001688,13,12,27,930,1,1,2,1,4824964,69537,3,4,3,0,1,1,0,60,2,0,1,99,63,53,4,25,34,5,9.0
201300001939,13,9,16,1800,1,1,8,1,4730151,94787,3,2,2,0,1,2,0,44,1,0,1,0,67,37,5,22,40,1,18.0
201300002034,13,8,28,500,3,1,5,7,4796152,108085,4,2,2,0,1,3,0,38,1,0,3,99,57,33,5,28,24,3,5.0
201300002054,13,9,13,1500,1,1,2,1,4833921,103213,3,2,1,0,1,3,0,45,2,0,1,0,85,57,7,36,42,5,15.0
201300002069,13,4,4,15,5,6,1,7,4625430,563716,3,3,2,0,1,1,0,68,1,0,1,3,31,26,2,9,20,4,0.0
201300002188,13,12,22,1745,2,3,1,3,4841100,8800,4,2,0,0,0,1,60,0,1,0,1,99,70,29,4,28,38,7,17.0
201300002311,13,10,23,1015,1,1,1,3,4684511,181518,4,2,2,0,1,1,0,41,2,0,1,99,73,61,3,21,49,3,10.0
201300002690,13,2,28,1645,1,1,1,3,4490510,118951,3,2,2,0,1,1,0,76,1,0,1,99,66,51,1,21,44,4,16.0
201300002711,13,11,28,1715,2,1,1,3,4490490,95276,3,2,2,0,1,1,0,59,1,0,1,0,87,53,1,36,50,4,17.0
201300002741,13,1,7,810,2,6,8,6,4364359,142639,3,0,2,0,1,2,0,0,1,0,1,0,53,35,6,15,32,1,8.0
201300002743,13,5,5,340,3,1,1,1,4373558,141202,3,2,2,0,1,1,0,61,1,0,1,0,66,24,3,33,30,7,3.0
201300002793,13,1,19,1115,1,1,2,5,4436472,110285,3,2,2,0,1,1,0,63,2,0,1,99,59,43,2,23,34,6,11.0
201300002893,13,10,2,800,1,3,1,3,4419350,2479,3,2,2,0,1,1,0,60,1,0,1,99,67,65,3,33,31,3,8.0
201300003041,13,12,15,930,1,1,7,6,4686100,46600,3,2,2,0,2,2,0,50,7,0,3,99,63,47,6,25,32,7,9.0
201300003322,13,8,19,900,1,1,1,6,4603203,69873,4,2,1,0,1,1,0,25,1,0,3,0,46,35,4,13,29,1,9.0
201300003480,13,10,22,1615,1,1,3,6,4542700,157700,3,2,2,0,2,3,0,65,2,0,1,99,66,59,1,23,42,2,16.0
201300003491,13,11,26,1015,2,1,1,3,4514700,133900,3,2,2,0,1,2,0,71,1,0,1,0,65,53,3,24,38,2,10.0
201300003920,13,2,27,1445,1,4,1,6,4395370,65104,2,2,2,0,1,3,0,74,1,0,1,99,71,40,5,24,42,3,14.0
201300004023,13,5,21,1700,1,1,2,3,4480581,161381,3,2,0,0,1,1,0,0,2,0,1,99,67,47,2,22,43,2,17.0
201200000001,12,3,16,1930,5,1,1,6,5052928,293643,3,2,0,0,1,1,0,72,1,0,1,0,200,136,14,76,110,5,19.0
201200000002,12,9,1,2145,5,1,1,3,5053380,292738,3,2,2,0,1,1,0,65,1,0,1,99,150,94,10,64,76,6,21.0
201200000003,12,11,20,1815,5,1,1,5,5054757,292033,3,2,2,0,1,3,0,77,1,0,1,0,132,146,6,48,78,2,18.0
201200000004,12,1,7,1915,5,1,1,3,5053315,280229,3,2,2,0,1,1,0,70,1,0,1,3,144,108,10,64,70,6,19.0
201200000005,12,1,17,2000,5,1,1,1,5055855,290642,3,2,2,0,1,1,0,68,1,0,1,99,150,86,4,52,94,2,20.0
201200000006,12,1,22,1800,5,1,1,6,5053665,280409,4,2,0,0,0,1,0,67,1,6,1,3,104,34,10,32,62,7,18.0
201200000007,12,4,14,1645,1,1,1,6,5053029,280229,3,1,2,1,1,1,0,62,1,0,1,0,140,98,4,68,68,6,16.0
201200000008,12,7,13,1600,1,1,1,6,5056311,289884,3,2,2,0,1,1,69,0,1,0,1,99,172,116,22,72,78,5,16.0
201200000009,12,8,10,1700,1,1,1,2,5053251,283444,2,3,0,0,2,1,0,0,1,0,1,0,198,122,22,80,96,5,17.0
201200000010,12,9,14,445,5,1,1,6,5056270,286586,3,2,0,0,1,3,0,60,1,0,4,0,170,114,18,68,84,5,4.0
201200000011,12,9,20,645,2,1,1,3,5056031,287723,3,2,2,0,1,1,0,0,1,0,1,0,156,92,4,58,94,4,6.0
201200000013,12,10,31,1900,5,1,1,6,5053128,280400,3,1,1,0,1,1,0,40,1,0,1,99,166,136,8,102,56,3,19.0
201200000014,12,11,9,2015,5,1,1,1,5055774,290360,4,0,0,0,1,1,0,60,1,0,1,99,196,150,18,72,106,5,20.0
201200000015,12,12,29,1630,1,1,1,6,5057993,287710,2,3,4,0,0,1,10,120,1,0,1,0,146,96,10,50,86,6,16.0
201200000016,12,2,7,745,1,1,1,1,5053197,309026,3,2,2,0,1,1,0,120,1,0,1,0,134,90,12,54,68,2,7.0
201200000017,12,4,6,1945,2,1,1,2,5052560,310788,3,2,2,2,1,1,0,37,1,0,1,99,168,120,14,56,98,5,19.0
201200000019,12,6,16,1615,1,1,1,3,5049630,319103,3,2,2,0,1,1,0,0,1,0,1,99,210,126,10,106,94,6,16.0
201200000020,12,7,20,2345,5,1,3,6,5055735,313686,3,2,1,0,1,2,0,0,2,0,1,0,114,72,8,52,54,5,23.0
201200000021,12,10,7,1715,1,1,1,6,5050945,309325,4,0,1,0,1,3,0,60,1,0,1,0,114,52,4,52,58,7,17.0
201200000022,12,11,29,2300,3,1,8,7,5053890,316157,3,2,1,0,1,1,60,60,2,0,0,0,126,92,8,58,60,4,23.0
201200000023,12,12,15,445,5,1,8,3,5054131,308575,4,2,0,0,0,1,0,60,2,0,1,99,164,90,10,74,80,6,4.0
201200000024,12,12,21,1230,1,1,1,1,5054291,311514,3,2,2,0,1,3,0,53,1,0,1,0,284,186,20,110,154,5,12.0
201200000025,12,2,29,1130,1,1,1,1,5046470,303063,3,2,2,0,1,1,70,70,1,0,1,99,144,94,8,50,86,3,11.0
201200000026,12,5,10,1845,1,1,1,6,5046471,303058,3,2,2,0,1,1,0,78,1,0,1,0,190,96,16,90,84,4,18.0
201200000027,12,8,4,915,1,1,1,6,5046475,303050,3,2,2,0,1,1,0,70,1,5,1,0,148,78,18,80,50,6,9.0
201200000028,12,8,5,1715,1,1,1,1,5045715,308631,3,2,2,0,1,1,0,56,1,0,1,0,158,62,16,96,46,7,17.0
201200000029,12,10,5,1815,1,1,1,3,5045785,302463,3,2,2,0,1,1,0,63,1,0,1,0,200,146,14,96,90,5,18.0
201200000030,12,10,14,1200,1,1,1,6,5044798,307207,3,2,0,0,2,3,0,67,1,0,3,99,124,62,16,38,70,7,12.0
201200000031,12,10,19,2355,5,1,2,6,5045282,303448,3,2,0,0,1,2,0,60,2,0,4,0,196,132,12,74,110,5,23.0
201200000032,12,10,24,1930,5,1,1,3,5047488,305142,3,2,2,0,1,1,0,0,1,0,1,99,134,90,4,50,80,3,19.0
201200000033,12,11,14,645,5,1,5,3,5047733,311821,3,0,2,0,1,1,0,58,2,0,1,0,162,112,2,60,100,3,6.0
201200000034,12,1,14,1600,2,1,1,6,5092760,220281,4,2,1,0,0,1,35,35,1,0,1,0,152,132,12,66,74,6,16.0
201200000035,12,3,31,15,3,1,1,7,5096780,223629,3,2,2,0,1,3,0,50,1,0,3,0,216,112,14,108,94,6,0.0
201200000036,12,3,28,1400,1,1,1,3,5097413,217926,3,2,2,0,1,1,0,31,1,0,1,0,170,110,2,62,106,3,14.0
201200000037,12,4,23,1500,1,1,3,7,5091266,219608,4,2,2,0,0,3,0,35,2,0,0,99,100,76,10,26,64,1,15.0
201200000038,12,5,17,415,3,1,1,6,5082629,224306,3,2,2,0,2,2,0,51,1,0,3,99,156,78,22,74,60,4,4.0
201200000039,12,6,24,2145,1,1,1,3,5090647,222263,4,0,2,0,1,1,30,30,1,0,1,0,158,98,4,82,72,7,21.0
201200000040,12,6,29,700,1,1,1,1,5096461,223072,3,2,2,0,1,1,0,71,1,0,1,99,186,160,12,82,92,5,7.0
201200000041,12,7,10,745,1,7,1,3,5094603,219666,4,1,0,0,0,1,30,0,1,0,1,99,144,66,6,68,70,2,7.0
201200000042,12,11,6,1445,1,1,1,6,5094657,219535,3,3,0,0,1,2,2,68,1,0,1,99,152,104,10,60,82,2,14.0
201200000043,12,1,31,1900,3,9,1,6,5087740,247325,3,2,2,0,1,3,0,64,1,0,1,0,112,56,4,56,52,2,19.0
201200000044,12,2,1,815,1,1,1,6,5088135,246577,3,0,2,0,0,1,0,55,1,0,1,0,138,100,4,52,82,3,8.0
201200000046,12,2,25,1600,1,1,1,3,5088666,253487,3,2,0,0,0,3,0,62,1,0,1,99,164,96,14,64,86,6,16.0
201200000047,12,3,25,1600,1,1,1,1,5088409,233387,3,2,2,0,1,1,63,0,1,0,1,0,182,102,18,94,70,7,16.0
201200000048,12,9,9,1445,1,1,1,1,5084101,247650,3,2,2,2,1,1,0,68,1,0,1,0,202,96,14,118,70,7,14.0
201200000049,12,11,18,1915,3,1,1,6,5083610,229335,3,2,0,0,1,1,0,60,1,0,1,0,130,74,18,52,60,7,19.0
201200000050,12,1,9,1415,1,1,1,6,5076119,243190,3,2,0,0,1,2,0,0,1,0,3,0,126,86,10,52,64,1,14.0
201200000051,12,3,18,700,2,1,1,1,5073106,244015,3,2,0,0,0,1,0,80,2,0,1,0,182,94,14,60,108,7,7.0
201200000052,12,7,14,1900,1,1,1,6,5075269,247507,3,2,2,1,1,1,0,62,1,0,1,0,194,114,24,82,88,6,19.0
201200000053,12,8,9,1830,1,1,1,3,5075609,262544,3,2,2,0,1,1,0,95,1,0,1,0,88,78,8,32,48,4,18.0
201200000054,12,9,7,1930,1,1,1,2,5076127,259838,3,2,2,0,1,1,0,67,1,0,1,99,218,158,14,82,122,5,19.0
201200000055,12,10,26,2200,3,1,1,2,5073050,244475,3,2,0,0,2,1,0,77,1,0,1,0,138,84,8,46,84,5,22.0
201200000057,12,11,12,1115,1,1,1,6,5070560,252537,3,0,2,1,2,1,0,75,0,0,1,99,152,110,10,36,106,1,11.0
201200000059,12,1,8,1515,1,1,1,6,5073293,266391,3,2,2,0,1,1,79,0,1,0,3,0,130,56,10,78,42,7,15.0
201200000060,12,5,26,1530,1,1,1,2,5077197,273969,3,2,2,0,2,1,0,64,1,0,1,99,214,106,16,100,98,6,15.0
201200000061,12,7,15,530,2,1,1,2,5073498,270072,3,3,2,0,2,1,10,140,2,0,1,0,152,84,18,64,70,7,5.0
201200000062,12,7,18,1615,1,1,1,3,5081421,267024,3,2,2,0,1,3,0,100,1,0,1,0,130,112,12,70,48,3,16.0
201200000064,12,2,26,445,3,1,5,7,5069143,272606,3,2,2,0,1,2,0,70,2,0,3,0,118,84,12,58,48,7,4.0
201200000065,12,3,21,1345,1,1,1,1,5063477,269784,3,2,0,0,1,3,0,70,1,0,0,0,144,100,8,56,80,3,13.0
201200000066,12,4,4,1745,1,1,1,6,5068465,278625,3,2,2,0,2,1,0,67,1,0,1,0,146,84,0,56,90,3,17.0
201200000067,12,7,16,1630,1,1,1,6,5067616,279179,3,2,0,0,1,3,0,60,1,0,1,99,132,78,12,42,78,1,16.0
201200000068,12,7,28,1200,1,1,1,6,5069837,276344,3,2,2,0,1,1,0,57,1,0,3,0,202,110,16,72,114,6,12.0
201200000069,12,10,4,730,1,1,3,7,5061844,274570,3,2,0,0,1,1,0,72,6,0,3,99,214,154,18,108,88,4,7.0
201200000071,12,11,13,1845,5,1,8,1,5063763,271027,4,2,2,0,1,1,0,78,1,0,1,99,192,142,10,74,108,2,18.0
201200000072,12,11,15,1800,2,1,1,1,5065275,269650,3,2,2,0,0,1,0,70,2,0,1,0,182,116,12,68,102,4,18.0
201200000073,12,11,27,1730,5,1,1,6,5064523,272026,3,2,2,0,1,1,0,0,1,6,1,3,134,98,10,34,90,2,17.0
201200000074,12,1,5,900,1,1,1,6,5064256,263781,4,2,2,0,0,1,0,55,0,0,1,0,132,84,10,40,82,4,9.0
201200000075,12,5,13,1500,1,1,1,7,5064123,262732,3,2,2,0,0,1,0,50,1,0,1,99,156,84,18,68,70,7,15.0
201200000076,12,7,7,1545,1,1,3,6,5066470,265766,4,2,2,0,1,1,0,33,2,0,1,99,186,120,16,76,94,6,15.0
201200000077,12,7,26,1100,1,1,1,1,5065542,266185,3,2,1,1,1,1,0,80,1,0,1,99,190,124,14,54,122,4,11.0
201200000078,12,9,22,1815,1,1,1,6,5064275,254405,3,2,0,0,1,1,0,70,1,0,1,0,146,94,12,76,58,6,18.0
201200000079,12,3,6,1930,5,1,1,3,5077315,256221,3,2,2,0,1,1,0,70,1,0,1,99,142,96,8,42,92,2,19.0
201200000081,12,5,15,830,1,9,1,6,5080707,258538,6,1,1,0,1,1,0,0,1,0,1,3,156,106,8,74,74,2,8.0
201200000082,12,5,19,1345,1,1,1,1,5087929,257486,3,2,2,0,1,1,0,70,1,0,1,99,180,108,4,90,86,6,13.0
201200000083,12,6,22,1445,1,1,1,2,5080052,248351,3,2,0,0,1,2,50,70,1,0,1,99,182,140,14,88,80,5,14.0
201200000084,12,6,21,1630,1,1,9,7,5079078,251246,3,2,2,0,1,1,50,80,2,0,1,99,156,110,12,58,86,4,16.0
201200000086,12,12,18,1700,5,1,1,3,5081257,258028,4,2,2,0,1,1,0,0,1,0,1,0,144,100,10,48,86,2,17.0
201200000087,12,4,19,1430,1,1,3,6,5060268,322967,3,2,2,2,1,1,0,100,2,2,5,0,96,64,6,40,50,4,14.0
201200000088,12,7,4,1745,1,1,2,1,5064017,323535,3,2,2,1,1,2,18,80,2,0,1,99,160,104,8,54,98,3,17.0
201200000089,12,9,2,300,3,1,1,1,5060798,326817,3,2,0,2,1,2,0,0,1,0,1,0,92,58,8,52,32,7,3.0
201200000091,12,12,3,830,4,1,3,7,5061056,320457,3,2,2,0,1,1,19,81,2,0,1,3,142,110,12,48,82,1,8.0
201200000092,12,1,13,2245,5,1,1,1,5057739,319174,3,2,2,1,1,3,10,85,1,0,1,0,188,142,18,72,98,5,22.0
201200000093,12,3,4,2030,5,1,2,6,5053182,327390,3,2,2,0,1,1,0,80,2,0,1,99,114,86,10,56,48,7,20.0
201200000094,12,6,12,800,1,1,7,5,5057601,317381,3,2,2,0,1,3,0,60,1,0,1,99,188,142,14,64,110,2,8.0
201200000095,12,7,2,1230,1,1,1,2,5051299,327328,3,2,2,1,1,1,0,60,1,0,1,0,142,74,16,54,72,1,12.0
201200000096,12,9,25,800,1,1,1,5,5057696,319379,3,2,2,0,1,1,0,0,0,5,1,0,142,116,6,66,70,2,8.0
201200000097,12,1,19,815,5,1,2,6,5070810,300185,3,2,2,1,1,1,0,60,2,0,1,0,168,104,16,50,102,4,8.0
201200000101,12,12,1,1245,1,1,1,3,5072756,294114,3,2,2,0,1,1,0,58,1,0,1,0,148,102,8,64,76,6,12.0
201200000102,12,2,2,1930,3,1,9,6,5029815,352816,3,2,2,0,1,3,0,59,1,0,1,99,128,78,8,54,66,4,19.0
201200000103,12,2,11,1545,3,9,1,2,5031700,360799,3,3,2,0,1,1,0,142,1,0,1,99,172,116,14,64,94,6,15.0
201200000104,12,5,27,1900,1,1,7,1,5034106,364687,4,2,2,0,2,1,0,54,1,0,1,0,170,58,10,94,66,7,19.0
201200000105,12,2,9,900,1,1,7,6,5024840,337720,3,2,0,0,0,1,0,66,1,0,1,3,126,122,8,28,90,4,9.0
201200000106,12,8,11,1615,1,1,1,6,5031289,327082,3,2,0,3,1,1,0,80,1,5,3,0,144,76,12,76,56,6,16.0
201200000107,12,12,28,1900,5,1,2,6,5025790,341616,3,2,2,0,1,1,0,70,2,0,1,99,162,94,18,64,80,5,19.0
201200000108,12,3,1,1945,3,1,2,6,5045874,348627,3,2,0,0,1,1,0,61,2,0,1,0,102,80,10,36,56,4,19.0
201200000109,12,1,6,2230,5,1,1,3,5012854,383774,3,2,2,0,2,1,0,63,1,0,1,0,172,140,18,66,88,5,22.0
201200000110,12,1,18,1000,1,1,1,1,5009081,393022,2,2,2,0,1,1,0,50,1,0,1,0,154,108,6,58,90,3,10.0
201200000112,12,7,29,1945,1,1,9,1,5003330,387950,3,2,2,0,3,3,0,50,1,0,1,0,168,64,16,84,68,7,19.0
201200000113,12,8,14,830,1,1,1,6,5012690,392909,3,2,2,0,1,1,0,70,1,0,1,99,152,96,12,72,68,2,8.0
201200000115,12,1,10,1015,1,1,1,6,5001800,404648,4,1,2,0,0,1,0,69,1,6,1,99,156,108,4,68,84,2,10.0
201200000116,12,7,22,1800,1,1,1,7,5002705,406520,3,2,0,0,2,1,0,59,1,0,1,0,212,88,10,134,68,7,18.0
201200000117,12,9,8,1845,1,1,1,3,5001786,404010,4,2,2,0,0,1,0,0,1,0,1,99,226,134,22,124,80,6,18.0
201200000118,12,1,12,1100,1,1,1,1,5012420,369042,3,2,2,0,1,1,60,0,1,0,1,99,130,116,10,54,66,4,11.0
201200000119,12,6,3,700,2,9,2,6,5013555,367933,3,2,2,0,2,3,0,60,1,0,1,99,104,46,0,50,54,7,7.0
201200000120,12,7,1,1615,1,1,1,7,5014588,382455,4,2,1,0,1,1,0,30,1,0,1,99,174,100,18,80,76,7,16.0
201200000121,12,9,6,2030,1,1,1,3,5019114,364155,3,2,2,0,4,1,0,0,1,0,1,0,154,128,6,60,88,4,20.0
201200000122,12,10,15,1345,1,3,1,3,5006199,379383,3,0,0,0,0,0,0,60,1,0,0,0,148,104,8,66,74,1,13.0
201200000123,12,11,16,1800,5,1,8,2,5012774,368654,3,2,2,0,1,1,0,78,1,0,4,0,178,106,14,68,96,5,18.0
201200000124,12,12,22,1645,2,1,3,1,5006917,378043,3,2,2,0,1,1,0,48,2,0,1,0,150,90,12,60,78,6,16.0
201200000126,12,8,19,230,5,1,1,6,5006268,410181,3,2,2,0,1,3,0,67,1,0,4,99,174,128,16,72,86,7,2.0
201200000127,12,11,11,2300,3,1,1,6,5011535,407867,3,2,2,0,2,1,0,57,1,0,3,0,132,60,18,66,48,7,23.0
201200000128,12,8,26,100,3,1,1,7,5024111,324828,3,2,2,0,1,1,0,40,2,0,1,99,148,60,16,56,76,7,1.0
201200000129,12,6,9,245,5,1,1,6,5010330,355112,3,2,2,0,0,2,0,69,1,0,1,0,154,114,6,70,78,6,2.0
201200000130,12,6,30,2230,3,1,1,7,5008214,355063,3,2,0,0,0,1,0,78,1,0,3,0,204,158,8,94,102,6,22.0
201200000131,12,8,12,1130,1,1,7,6,5010406,353610,4,3,0,0,0,1,0,40,1,0,0,0,178,104,12,88,78,7,11.0
201200000132,12,8,24,1515,1,1,1,6,5010220,354122,3,1,0,0,1,1,0,0,1,0,1,0,96,62,6,40,50,5,15.0
201200000133,12,9,16,500,3,1,1,1,5009612,357484,2,2,2,0,0,1,40,80,1,0,1,0,174,92,28,74,72,7,5.0
201200000134,12,12,16,145,3,9,1,6,5010315,355195,3,2,0,0,2,3,96,0,2,0,1,0,126,98,20,56,50,7,1.0
201200000135,12,3,7,1845,5,1,3,1,5014100,338151,3,2,0,0,1,1,0,100,2,5,1,99,184,102,8,72,104,3,18.0
201200000136,12,7,12,1630,1,1,1,6,5012305,342084,4,2,4,0,1,0,0,159,1,0,1,99,140,84,6,54,80,4,16.0
201200000138,12,9,19,2115,5,1,1,3,5012593,341017,3,2,2,0,1,1,0,64,1,5,1,3,130,84,20,54,56,3,21.0
201200000141,12,11,22,1430,1,1,1,1,5012700,341732,4,2,0,0,1,1,0,90,1,0,1,99,170,106,10,80,80,4,14.0
201200000142,12,12,12,1100,1,1,1,6,5012103,340735,4,1,0,0,2,0,0,0,1,0,1,99,142,116,14,46,82,3,11.0
201200000144,12,5,8,2015,2,1,8,6,5010761,334731,3,2,2,0,1,1,0,60,1,0,3,99,54,34,8,30,16,2,20.0
201200000149,12,12,14,1745,5,3,2,3,5008503,344077,3,2,0,0,2,1,0,63,2,0,1,99,186,138,10,56,120,5,17.0
201200000159,12,11,5,515,3,1,8,6,5022973,350441,3,2,2,0,1,1,0,70,2,0,3,99,190,116,22,66,102,1,5.0
201200000160,12,1,3,800,3,1,1,2,5029247,324218,3,2,2,0,1,1,0,63,1,0,1,0,166,108,10,58,98,2,8.0
201200000161,12,1,23,2230,3,6,1,7,5030452,313399,3,2,2,0,4,1,0,0,1,5,0,99,136,100,10,54,72,1,22.0
201200000162,12,6,11,1215,1,1,2,3,5031038,312628,4,2,0,0,0,3,0,0,2,5,1,0,142,92,4,64,74,1,12.0
201200000163,12,7,3,1645,1,1,1,6,5033605,310058,3,2,2,0,1,1,0,0,1,0,1,99,140,102,10,56,74,2,16.0