Num_Acc,an,mois,jour,hrmn,lum,int,atm,col,lat,long,catr,circ,nbv,vosp,prof,plan,lartpc,larrout,surf,infra,situ,env1,sum,unscathed,killed,hospital,light,week,time
201200000165,12,12,20,900,1,1,2,2,5030999,313629,3,3,2,0,1,1,20,95,2,0,1,99,138,90,8,66,64,4,9.0
201200000166,12,2,20,1330,1,1,1,1,5047960,324878,4,0,2,0,1,1,0,0,1,0,1,99,94,98,4,30,60,1,13.0
201200000168,12,4,1,1915,1,1,1,2,5048977,319785,3,2,2,2,1,1,0,66,1,0,1,99,202,126,16,98,88,7,19.0
201200000170,12,7,8,715,1,1,2,7,5048741,326077,3,2,2,0,1,1,0,75,2,0,1,0,114,84,18,54,42,7,7.0
201200000171,12,9,4,2230,4,1,1,7,5042995,324326,4,2,0,0,1,2,0,0,1,0,1,99,118,88,16,44,58,2,22.0
201200000173,12,3,9,2015,5,1,1,6,5029814,378845,3,0,2,0,0,0,0,70,1,0,1,0,178,112,10,56,112,5,20.0
201200000174,12,3,12,1330,1,1,1,6,5029704,379813,3,2,2,0,1,1,60,0,1,5,1,99,148,98,12,54,82,1,13.0
201200000175,12,5,11,2300,3,1,1,7,5032802,392965,3,2,2,0,0,1,0,60,1,0,3,0,160,128,0,66,94,5,23.0
201200000176,12,5,28,1030,1,4,1,5,5031138,384653,3,2,0,0,1,1,0,60,1,0,1,0,198,126,16,110,72,1,10.0
201200000178,12,1,26,2200,3,1,2,7,5031291,367993,3,2,2,0,2,3,0,52,2,0,1,99,118,84,4,38,76,4,22.0
201200000179,12,1,28,1700,1,1,1,1,5022239,361062,3,2,2,0,1,1,0,0,1,0,1,0,164,104,10,62,92,6,17.0
201200000181,12,12,13,2000,3,1,2,6,5022569,409599,3,2,2,0,1,1,0,51,2,0,1,0,132,140,2,42,88,4,20.0
201200000184,12,9,17,1900,1,1,1,3,5080100,168900,1,1,0,0,1,1,15,70,1,0,1,0,128,78,6,56,66,1,19.0
201200000189,12,4,12,515,3,1,1,3,5026200,269100,2,2,2,0,1,1,34,71,1,0,1,0,116,108,6,40,70,4,5.0
201200000190,12,6,7,1845,1,3,1,3,5017600,244300,2,2,2,0,1,3,0,71,1,0,1,0,162,100,8,56,98,4,18.0
201200000192,12,8,3,1345,1,1,1,7,5015000,271400,3,2,2,0,1,2,60,60,1,0,1,99,250,132,26,82,142,5,13.0
201200000193,12,9,27,830,1,1,1,6,5031600,264900,3,2,2,0,1,2,0,70,1,0,1,0,174,130,14,82,78,4,8.0
201200000194,12,10,30,1845,3,1,1,1,5012000,269300,3,2,2,0,1,1,0,68,1,0,1,99,144,132,10,56,78,2,18.0
201200000195,12,1,25,1445,1,1,2,1,5038200,280100,2,2,3,0,1,1,0,111,2,0,1,0,172,114,14,52,106,3,14.0
201200000197,12,3,15,2115,3,1,1,6,5033600,289800,3,3,4,3,1,3,75,180,1,0,1,0,184,150,8,72,104,4,21.0
201200000204,12,9,24,745,1,1,1,6,5038400,280100,2,2,0,0,1,1,0,80,1,0,1,99,146,90,8,54,84,1,7.0
201200000205,12,9,28,945,1,1,1,1,5036700,291400,3,2,2,0,1,2,0,60,1,0,1,99,174,112,14,76,84,5,9.0
201200000208,12,3,22,1345,1,1,1,6,5023500,315200,3,2,2,0,1,1,0,56,1,0,1,99,136,106,10,54,72,4,13.0
201200000209,12,6,17,1430,1,1,1,7,5019300,289800,3,2,2,0,1,3,0,0,1,0,3,0,202,80,18,84,100,7,14.0
201200000212,12,11,23,1815,3,1,2,3,5021100,310300,3,3,1,0,1,1,0,50,2,5,1,0,170,130,12,86,72,5,18.0
201200000214,12,6,15,615,2,1,2,3,5029379,304755,3,2,1,0,1,1,0,67,2,5,1,0,262,144,26,96,140,5,6.0
201200000226,12,2,16,1130,1,1,8,3,5074200,178000,2,0,2,0,1,1,60,0,2,0,1,0,108,74,6,38,64,4,11.0
201200000234,12,9,15,2015,2,1,1,7,5068200,180200,3,2,2,0,0,2,0,63,1,0,1,99,194,102,16,90,88,6,20.0
201200000235,12,10,28,1930,5,1,2,1,5067300,181900,3,2,2,0,0,3,0,75,2,0,1,0,102,50,10,42,50,7,19.0
201200000238,12,12,17,1715,5,1,2,6,5064500,175300,3,2,2,0,1,1,0,0,2,0,1,99,168,114,12,60,96,1,17.0
201200000248,12,4,11,1745,1,1,1,3,5042900,259400,3,2,2,0,4,3,0,70,1,0,1,99,134,92,6,60,68,3,17.0
201200000251,12,6,20,1600,1,1,1,6,5045200,265300,3,2,2,0,1,1,0,60,1,0,1,99,160,112,10,68,82,3,16.0
201200000252,12,10,25,815,2,1,5,6,5040300,264400,3,2,2,0,1,1,0,50,2,0,1,99,136,94,12,44,80,4,8.0
201200000257,12,3,13,2300,3,6,1,6,5043900,173900,3,2,0,0,1,1,0,0,1,0,3,0,130,96,2,54,74,2,23.0
201200000266,12,12,30,530,3,1,3,6,5054700,162200,3,2,2,1,1,1,0,72,2,0,1,0,78,40,14,36,28,7,5.0
201200000269,12,4,30,1645,1,7,8,6,5040200,197400,4,1,1,0,1,1,0,0,2,0,1,99,132,94,16,56,60,1,16.0
201200000273,12,7,25,845,1,1,1,6,5041300,177700,3,2,2,0,0,2,0,60,1,0,3,0,242,120,8,114,120,3,8.0
201200000274,12,11,30,1630,2,9,2,6,5044800,183500,3,2,0,0,1,2,50,50,7,2,1,99,134,92,14,56,64,5,16.0
201200000276,12,12,23,545,3,1,2,6,5044300,193100,3,2,2,0,0,2,0,55,2,0,3,0,84,58,10,30,44,7,5.0
201200000283,12,12,5,1715,3,1,2,6,5066000,239600,3,2,2,0,1,1,0,66,2,0,1,0,146,108,14,40,92,3,17.0
201200000285,12,12,31,1930,5,1,2,6,5064300,239700,4,2,2,0,1,3,0,60,2,0,1,99,108,70,16,24,68,1,19.0
201200000286,12,3,20,1815,1,3,1,3,5090800,212800,3,2,0,0,1,1,0,68,1,0,1,0,162,134,6,52,104,2,18.0
201200000288,12,4,8,1130,1,1,1,7,5096762,206363,4,2,0,0,1,1,0,0,1,0,1,99,162,70,12,90,60,7,11.0
201200000290,12,4,24,1345,1,1,2,1,5091200,206500,3,2,2,0,1,1,0,75,2,0,1,0,106,54,14,44,48,2,13.0
201200000294,12,12,8,1730,2,1,1,3,5099900,210500,3,2,0,0,1,1,60,74,1,5,1,0,140,124,8,52,80,6,17.0
201200000309,12,12,25,1745,3,1,2,1,5072004,218734,3,2,0,0,3,1,70,70,2,0,1,99,82,76,4,46,32,2,17.0
201200000312,12,6,26,2100,1,1,1,6,5042100,236900,3,2,2,0,1,1,0,68,1,0,3,99,140,84,14,54,72,2,21.0
201200000318,12,5,12,1630,1,1,1,3,5031700,254700,3,2,2,0,1,2,0,75,1,0,1,99,194,140,20,76,98,6,16.0
201200000320,12,7,21,1500,1,3,1,3,5027702,241862,3,2,2,0,1,1,0,0,1,0,1,0,196,100,12,88,96,6,15.0
201200000377,12,7,24,1630,1,1,1,6,5000046,264902,4,2,2,0,1,1,0,85,1,0,1,0,184,126,16,66,102,2,16.0
201200000392,12,1,29,415,4,1,1,6,4967022,378419,4,0,0,0,1,1,0,0,1,0,3,0,84,54,0,36,48,7,4.0
201200000410,12,12,11,930,1,1,4,6,4959892,392562,4,2,0,0,1,1,0,0,7,0,1,99,136,116,0,46,90,2,9.0
201200000422,12,12,19,1730,5,1,8,6,4898030,328643,4,2,2,0,1,1,62,0,2,6,1,99,218,130,14,74,130,3,17.0
201200000438,12,8,27,2000,1,1,1,6,4978100,328600,3,2,2,0,1,1,20,60,1,0,1,99,112,88,6,42,64,1,20.0
201200000440,12,1,27,1615,1,1,1,1,4938957,339818,4,2,2,0,1,1,150,150,1,0,1,0,162,120,14,64,84,5,16.0
201200000455,12,10,27,1530,1,3,1,2,4933829,357101,3,0,2,0,0,0,0,0,0,0,1,0,204,84,14,90,100,6,15.0
201200000514,12,6,2,1745,1,2,1,1,4942700,220700,3,2,2,0,1,1,0,130,1,5,1,99,196,102,32,86,78,6,17.0
201200000517,12,4,16,1415,1,3,1,7,4926700,218900,4,2,2,0,1,1,0,0,1,0,1,0,120,80,12,46,62,1,14.0
201200000557,12,6,8,1530,1,2,1,3,4951900,292200,3,2,2,0,2,1,16,84,1,0,1,3,178,140,4,56,118,5,15.0
201200000560,12,7,23,1045,1,1,1,1,4943800,299100,4,2,2,0,2,3,0,48,1,0,1,99,178,134,6,82,90,1,10.0
201200000566,12,8,25,1730,1,3,1,1,4932000,272100,3,1,2,0,0,1,0,100,1,0,1,99,158,144,20,70,68,6,17.0
201200000638,12,6,6,1830,1,7,1,1,4920500,249100,4,2,0,0,0,3,0,0,1,0,1,99,174,130,10,70,94,3,18.0
201200000649,12,3,19,1700,1,1,1,3,4918100,268600,3,2,2,0,1,1,0,65,1,5,1,99,110,82,8,34,68,1,17.0
201200000654,12,8,7,1115,1,1,1,6,4910100,275100,2,3,2,0,0,1,5,60,1,0,1,99,134,90,4,60,70,2,11.0
201200000664,12,4,20,1215,1,1,1,6,4945611,101871,3,2,2,0,1,1,0,57,1,0,3,0,148,104,14,58,76,5,12.0
201200000667,12,8,8,1815,1,1,1,6,4937655,96158,3,2,2,0,2,1,0,53,1,0,3,99,140,80,18,74,48,3,18.0
201200000670,12,10,1,1700,1,1,1,3,4938652,93122,3,2,2,0,1,3,0,60,1,0,1,99,116,86,12,48,56,1,17.0
201200000671,12,11,7,745,1,1,2,1,4944695,97625,3,2,3,0,2,4,0,117,2,0,1,0,168,130,8,62,98,3,7.0
201200000676,12,5,23,645,1,1,8,3,4951873,117943,3,2,2,0,1,1,0,76,1,0,1,0,160,116,6,70,84,3,6.0
201200000678,12,7,19,1045,1,2,1,3,4957911,122979,3,2,2,0,2,1,0,134,1,0,1,99,130,80,16,62,52,4,10.0
201200000683,12,10,12,815,5,1,3,6,4978599,99873,3,2,2,0,1,1,0,66,2,0,1,0,160,128,4,50,106,5,8.0
201200000685,12,2,19,130,3,1,8,1,4971974,112379,3,2,2,0,2,2,0,58,2,0,1,0,124,62,14,50,60,7,1.0
201200000689,12,1,21,945,1,1,2,6,4939895,123825,3,2,0,0,0,3,0,0,2,0,1,0,136,94,6,52,78,6,9.0
201200000691,12,7,27,1430,1,3,1,4,4938810,112592,3,2,0,0,1,1,15,67,1,0,1,99,176,152,8,86,82,5,14.0
201200000693,12,9,21,1400,1,1,1,3,4935459,112974,3,2,3,0,1,1,0,90,1,0,1,99,162,100,12,50,100,5,14.0
201200000697,12,2,23,930,1,1,1,6,4947997,87251,3,2,0,0,0,1,0,60,2,0,1,99,134,92,10,64,60,4,9.0
201200000698,12,3,17,1530,1,1,2,6,4941935,66321,3,2,2,0,1,1,0,80,2,0,0,0,208,108,10,70,128,6,15.0
201200000699,12,7,6,1530,1,1,1,6,4952489,72903,4,2,2,0,2,1,0,0,1,0,1,0,208,120,10,86,112,5,15.0
201200000703,12,8,18,115,5,1,1,6,4948837,80381,3,3,2,0,1,0,19,79,0,0,0,0,158,108,16,80,62,6,1.0
201200000708,12,1,1,930,1,1,1,6,4963653,20675,3,2,2,0,1,1,0,62,1,0,3,99,160,66,16,54,90,7,9.0
201200000710,12,2,27,730,2,1,5,5,4967536,43642,3,2,2,0,1,2,0,60,1,0,1,99,122,82,8,46,68,1,7.0
201200000712,12,5,6,1530,1,1,1,1,4962716,42000,3,2,2,0,1,0,0,0,1,0,1,99,128,60,12,60,56,7,15.0
201200000713,12,6,28,1630,1,1,1,1,4962991,39389,3,2,0,0,2,1,0,66,1,0,1,0,182,92,22,96,64,4,16.0
201200000721,12,4,21,1545,1,2,1,1,4955069,40866,3,3,2,0,1,1,0,0,2,0,1,99,178,64,8,72,98,6,15.0
201200000727,12,4,2,1130,1,2,1,6,4972970,143947,3,0,0,0,0,0,0,0,0,0,0,0,144,110,2,42,100,1,11.0
201200000730,12,5,9,1230,1,1,1,1,4980147,173963,3,2,2,0,1,3,0,60,1,0,0,99,158,100,8,70,80,3,12.0
201200000739,12,2,13,845,1,1,5,6,4967596,130084,3,2,2,1,2,1,0,71,1,0,3,99,82,50,4,22,56,1,8.0
201200000749,12,11,24,1300,1,2,2,3,4962079,82480,3,2,3,0,1,1,0,103,2,0,1,99,102,76,6,56,40,6,13.0
201200000751,12,2,4,1500,1,1,1,6,4955686,95295,3,2,2,0,1,1,0,0,1,0,1,99,160,118,16,58,86,6,15.0
201200000757,12,5,29,1545,1,1,1,3,4954448,97002,3,2,1,0,0,2,0,0,1,0,1,0,194,142,14,60,120,2,15.0
201200000760,12,2,17,745,2,1,1,1,4985068,63017,3,2,0,0,0,1,0,125,1,5,1,0,152,116,14,52,86,5,7.0
201200000767,12,10,6,1545,1,1,2,1,4978309,65237,3,2,2,0,2,2,0,85,2,0,1,0,178,90,8,74,96,6,15.0
201200000768,12,10,18,430,3,1,2,6,4986236,79012,3,2,2,0,1,1,0,60,2,0,3,0,140,106,12,64,64,4,4.0
201200000770,12,1,15,30,3,1,1,7,4969968,50627,3,2,2,0,1,1,0,0,1,0,1,0,116,86,16,50,50,7,0.0
201200000774,12,12,6,745,2,2,9,1,4972915,57239,3,2,2,0,1,1,0,60,7,0,1,99,134,84,8,48,78,4,7.0
201200000775,12,1,24,1800,2,1,2,6,4971891,78688,3,2,2,0,2,1,0,70,2,0,1,0,92,76,2,28,62,2,18.0
201200000776,12,3,11,130,3,1,5,6,4962089,85073,3,2,0,0,1,1,0,65,1,0,3,99,148,84,16,72,60,7,1.0
201200000777,12,4,28,845,1,2,2,3,4970103,66321,3,2,2,0,0,1,0,51,2,5,1,0,164,110,14,76,74,6,8.0
201200000780,12,11,19,830,1,1,8,6,4971111,61781,3,2,0,0,1,1,47,0,2,0,1,99,142,120,8,62,72,1,8.0
201200000781,12,5,16,1845,1,1,1,1,4897820,118735,3,2,2,0,1,3,0,55,1,0,1,99,136,106,8,48,80,3,18.0
201200000782,12,5,18,1630,1,1,1,6,4896540,93047,3,2,2,0,1,1,0,40,1,0,1,0,134,86,12,56,66,5,16.0
201200000784,12,7,11,1700,1,1,2,7,4911120,117385,3,2,2,0,2,1,0,0,8,0,1,99,146,96,16,60,70,3,17.0
201200000790,12,6,18,1845,1,1,1,4,4892290,124923,3,2,2,0,1,1,0,62,1,0,1,3,134,106,0,56,78,1,18.0
201200000800,12,4,17,800,1,9,1,3,4890070,67001,3,2,2,0,1,3,0,53,1,0,1,99,114,64,10,58,46,2,8.0
201200000807,12,6,1,715,1,2,1,3,4918220,135653,3,2,2,0,1,1,20,62,1,5,1,3,148,114,2,64,82,5,7.0
201200000819,12,3,23,745,1,2,1,1,4938780,129925,3,2,2,0,1,1,0,0,1,0,1,99,220,172,6,110,104,5,7.0
201200000821,12,2,8,1645,1,1,9,5,4925530,178744,3,2,3,0,2,4,0,110,5,0,1,99,112,94,8,40,64,3,16.0
201200000830,12,1,11,730,3,1,1,1,4913030,64038,3,2,2,0,1,1,0,78,1,0,1,99,162,106,8,64,90,3,7.0
201200000836,12,1,2,1400,1,2,1,3,4923580,121141,3,2,2,0,1,1,11,91,1,5,1,99,122,66,6,42,74,1,14.0
201200000841,12,2,21,1345,1,6,1,6,4916000,133698,4,3,2,0,2,1,16,96,1,0,1,99,156,96,4,52,100,2,13.0
201200000842,12,3,26,730,1,1,1,6,4906610,133612,4,2,2,0,1,1,0,46,1,0,1,99,134,100,4,52,78,1,7.0
201200000843,12,5,25,445,3,1,1,6,4915010,138101,3,2,2,0,1,1,20,50,1,0,1,0,228,150,12,102,114,5,4.0
201200000856,12,12,24,815,2,1,1,3,4952800,128300,3,2,2,0,1,1,10,90,2,0,1,99,76,50,6,30,40,1,8.0
201200000866,12,7,30,1345,1,1,1,5,4943690,54879,3,2,2,0,4,2,0,66,1,0,1,0,120,76,8,48,64,1,13.0
201200000875,12,3,27,1645,2,3,7,2,4927800,85267,3,2,2,0,1,1,0,45,1,0,1,0,172,170,16,64,92,2,16.0
201200000877,12,4,3,1945,1,1,1,6,4929260,95200,4,2,2,0,1,2,0,0,1,0,1,99,148,120,8,44,96,2,19.0
201200000890,12,8,28,1345,1,1,1,2,4925400,32600,3,2,2,0,1,1,0,40,1,0,1,0,138,78,2,68,68,2,13.0
201200000896,12,9,26,1700,1,5,1,1,4819287,219542,3,2,2,0,1,1,0,40,2,5,1,0,142,100,16,54,72,3,17.0
201200000899,12,4,7,1545,1,1,1,7,4804018,187221,3,2,0,0,1,1,0,45,1,0,1,99,170,88,6,78,86,6,15.0
201200000902,12,11,10,1530,1,1,7,3,4810600,179400,4,2,0,0,2,1,0,0,1,5,1,99,180,86,12,72,96,6,15.0
201200000907,12,10,13,1700,1,1,1,7,4833770,120718,2,3,2,0,1,1,0,72,1,0,1,99,168,98,12,58,98,6,17.0
201200000908,12,2,14,1900,2,1,1,5,4838904,161908,3,2,2,0,1,1,0,0,1,0,1,0,106,86,2,44,60,2,19.0
201200000909,12,3,24,2200,3,1,1,1,4842267,141815,3,2,2,0,1,1,0,75,1,0,1,99,230,108,14,104,112,6,22.0
201200000912,12,4,15,1200,1,1,1,1,4842915,154032,3,2,2,0,1,1,0,63,1,0,1,99,156,78,10,66,80,7,12.0
201200000918,12,8,30,830,1,1,1,7,4841177,130995,4,2,2,0,0,1,0,21,1,0,3,99,112,120,6,54,52,4,8.0
201200000920,12,11,1,1030,1,1,1,1,4840294,132640,3,2,2,0,2,1,105,74,2,0,1,99,158,76,8,78,72,4,10.0
201200000932,12,9,11,1615,1,4,1,3,4772284,210067,3,0,0,0,0,0,0,0,0,0,0,0,224,186,12,106,106,2,16.0
201200000933,12,10,17,2115,3,1,3,2,4766100,208400,3,2,0,0,1,1,0,75,2,5,1,0,142,102,2,52,88,3,21.0
201200000938,12,6,14,1115,1,2,1,1,4774037,174294,3,2,2,0,0,1,0,58,0,0,1,0,164,100,10,72,82,4,11.0
201200000946,12,5,31,1845,1,3,1,4,4802598,178503,3,2,0,0,1,1,0,0,1,0,1,0,160,126,8,52,100,4,18.0
201200000948,12,6,13,1635,1,4,1,1,4798041,173931,3,0,0,0,0,0,0,0,0,0,1,99,166,98,0,60,106,3,16.0
201200000950,12,7,17,1415,1,1,1,3,4797320,184796,3,2,2,0,1,1,0,70,1,0,1,0,132,70,16,48,68,2,14.0
201200000951,12,7,31,1915,1,1,1,3,4792494,185295,3,2,0,0,1,1,0,74,1,0,1,0,128,84,12,60,56,2,19.0
201200000953,12,8,6,1745,1,1,1,7,4799380,190141,4,2,2,0,0,2,0,40,1,0,3,99,142,90,8,76,58,1,17.0
201200000955,12,9,10,1315,1,2,1,3,4790782,177937,4,2,2,0,2,1,0,36,1,0,1,99,146,94,8,72,66,1,13.0
201200000958,12,12,7,1715,3,1,1,7,4779000,192900,3,2,2,0,2,1,0,62,1,0,3,99,162,126,10,60,92,5,17.0
201200000965,12,5,7,1730,1,2,1,3,4830774,188112,4,0,0,0,0,0,0,0,0,0,0,0,130,68,14,56,60,1,17.0
201200000971,12,9,3,1230,1,1,2,1,4857100,154489,3,2,2,0,1,1,0,65,2,0,1,99,96,78,6,44,46,1,12.0
201200000973,12,4,5,1550,1,1,1,3,4857034,206859,3,2,2,0,1,1,0,0,1,0,1,99,142,102,8,64,70,4,15.0
201200000979,12,4,27,1700,1,2,2,3,4815505,122101,3,2,2,0,2,3,0,0,2,0,1,99,128,92,12,54,62,5,17.0
201200000984,12,8,17,1515,1,1,1,1,4812747,123250,3,2,0,0,1,2,0,70,1,0,1,0,180,180,4,82,94,5,15.0
201200000986,12,10,29,1430,1,9,1,6,4812718,121411,9,2,0,0,2,1,73,73,1,6,1,99,118,112,0,28,90,1,14.0
201200000987,12,11,21,1730,2,1,1,6,4811211,121169,9,2,0,0,1,1,0,73,1,0,1,99,140,94,8,60,72,3,17.0
201200000990,12,2,22,1615,1,1,1,2,4810655,150692,2,3,4,3,1,1,0,0,1,0,2,0,156,134,4,66,86,3,16.0
201200000997,12,9,18,1145,1,1,1,1,4810975,139969,3,2,2,0,1,1,0,65,1,0,1,99,138,106,2,58,78,2,11.0
201200000998,12,5,30,1330,1,1,1,1,4783828,132877,3,2,2,0,2,3,0,78,1,2,1,99,130,100,12,52,66,3,13.0
201200001013,12,11,4,930,3,1,8,7,4801662,139435,3,2,0,0,1,3,0,70,2,0,3,0,112,66,12,54,46,7,9.0
201200001015,12,10,22,2230,3,1,5,7,4823500,317100,3,2,1,0,2,3,0,54,6,0,3,0,104,74,4,42,58,1,22.0
201200001019,12,4,26,2015,2,1,1,7,4864787,300838,3,2,2,0,1,1,0,60,2,0,3,99,104,64,14,34,56,4,20.0
201200001027,12,2,12,1645,1,1,3,7,4844360,255337,3,2,2,0,1,1,0,63,2,0,3,99,94,52,4,38,52,7,16.0
201200001029,12,5,1,315,3,1,1,6,4844408,241792,4,2,0,0,1,3,0,80,1,0,3,99,132,76,16,56,60,2,3.0
201200001030,12,5,4,2115,2,4,1,3,4842984,253927,3,2,2,0,2,1,0,70,1,0,1,99,178,100,20,58,100,5,21.0
201200001041,12,6,4,2045,1,1,1,6,4840294,257678,3,2,2,0,1,1,0,60,1,0,3,99,136,92,16,64,56,1,20.0
201200001044,12,10,16,1430,1,2,1,3,4844046,265242,3,2,2,0,1,1,0,0,1,0,1,99,114,120,4,46,64,2,14.0
201200001049,12,3,10,1715,1,6,7,2,4817700,275400,4,3,4,0,0,1,0,0,1,0,1,3,200,138,12,90,98,6,17.0
201200001062,12,12,26,1830,5,9,3,3,4877907,307563,4,2,2,0,2,1,5,70,2,0,1,99,98,60,10,28,60,3,18.0
201200001063,12,3,3,545,3,1,8,7,4856023,252558,3,2,2,0,2,2,0,70,1,0,1,99,190,198,24,80,86,6,5.0
201200001067,12,6,10,615,1,1,1,6,4848245,267465,9,2,2,0,1,1,0,61,1,0,1,0,204,94,28,90,86,7,6.0
201200001075,12,5,20,1545,1,1,3,3,4841229,284844,4,2,1,0,1,2,0,26,2,2,1,99,142,160,8,74,60,7,15.0
201200001076,12,8,20,1400,1,1,1,1,4842100,294137,3,2,2,0,2,2,0,31,1,0,1,99,134,86,8,56,70,1,14.0
201200001078,12,4,18,1545,1,1,4,7,4840597,208666,3,2,2,0,0,1,0,78,9,0,3,99,146,104,10,58,78,3,15.0
201200001091,12,6,5,1830,1,2,1,3,4842171,239813,3,3,4,0,1,1,63,140,2,5,1,99,158,112,10,54,94,2,18.0
201200001102,12,8,15,1845,1,3,1,3,4849306,217233,3,2,2,0,1,1,0,50,1,0,1,99,116,112,8,60,48,3,18.0
201200001104,12,8,22,1115,1,4,1,3,4862447,233886,3,2,2,0,1,1,0,60,1,0,1,99,120,116,2,54,64,3,11.0
201200001111,12,7,5,1815,1,2,1,3,4815827,229367,3,2,2,0,1,1,0,52,1,0,1,99,192,132,8,68,116,4,18.0
201200001122,12,4,22,1945,1,1,7,1,4824400,330300,3,2,0,0,1,1,0,70,2,0,1,99,160,64,14,86,60,7,19.0
201200001123,12,2,15,1830,1,1,1,1,4871747,349107,3,2,2,0,1,1,0,70,1,0,1,99,90,64,4,34,52,3,18.0
201200001125,12,3,14,2215,5,1,1,7,4865448,362743,4,2,2,0,2,1,40,0,1,0,1,99,158,104,6,62,90,3,22.0
201200001128,12,7,9,1945,1,1,1,2,4851143,356386,3,2,2,0,1,3,0,50,1,0,1,0,112,72,12,52,48,1,19.0
201200001130,12,9,30,630,4,1,1,6,4861210,347266,3,2,2,0,1,1,0,0,1,0,1,99,104,66,6,46,52,7,6.0
201200001131,12,11,3,1015,1,1,7,7,4867152,358896,3,2,2,0,1,3,0,70,1,0,3,99,166,90,8,80,78,6,10.0
201200001158,12,10,2,745,2,1,1,3,4794891,437053,3,2,2,0,2,1,0,66,1,0,1,0,156,106,8,66,82,2,7.0
201200001167,12,4,10,1915,1,1,1,3,4808043,433062,4,3,0,0,1,1,110,70,1,5,1,0,188,108,12,90,86,2,19.0
201200001170,12,9,29,1815,1,1,7,6,4809713,434276,4,1,1,0,1,1,0,80,1,0,1,99,164,98,14,60,90,6,18.0
201200001182,12,12,9,30,3,1,1,6,4788696,411729,3,2,2,2,2,2,0,94,1,0,1,0,84,58,4,38,42,7,0.0
201200001186,12,8,23,115,3,1,1,6,4788146,412695,3,2,2,0,1,1,0,0,1,0,1,99,132,88,12,66,54,4,1.0
201200001193,12,9,23,1530,1,6,8,3,4843936,439233,4,2,0,0,1,1,0,80,2,5,1,99,156,92,12,74,70,7,15.0
201200001195,12,1,16,1530,1,6,7,6,4845351,424539,3,2,0,0,1,1,0,0,1,0,1,99,174,98,6,52,116,1,15.0
201200001196,12,4,13,1800,1,1,3,6,4846634,420687,3,2,0,0,2,2,0,0,3,0,3,99,136,106,14,58,64,5,18.0
201200001197,12,5,2,715,1,2,1,3,4847307,409441,3,2,0,0,0,1,0,65,1,0,1,99,106,68,8,38,60,3,7.0
201200001204,12,6,27,1445,1,1,1,1,4859045,433240,3,2,2,0,3,1,0,69,1,0,1,0,164,120,8,76,80,3,14.0
201200001207,12,8,29,1200,1,1,3,1,4864369,435175,3,2,2,0,1,1,30,70,2,0,1,0,116,78,6,58,52,3,12.0
201200001235,12,2,10,1730,1,1,1,1,4832791,369262,3,2,2,0,2,1,0,0,1,0,1,0,180,112,12,76,92,5,17.0
201200001246,12,5,3,1600,1,1,1,1,4827268,379792,3,2,0,0,1,1,0,64,1,0,1,0,134,98,18,50,66,4,16.0
201200001279,12,12,10,815,2,1,1,3,4863394,398240,3,2,2,1,1,1,0,60,1,0,1,99,122,96,4,32,86,1,8.0
201200001291,12,10,8,45,3,1,2,6,4781798,280879,3,1,1,0,1,3,0,25,2,0,4,0,178,92,4,64,110,1,0.0
201200001292,12,12,4,1845,3,1,1,1,4773501,283565,3,2,2,0,1,1,0,78,1,0,1,0,186,130,18,70,98,2,18.0
201200001355,12,8,1,1215,1,1,1,2,4764035,315476,3,2,2,0,1,1,0,0,1,0,1,0,138,92,14,52,72,3,12.0
201200001358,12,8,21,1345,1,1,7,1,4766714,305502,3,2,0,0,0,1,0,0,1,0,1,99,150,96,8,70,72,2,13.0
201200001395,12,3,30,1715,1,9,7,1,4801991,294423,4,2,2,0,4,2,21,74,1,0,1,0,206,128,16,82,108,5,17.0
201200001406,12,9,12,1445,1,1,1,2,4807381,296343,4,2,2,0,1,1,0,66,1,0,1,0,118,80,6,60,52,3,14.0
201200001431,12,2,24,2100,3,1,1,6,4920940,46942,4,2,2,0,1,1,0,30,1,0,1,99,110,78,0,50,60,5,21.0
201200001451,12,6,23,1915,1,1,1,5,4907280,77670,3,2,2,0,2,2,0,56,1,0,1,99,158,114,22,64,72,6,19.0
201200001457,12,2,5,245,3,1,4,6,4926790,73859,3,2,2,0,2,1,0,72,5,0,1,99,98,54,2,50,46,7,2.0
201200001469,12,5,24,2250,3,1,8,6,4917280,76031,3,2,0,0,4,1,0,50,1,0,1,99,176,96,14,68,94,4,22.0
201200001472,12,8,16,1145,1,1,1,2,4922640,77590,3,2,2,0,1,1,0,70,1,0,1,3,118,106,6,56,56,4,11.0