Num_Acc,an,mois,jour,hrmn,lum,int,atm,col,lat,long,catr,circ,nbv,vosp,prof,plan,lartpc,larrout,surf,infra,situ,env1,sum,unscathed,killed,hospital,light,week,time
201200001487,12,5,5,400,3,1,5,6,4897540,56093,3,2,2,0,2,2,0,55,2,0,3,99,162,96,6,58,98,6,4.0
201200001533,12,10,20,2245,3,1,2,6,4924100,9200,3,2,0,0,1,1,0,60,2,0,1,99,168,82,16,66,86,6,22.0
201200001535,12,3,8,1715,1,1,1,7,4884890,87080,3,2,2,0,1,1,0,67,1,0,1,99,204,138,10,66,128,4,17.0
201200001542,12,1,4,745,3,1,1,1,4898820,84242,3,2,2,0,1,1,0,53,2,0,1,99,160,110,12,54,94,3,7.0
201200001546,12,2,28,1230,1,1,1,1,4888830,72619,3,2,2,0,1,2,0,59,2,0,1,99,100,86,4,36,60,2,12.0
201200001559,12,6,25,1030,1,1,1,3,4891850,108799,3,2,2,0,1,1,0,73,1,0,1,99,152,96,12,56,84,1,10.0
201200001576,12,10,10,1800,5,1,1,1,4874230,236201,3,2,2,0,2,3,0,100,1,0,1,99,162,122,10,42,110,3,18.0
201200001592,12,10,23,1215,1,1,1,6,4876320,149697,3,2,2,0,1,2,0,43,2,0,1,99,156,110,16,50,90,2,12.0
201200001601,12,5,21,2100,1,1,1,6,4883040,123385,4,2,2,0,2,3,0,0,1,0,1,99,142,84,6,76,60,1,21.0
201200001619,12,10,3,845,1,1,2,1,4952350,163104,3,2,2,0,1,3,0,59,2,0,1,0,204,162,18,70,116,3,8.0
201200001628,12,12,2,130,3,1,1,6,4937150,135956,3,2,2,0,1,2,0,72,2,0,3,0,120,58,12,46,62,7,1.0
201200001639,12,10,21,1645,1,4,2,1,4958990,147074,3,2,2,0,2,1,0,0,2,0,1,99,118,74,10,50,58,7,16.0
201200001653,12,2,18,130,5,6,2,6,4886680,154071,3,2,2,0,1,1,0,110,2,5,3,99,130,86,10,46,74,6,1.0
201200001688,12,3,2,1815,1,1,1,4,4857600,108426,3,2,2,0,1,1,10,60,1,0,1,99,150,130,12,54,84,5,18.0
201200001732,12,5,22,1000,1,1,2,3,4626790,523446,3,2,2,0,1,1,0,67,2,0,1,99,150,94,6,42,102,2,10.0
201200001877,12,6,19,1745,1,6,1,1,4725300,150500,4,1,0,0,0,0,0,0,0,5,0,0,140,76,10,50,80,2,17.0
201200001898,12,8,31,1700,1,1,1,3,4713100,150000,3,2,2,0,2,2,0,60,1,5,1,0,156,124,12,76,68,5,17.0
201200001973,12,11,17,15,3,1,2,6,4743200,160300,3,2,2,0,0,1,60,0,2,0,1,0,170,102,10,78,82,6,0.0
201200002048,12,11,28,1445,1,9,1,3,4733600,217800,4,2,2,0,1,1,0,50,1,0,1,99,140,104,4,58,78,3,14.0
201200002049,12,1,20,1730,1,1,1,5,4749400,204900,3,2,0,0,1,1,0,72,1,0,1,0,166,96,4,56,106,5,17.0
201200002071,12,3,5,1630,1,9,1,1,4723017,65631,3,2,2,0,4,4,0,0,1,0,1,0,114,94,2,44,68,1,16.0
201200002082,12,10,11,1815,1,1,1,5,4739948,52760,4,2,0,0,1,1,0,73,1,0,1,99,148,120,4,54,90,4,18.0
201200002095,12,3,29,715,2,1,1,6,4753512,34578,3,2,2,0,1,2,0,44,1,0,3,0,132,114,2,38,92,4,7.0
201200002118,12,4,25,2345,3,1,1,7,4732034,101190,3,0,2,0,2,0,0,0,1,0,0,0,90,50,6,30,54,3,23.0
201200002127,12,8,13,1845,1,1,1,2,4734125,114302,3,2,2,0,1,1,0,60,1,0,1,99,112,62,14,66,32,1,18.0
201200002162,12,4,9,1830,1,1,1,7,4769293,86388,3,2,2,0,0,2,0,60,1,0,3,0,100,62,6,36,58,1,18.0
201200002219,12,11,8,1615,1,1,1,1,4831091,71652,2,2,0,0,0,1,60,0,1,0,0,0,144,132,6,50,88,4,16.0
201200002282,12,9,5,230,3,1,1,6,4775400,15600,3,2,2,0,1,1,35,35,1,0,1,0,90,74,6,42,42,3,2.0
201200002297,12,11,25,1700,1,1,1,1,4779200,4000,3,2,3,0,1,1,0,108,1,0,1,99,116,48,10,56,50,7,17.0
201200002542,12,11,26,845,1,1,1,1,4447400,89800,3,2,0,0,1,1,0,60,1,0,1,99,134,80,14,42,78,1,8.0
201200002775,12,10,9,800,1,2,2,3,4477900,12700,3,2,2,0,1,1,0,45,2,5,1,99,180,158,8,58,114,2,8.0
201200002801,12,8,2,1900,1,1,7,2,4481000,7300,3,2,0,0,2,1,0,84,1,5,1,99,114,70,12,64,38,4,19.0
201200002844,12,11,2,900,2,1,2,7,4494200,4900,3,2,0,0,2,1,0,65,2,0,3,0,228,150,10,54,164,5,9.0
201200002859,12,4,29,645,2,1,8,6,4504600,19400,3,2,2,0,2,3,0,63,2,0,3,0,130,56,18,56,56,7,6.0
201200003303,12,9,13,800,1,1,1,1,4691400,9300,3,2,1,0,1,1,0,44,2,0,1,99,114,66,6,48,60,4,8.0
201200003305,12,12,27,2330,5,1,1,7,4692600,21100,3,2,2,0,0,2,0,32,2,0,1,3,98,40,8,28,62,4,23.0
201200003358,12,5,14,1845,1,1,1,4,4550467,11739,2,3,4,0,2,1,0,140,1,0,1,99,154,132,10,42,102,1,18.0
201200004831,12,2,6,1630,1,3,7,3,4582160,494717,3,2,2,0,1,1,0,0,1,0,1,0,102,72,2,26,74,1,16.0
201200004914,12,2,3,800,1,3,1,3,4507800,481800,3,2,0,1,1,2,0,80,1,5,1,99,138,106,6,48,84,5,8.0
201200005020,12,1,30,1235,1,1,1,3,4984153,329377,4,2,2,2,1,1,0,79,1,0,1,99,76,50,10,16,50,1,12.0
201100000001,11,1,22,1400,1,1,1,3,5053589,295262,3,2,2,0,1,1,0,60,1,0,1,0,200,96,14,54,132,6,14.0
201100000002,11,6,24,1500,1,1,1,3,5051652,293898,3,2,0,0,0,0,0,0,0,0,0,0,236,154,16,92,128,5,15.0
201100000003,11,9,16,645,2,1,1,6,5051080,290322,3,2,2,0,1,1,0,60,1,0,1,99,160,138,20,62,78,5,6.0
201100000004,11,9,22,1515,1,1,1,5,5051861,293043,3,2,0,0,1,1,0,58,1,0,1,0,148,104,10,58,80,4,15.0
201100000005,11,10,24,1545,1,1,1,6,5052506,293541,3,2,2,0,1,1,0,0,1,0,1,3,118,58,8,54,56,1,15.0
201100000006,11,11,14,1745,5,1,1,2,5052684,293423,3,2,0,0,0,1,0,0,1,0,1,0,148,96,8,58,82,1,17.0
201100000007,11,4,8,1600,1,1,1,3,5055959,283988,2,3,2,3,1,1,0,70,1,0,1,99,306,206,16,128,162,5,16.0
201100000008,11,4,13,1830,1,1,8,3,5054176,281974,3,2,0,0,1,1,0,0,1,0,1,99,162,128,4,54,104,3,18.0
201100000009,11,4,24,130,5,6,1,6,5054272,283791,3,2,2,0,1,0,0,70,1,5,3,0,170,94,14,82,74,7,1.0
201100000010,11,5,27,1915,1,9,1,6,5060795,285411,4,2,0,0,0,0,0,0,0,0,0,0,204,136,12,84,108,5,19.0
201100000011,11,6,13,1900,1,1,1,6,5062633,286057,3,2,2,0,1,2,0,70,1,0,1,99,168,74,6,78,84,1,19.0
201100000012,11,10,26,1500,1,1,1,3,5053225,281286,3,0,1,0,1,1,0,0,1,0,1,99,124,100,8,48,68,3,15.0
201100000013,11,11,11,300,5,6,1,6,5055377,287350,4,2,0,0,1,0,0,0,1,5,4,0,124,62,16,72,36,5,3.0
201100000014,11,11,16,1745,5,1,5,1,5055752,283702,2,2,3,2,1,1,45,210,1,0,5,0,108,86,2,58,48,3,17.0
201100000015,11,11,28,815,1,6,1,6,5053838,280836,4,2,2,0,1,0,0,58,1,6,1,99,100,72,8,26,66,1,8.0
201100000016,11,11,27,1615,2,1,1,2,5055706,283591,2,3,3,0,1,1,0,69,1,0,1,0,114,46,18,50,46,7,16.0
201100000017,11,1,7,1730,5,1,2,3,5057680,312425,3,2,2,0,0,1,0,120,2,0,1,0,168,146,4,74,90,5,17.0
201100000018,11,1,14,2100,5,1,1,1,5057687,312868,3,3,2,0,2,1,22,101,2,0,1,0,228,190,16,88,124,5,21.0
201100000019,11,1,20,700,2,1,9,7,5047118,314093,3,2,2,0,1,2,0,66,7,0,3,99,140,104,4,58,78,4,7.0
201100000020,11,1,27,1800,5,1,1,3,5055818,313667,4,2,2,0,1,1,0,60,1,0,1,99,128,94,4,64,60,4,18.0
201100000021,11,6,8,1415,1,1,1,1,5056737,314345,3,2,2,0,0,1,0,77,1,0,1,0,160,122,4,52,104,3,14.0
201100000022,11,9,1,1945,2,1,1,1,5055448,312660,5,2,2,0,1,1,0,60,1,0,1,0,110,62,4,62,44,4,19.0
201100000023,11,9,4,1145,1,1,8,3,5049542,312952,3,2,2,0,1,1,0,65,2,0,1,0,116,64,8,60,48,7,11.0
201100000024,11,10,3,1500,1,1,1,4,5057710,312989,3,2,2,0,4,3,0,84,1,0,1,0,178,114,12,78,88,1,15.0
201100000025,11,11,26,555,2,1,1,6,5049605,319054,3,2,2,0,0,1,60,60,1,0,1,99,154,92,8,66,80,6,5.0
201100000026,11,12,25,1145,1,1,8,6,5049704,312921,3,2,2,0,1,4,0,70,2,0,3,0,58,20,8,22,28,7,11.0
201100000027,11,1,28,1700,2,1,1,1,5045312,307978,3,2,2,0,2,1,0,70,1,0,1,0,154,110,10,54,90,5,17.0
201100000028,11,4,1,1815,1,1,1,3,5045706,303264,3,2,2,0,1,1,0,70,1,5,1,99,254,174,8,98,148,5,18.0
201100000029,11,6,3,1700,1,1,1,6,5045535,303094,3,2,2,0,1,1,0,67,1,0,1,99,166,136,4,64,98,5,17.0
201100000030,11,6,23,1800,1,1,1,1,5046145,302783,4,2,2,0,1,2,0,0,1,0,1,99,186,120,8,66,112,4,18.0
201100000031,11,8,4,1530,1,1,1,6,5047011,304563,3,2,2,1,1,1,0,70,1,0,3,0,166,128,8,90,68,4,15.0
201100000033,11,1,17,800,1,1,1,6,5096914,232123,4,0,0,0,1,1,0,0,1,0,1,3,176,116,12,62,102,1,8.0
201100000034,11,3,23,1845,1,1,7,3,5095357,220730,3,0,0,0,1,0,60,0,1,0,1,0,192,132,10,76,106,3,18.0
201100000035,11,4,23,1115,1,1,1,2,5096744,223993,3,2,2,0,1,1,0,52,1,0,1,0,254,134,14,120,120,6,11.0
201100000037,11,7,8,1615,1,1,1,1,5095868,218583,3,2,3,0,1,1,0,0,1,0,1,0,178,144,10,76,92,5,16.0
201100000038,11,7,15,2045,1,1,1,2,5097336,231305,3,2,2,0,1,1,0,63,1,0,1,99,172,108,12,76,84,5,20.0
201100000039,11,11,10,1400,1,9,1,3,5096023,218366,3,3,2,0,4,1,0,74,1,3,1,0,152,88,2,80,70,4,14.0
201100000040,11,4,16,1630,1,1,1,6,5090372,249716,3,2,2,0,1,2,0,60,1,0,0,0,276,142,30,130,116,6,16.0
201100000041,11,5,1,930,1,1,1,1,5089105,232286,3,2,0,0,1,1,0,65,1,0,1,0,192,94,12,102,78,7,9.0
201100000042,11,5,25,745,1,1,1,6,5086567,232997,3,2,2,0,1,1,0,63,1,0,1,99,246,192,24,84,138,3,7.0
201100000044,11,8,15,1330,1,1,1,3,5089535,234680,4,2,0,0,1,1,0,45,1,0,1,0,124,78,6,76,42,1,13.0
201100000045,11,9,3,300,3,1,1,6,5085270,253340,3,2,1,0,1,3,0,48,1,0,3,0,170,118,10,96,64,6,3.0
201100000046,11,10,1,1115,1,2,1,3,5088934,246415,3,2,1,0,1,1,0,62,9,0,1,99,156,102,8,78,70,6,11.0
201100000047,11,11,19,645,2,1,5,7,5088564,240645,3,2,2,0,1,2,0,61,2,0,1,99,168,112,18,86,64,6,6.0
201100000048,11,11,23,1,3,1,2,6,5086986,235277,3,2,2,0,1,1,0,63,2,0,3,0,114,74,10,48,56,3,0.0
201100000049,11,12,10,1030,1,1,7,2,5088546,240660,3,2,2,0,0,1,0,63,1,0,1,0,156,94,20,68,68,6,10.0
201100000050,11,2,6,515,2,1,1,1,5070202,252280,3,2,0,0,0,1,0,0,1,0,1,0,180,88,18,82,80,7,5.0
201100000051,11,6,26,1800,1,1,1,1,5071567,237381,3,2,0,0,1,1,0,0,1,0,1,0,206,140,14,94,98,7,18.0
201100000052,11,7,9,2315,3,1,1,1,5068040,257375,3,2,2,0,0,2,0,62,1,0,1,99,148,102,6,84,58,6,23.0
201100000053,11,7,24,2115,1,9,1,6,5071595,261129,4,2,0,0,1,1,0,61,1,0,3,0,144,80,12,72,60,7,21.0
201100000054,11,8,11,1845,1,1,1,1,5072385,240025,4,2,0,0,1,3,0,35,1,0,1,0,118,70,8,54,56,4,18.0
201100000055,11,10,10,245,3,1,3,6,5075013,240189,3,2,1,0,1,1,0,0,2,0,4,0,134,84,4,42,88,1,2.0
201100000056,11,11,24,1530,1,1,1,3,5075271,247412,3,2,2,0,1,1,60,0,1,0,1,0,136,88,8,56,72,4,15.0
201100000057,11,12,7,1745,3,1,1,1,5075273,254205,3,2,0,2,1,1,0,90,1,0,1,99,164,102,10,82,72,3,17.0
201100000058,11,12,13,1700,1,1,1,6,5069351,251737,3,0,0,0,1,1,0,0,2,0,1,0,172,100,18,72,82,2,17.0
201100000059,11,3,20,1045,1,1,1,1,5080588,267842,3,2,2,0,2,3,0,52,1,0,1,99,152,108,18,68,66,7,10.0
201100000060,11,5,11,1400,1,1,1,3,5078713,267061,4,2,2,0,4,1,0,52,1,0,1,99,188,154,4,70,114,3,14.0
201100000061,11,7,10,200,3,1,1,7,5074972,264436,3,2,2,0,1,2,0,44,1,0,1,99,174,72,12,104,58,7,2.0
201100000062,11,11,21,1930,2,1,8,6,5076292,266925,3,2,2,0,0,3,0,0,1,0,1,99,100,88,8,42,50,1,19.0
201100000063,11,12,31,2115,3,1,1,4,5061356,274800,3,2,2,0,1,1,0,0,1,0,4,0,96,66,10,52,34,6,21.0
201100000065,11,1,21,1545,1,1,1,1,5063361,270364,3,2,2,0,1,1,0,60,1,5,1,99,178,124,12,70,96,5,15.0
201100000066,11,2,4,800,2,1,1,6,5064236,270013,3,2,2,0,1,4,0,60,1,0,3,0,188,142,10,62,116,5,8.0
201100000068,11,6,16,1845,1,1,1,3,5065320,274717,3,2,2,0,1,1,0,57,1,0,1,0,194,164,6,86,102,4,18.0
201100000069,11,7,22,1845,1,1,1,6,5064936,270411,5,2,1,0,1,1,0,37,1,0,1,99,136,86,6,62,68,5,18.0
201100000070,11,7,28,715,1,1,8,3,5064322,272178,3,2,2,0,1,3,0,75,2,0,1,0,158,92,14,66,78,4,7.0
201100000071,11,10,28,1645,1,1,1,3,5069990,279116,3,2,2,0,0,2,0,57,1,0,1,99,138,72,16,66,56,5,16.0
201100000072,11,11,1,2145,3,1,1,7,5069683,274505,3,2,2,0,1,1,0,54,0,0,1,99,134,52,6,50,78,2,21.0
201100000073,11,12,3,750,2,1,2,5,5067267,278690,3,2,0,0,1,2,57,0,2,0,1,0,140,94,14,58,68,6,7.0
201100000074,11,1,9,1045,1,1,1,7,5063989,256227,3,2,0,0,0,1,0,60,0,0,3,0,134,72,8,48,78,7,10.0
201100000075,11,5,14,1045,1,1,1,3,5064675,262641,4,2,0,0,1,1,0,57,1,0,1,99,232,138,20,96,116,6,10.0
201100000076,11,5,20,745,1,1,1,3,5070351,263746,3,2,2,0,1,1,0,0,1,0,1,99,228,180,16,82,130,5,7.0
201100000077,11,6,9,1200,1,1,1,7,5067056,265913,3,2,2,0,1,1,64,70,1,0,3,0,120,92,6,44,70,4,12.0
201100000078,11,8,24,2330,3,1,1,6,5065755,265090,4,2,2,0,1,2,0,50,1,0,3,0,126,90,12,46,68,3,23.0
201100000079,11,1,11,1715,3,1,1,6,5079529,242564,3,2,2,0,1,3,0,50,2,0,1,99,166,124,4,66,96,2,17.0
201100000080,11,2,13,1300,1,2,1,3,5082334,248031,3,2,0,0,1,0,0,0,1,0,0,0,136,108,12,66,58,7,13.0
201100000083,11,6,12,615,1,2,1,3,5080662,243987,3,2,2,0,1,1,0,0,1,5,1,0,156,74,16,88,52,7,6.0
201100000084,11,7,13,645,1,1,2,1,5080380,240437,3,2,0,0,1,2,0,58,2,0,1,99,214,120,16,72,126,3,6.0
201100000085,11,7,31,100,3,1,1,7,5078457,256460,3,0,2,0,1,1,0,67,1,0,1,99,186,86,14,100,72,7,1.0
201100000086,11,7,29,1900,1,3,1,1,5079690,264506,4,2,2,0,1,3,0,58,1,0,1,99,224,108,12,124,88,5,19.0
201100000087,11,8,30,1700,1,2,1,3,5079310,264253,3,2,0,0,1,1,0,0,1,5,1,0,124,94,10,56,58,2,17.0
201100000088,11,10,4,1715,1,1,1,6,5080581,246416,3,2,2,0,0,1,0,0,1,0,1,99,166,116,4,74,88,2,17.0
201100000089,11,1,12,545,3,1,9,6,5060764,326579,3,2,0,1,1,1,0,72,2,0,1,99,204,134,18,78,108,3,5.0
201100000091,11,3,25,1500,1,1,1,6,5058836,322865,3,2,2,0,1,3,0,0,1,0,3,0,236,172,18,88,130,5,15.0
201100000092,11,5,7,1815,1,1,1,6,5061931,320670,4,2,0,0,1,2,0,0,1,0,3,0,212,138,18,106,88,6,18.0
201100000093,11,10,2,1800,1,1,1,6,5062867,324786,4,2,1,0,1,3,0,0,1,0,0,99,210,122,32,114,64,7,18.0
201100000094,11,12,6,1030,1,1,1,6,5060837,325287,3,2,2,0,1,1,0,104,1,0,1,0,162,110,6,58,98,2,10.0
201100000096,11,2,14,1800,1,3,1,1,5057692,319379,3,2,2,0,1,1,70,52,1,0,1,99,126,88,4,36,86,1,18.0
201100000097,11,1,16,1300,1,1,1,7,5071621,302242,3,2,0,0,1,1,0,80,1,0,1,0,200,98,14,100,86,7,13.0
201100000099,11,5,31,1300,1,1,1,1,5068509,297949,4,2,1,0,1,4,0,34,1,0,1,99,188,138,8,82,98,2,13.0
201100000100,11,6,2,1545,1,1,1,7,5068749,297324,4,2,2,0,1,1,0,70,1,0,1,99,164,88,14,84,66,4,15.0
201100000101,11,10,5,1700,1,1,1,7,5072428,294698,3,2,2,1,1,2,0,0,1,0,0,99,136,74,10,52,74,3,17.0
201100000102,11,10,11,2330,5,1,1,1,5071171,299847,3,1,1,0,2,1,0,0,1,0,1,0,134,96,4,46,84,2,23.0
201100000103,11,10,18,1945,5,1,1,7,5074199,296754,3,2,2,1,1,2,0,0,1,0,1,99,132,102,8,40,84,2,19.0
201100000104,11,12,4,130,3,1,8,7,5068498,297954,4,2,0,0,1,3,0,35,2,0,1,0,134,92,4,78,52,7,1.0
201100000105,11,4,3,900,1,1,1,7,5035757,359599,3,2,2,0,1,2,0,61,1,0,1,99,164,88,12,68,84,7,9.0
201100000106,11,12,2,1815,5,2,1,3,5029942,329266,3,2,2,0,1,1,0,0,1,5,1,99,182,152,8,94,80,5,18.0
201100000108,11,12,14,745,2,1,3,3,5025551,332094,3,2,0,0,1,2,60,0,2,3,1,0,138,80,6,54,78,3,7.0
201100000109,11,9,17,1030,1,1,1,1,5046262,342642,3,2,2,2,1,3,0,72,1,0,1,0,146,64,12,70,64,6,10.0
201100000110,11,3,5,1500,1,1,7,3,5005747,393283,2,2,1,0,3,1,0,84,1,0,1,0,198,152,14,82,102,6,15.0
201100000112,11,4,21,515,3,1,1,6,5014185,394736,2,2,2,0,0,1,0,62,0,0,1,0,234,136,14,82,138,4,5.0
201100000113,11,5,23,1900,1,1,1,3,5005826,380244,3,4,2,0,1,1,0,50,1,0,1,0,242,180,10,66,166,1,19.0
201100000114,11,6,27,1630,1,1,1,3,5010343,388292,3,2,0,0,1,1,0,53,1,0,1,0,196,128,10,92,94,1,16.0
201100000116,11,8,22,1445,1,1,1,7,5013186,391712,3,2,0,0,1,1,0,54,1,0,1,0,174,96,16,84,74,1,14.0
201100000118,11,10,21,1730,1,1,1,1,5010341,388281,3,2,2,0,1,1,0,0,1,0,1,99,216,164,14,78,124,5,17.0
201100000121,11,11,15,1655,1,1,1,6,5011842,394710,3,2,2,0,2,1,0,0,1,0,1,3,82,52,8,42,32,2,16.0
201100000122,11,6,6,1215,1,1,1,6,5001372,404420,3,2,2,0,1,1,0,0,1,0,1,0,82,76,2,18,62,1,12.0
201100000123,11,6,5,1730,1,1,1,3,4999930,403790,3,2,0,0,1,1,0,126,1,0,1,0,152,96,16,68,68,7,17.0
201100000124,11,7,3,2145,1,1,1,6,4999032,409484,3,0,2,0,1,1,0,0,1,0,4,99,204,124,12,122,70,7,21.0
201100000125,11,8,25,1930,1,1,1,7,5001697,405036,4,2,1,0,1,3,0,44,1,0,4,99,124,80,6,64,54,4,19.0
201100000128,11,2,26,2230,3,1,2,6,5007533,373195,3,2,2,0,1,1,0,57,2,0,1,99,152,120,12,68,72,6,22.0
201100000130,11,5,5,1915,1,1,1,1,5018682,360811,4,2,2,0,1,1,0,0,1,0,1,99,220,166,6,100,114,4,19.0
201100000131,11,5,30,830,1,1,1,3,5019543,363946,3,2,2,0,0,1,0,73,1,0,1,99,266,184,18,98,150,1,8.0
201100000132,11,6,14,1815,1,1,1,2,5016857,360996,3,2,2,0,1,1,0,61,1,0,1,99,196,130,10,62,124,2,18.0
201100000133,11,8,2,1800,1,1,1,3,5014073,357133,3,2,2,0,1,1,0,0,1,0,1,3,134,106,12,72,50,2,18.0
201100000134,11,8,31,845,1,1,1,1,5018883,360314,4,0,0,0,0,0,0,0,1,0,1,0,160,98,24,66,70,3,8.0
201100000135,11,9,2,2130,3,1,1,6,5009644,373460,3,2,2,0,1,1,0,55,1,0,3,0,190,112,8,74,108,5,21.0
201100000136,11,11,3,1730,5,1,2,2,5012435,369009,3,2,0,0,1,1,0,70,2,0,1,0,164,102,16,88,60,4,17.0
201100000137,11,11,20,1830,3,1,1,1,5013403,378415,3,2,0,0,0,1,0,0,1,0,1,0,132,76,6,66,60,7,18.0
201100000139,11,5,19,1530,1,1,1,3,5005670,408329,4,2,2,0,1,2,0,50,1,0,1,99,210,154,12,80,118,4,15.0
201100000141,11,6,19,845,1,9,2,6,5012201,408594,3,2,2,0,1,4,0,62,2,0,3,99,192,110,16,100,76,7,8.0
201100000142,11,8,16,1545,1,1,1,6,5012850,399398,3,2,0,0,1,1,0,48,1,0,1,0,118,68,10,60,48,2,15.0
201100000143,11,8,18,730,2,1,1,6,5011978,407777,3,2,0,0,1,1,0,62,1,0,4,0,148,98,10,68,70,4,7.0
201100000144,11,9,28,2000,5,1,1,3,5009461,401509,3,2,2,0,1,1,0,56,1,0,1,0,176,142,10,62,104,3,20.0
201100000145,11,11,2,715,2,1,1,1,5003281,410171,3,2,2,0,1,0,0,62,2,0,1,0,114,68,10,60,44,3,7.0
201100000147,11,2,11,2000,3,1,1,1,5022135,332957,3,2,2,0,1,1,0,60,1,0,1,0,192,132,16,80,96,5,20.0
201100000148,11,4,22,1615,1,1,1,6,5023124,332807,3,2,1,0,1,1,0,0,1,0,4,0,194,170,12,64,118,5,16.0
201100000149,11,6,7,915,2,1,1,1,5023554,332100,3,0,0,0,0,0,0,0,0,0,0,0,152,128,4,50,98,2,9.0
201100000152,11,5,3,1215,1,1,1,1,5009958,356353,3,3,2,0,1,0,0,61,1,0,1,99,202,140,6,86,110,2,12.0
201100000154,11,7,30,2230,5,1,1,6,5009889,356571,3,2,0,1,2,1,0,0,1,0,5,0,168,128,14,66,88,6,22.0
201100000155,11,8,28,1700,1,1,1,1,5009182,358890,3,2,0,0,2,2,0,0,1,0,4,99,194,88,14,100,80,7,17.0
201100000156,11,9,20,945,1,1,1,6,5010542,354239,3,2,0,0,2,1,35,70,1,0,1,0,150,102,16,60,74,2,9.0
201100000159,11,2,22,1145,1,1,1,1,5012585,341431,4,1,1,0,2,1,0,0,1,0,1,99,116,100,6,48,62,2,11.0
201100000160,11,3,8,1700,1,1,1,6,5012602,342138,4,2,2,0,1,1,0,70,1,0,1,3,216,198,10,82,124,2,17.0
201100000161,11,4,20,1845,1,1,1,3,5012672,344325,3,2,0,3,2,1,34,106,1,5,1,0,208,150,14,80,114,3,18.0
201100000164,11,10,9,1745,1,1,1,2,5012345,345750,3,2,2,0,1,1,0,0,1,0,1,0,126,62,8,70,48,7,17.0
201100000168,11,4,27,1430,1,1,1,3,5003658,347365,3,2,0,0,1,2,0,0,1,0,1,99,242,172,12,62,168,3,14.0
201100000169,11,6,20,1345,1,1,2,7,5004548,334500,3,2,2,0,2,1,0,69,2,0,3,0,158,112,8,66,84,1,13.0
201100000170,11,8,26,1500,1,1,1,3,5005597,353921,3,2,2,0,2,1,0,0,1,0,1,99,148,118,12,56,80,5,15.0
201100000171,11,4,11,800,1,1,7,3,5013802,314415,3,2,2,0,1,1,0,64,1,0,1,0,186,110,18,78,90,1,8.0
201100000173,11,9,27,1915,1,1,1,6,5005665,326781,3,2,0,0,1,2,0,53,1,0,3,0,162,118,10,76,76,2,19.0
201100000176,11,10,19,2330,3,1,1,7,5024529,347343,3,2,2,0,2,1,0,58,1,0,1,0,146,84,12,56,78,3,23.0
201100000177,11,11,6,1805,1,1,1,5,5018761,346287,3,2,0,0,1,1,0,0,1,0,1,99,94,54,2,48,44,7,18.0
201100000178,11,3,21,1245,1,1,1,3,5031318,312264,3,2,4,0,1,1,0,112,1,0,1,99,198,140,10,74,114,1,12.0
201100000180,11,9,23,1830,1,1,1,2,5029161,316393,3,2,2,0,0,1,0,60,1,0,1,0,244,182,6,84,154,5,18.0
201100000183,11,10,8,1645,1,1,1,6,5033619,307186,3,2,2,0,1,3,0,69,1,0,3,99,154,96,6,88,60,6,16.0
201100000186,11,1,10,730,2,1,9,1,5049148,331426,3,2,2,0,1,2,0,0,7,0,1,0,192,122,12,76,104,1,7.0
201100000187,11,7,23,1930,1,1,1,6,5045958,328366,3,2,2,0,1,1,0,58,1,0,1,3,248,110,22,120,106,6,19.0
201100000188,11,9,7,1900,1,1,1,1,5047730,324602,4,2,0,0,0,1,0,80,1,0,1,99,124,94,10,46,68,3,19.0
201100000189,11,11,7,715,2,1,1,3,5049718,326568,3,2,2,1,1,1,0,75,1,0,1,0,94,52,4,28,62,1,7.0
201100000190,11,4,17,1930,1,1,1,7,5027680,387753,3,2,2,0,2,3,0,0,1,0,3,99,236,124,12,94,130,7,19.0
201100000191,11,4,18,1615,1,1,7,5,5029491,386156,3,2,0,0,3,1,0,130,1,3,1,0,144,110,8,46,90,1,16.0
201100000199,11,3,24,915,2,1,1,3,5030079,364588,3,0,2,0,1,1,10,20,1,5,1,99,198,152,8,80,110,4,9.0
201100000200,11,5,18,1630,1,1,1,3,5025004,364502,3,2,2,0,1,1,0,70,1,0,1,99,194,156,14,94,86,3,16.0
201100000203,11,5,8,1630,1,1,1,6,5021505,414921,3,2,2,0,2,4,0,58,1,0,1,99,212,104,12,110,90,7,16.0
201100000204,11,10,20,1715,1,1,1,7,5015822,408096,3,2,2,0,1,1,50,50,1,0,0,0,148,98,12,58,78,4,17.0