Num_Acc,an,mois,jour,hrmn,lum,int,atm,col,lat,long,catr,circ,nbv,vosp,prof,plan,lartpc,larrout,surf,infra,situ,env1,sum,unscathed,killed,hospital,light,week,time
201100000215,11,6,28,1430,1,1,1,6,5013900,288300,3,2,2,0,1,1,0,66,1,0,1,99,186,154,4,76,106,2,14.0
201100000216,11,8,5,2215,3,1,1,5,5006600,289500,3,2,2,0,3,1,8,74,1,0,1,99,198,122,6,92,100,5,22.0
201100000218,11,10,30,145,3,1,1,6,5006600,297700,3,2,2,0,1,3,0,60,1,0,3,0,142,80,12,60,70,7,1.0
201100000234,11,3,6,1100,1,1,7,6,5039000,274500,3,2,2,0,1,1,0,75,1,0,3,0,174,96,6,72,96,7,11.0
201100000235,11,3,30,815,1,1,1,3,5035500,275000,3,2,2,0,1,1,0,0,1,5,1,99,162,108,16,60,86,3,8.0
201100000238,11,5,24,1330,1,1,1,6,5038500,277900,9,0,0,0,1,1,0,0,1,0,1,99,204,164,12,80,112,2,13.0
201100000239,11,8,14,1045,1,1,1,1,5037100,272700,4,2,1,0,1,3,0,0,2,0,1,0,152,50,4,78,70,7,10.0
201100000241,11,11,5,815,1,1,1,6,5035700,280700,3,2,2,0,1,1,0,70,1,0,1,99,130,74,10,78,42,6,8.0
201100000242,11,12,9,1100,1,1,1,6,5033600,291200,3,3,4,3,1,1,80,190,1,0,3,0,178,132,16,74,88,5,11.0
201100000252,11,9,12,1445,1,1,1,1,5020100,302300,3,2,0,0,0,1,0,62,1,0,1,0,130,86,12,60,58,1,14.0
201100000258,11,12,5,1900,3,1,2,6,5025200,306500,4,2,2,0,1,1,0,65,2,0,1,99,170,120,28,68,74,1,19.0
201100000266,11,2,8,1730,1,1,7,6,5059300,230700,4,2,1,0,3,1,0,50,1,0,1,99,190,122,6,76,108,2,17.0
201100000270,11,9,8,815,1,9,8,3,5062200,253900,4,2,2,0,1,1,0,0,2,0,3,99,162,114,10,82,70,4,8.0
201100000274,11,1,13,800,2,1,2,3,5060300,275800,3,2,2,0,1,1,0,72,2,0,1,0,198,134,4,86,108,4,8.0
201100000279,11,4,19,1400,1,1,7,2,5063400,270200,3,2,2,0,1,1,0,75,1,0,1,99,228,184,8,80,140,2,14.0
201100000281,11,6,11,1815,1,1,1,6,5058000,262600,3,2,2,0,0,3,0,59,1,2,1,99,130,108,18,60,52,6,18.0
201100000283,11,7,12,1045,1,1,8,2,5064800,285300,3,2,2,0,1,1,0,64,1,0,1,0,138,92,4,50,84,2,10.0
201100000286,11,10,17,1315,1,1,1,5,5062800,268100,3,2,2,0,1,1,0,71,1,0,1,99,138,74,16,58,64,1,13.0
201100000288,11,1,8,245,3,1,2,6,5072800,183700,4,2,1,0,1,2,0,32,2,0,3,99,172,94,14,64,94,6,2.0
201100000298,11,7,2,1315,1,1,1,1,5069700,172000,3,2,0,0,1,1,0,0,1,0,1,0,238,152,20,98,120,6,13.0
201100000310,11,5,12,1845,1,1,1,1,5068700,157200,3,2,2,0,1,3,0,68,1,0,1,0,158,110,4,78,76,4,18.0
201100000315,11,5,22,345,5,1,1,7,5041100,172600,3,2,2,0,1,1,0,60,1,0,1,99,200,106,22,96,82,7,3.0
201100000318,11,8,23,1245,1,1,8,6,5057100,191400,3,2,2,0,1,1,0,0,1,0,1,0,150,104,12,58,80,2,12.0
201100000331,11,5,15,1000,1,1,1,3,5054100,162500,3,2,1,1,1,1,0,0,1,0,5,99,206,96,14,76,116,7,10.0
201100000334,11,12,23,1715,5,1,1,6,5052000,163400,4,2,0,0,1,1,0,94,1,0,1,0,172,138,18,80,74,5,17.0
201100000335,11,7,16,1430,1,1,2,1,5040300,197300,3,2,2,0,1,3,0,68,2,0,0,99,152,88,6,62,84,6,14.0
201100000352,11,12,17,1315,1,1,1,6,5064400,239800,4,2,2,0,1,1,0,78,1,0,1,99,194,104,8,84,102,6,13.0
201100000354,11,2,3,1400,1,1,1,5,5089000,197300,3,2,0,0,1,1,0,80,1,0,1,0,150,134,10,56,84,4,14.0
201100000361,11,3,13,1100,1,1,1,6,5060400,227300,3,2,0,0,1,1,0,55,6,0,1,0,122,68,6,58,58,7,11.0
201100000362,11,3,27,1615,1,2,1,3,5064700,203200,3,2,2,0,1,1,0,54,1,0,1,0,178,88,10,52,116,7,16.0
201100000365,11,4,15,745,1,1,1,6,5061500,227000,3,2,2,0,1,3,0,50,1,0,3,0,200,170,16,84,100,5,7.0
201100000375,11,8,19,1630,1,1,1,7,5067500,218600,4,2,0,0,2,1,0,30,6,0,3,99,194,138,12,100,82,5,16.0
201100000380,11,1,30,1645,1,1,1,4,5036600,203900,3,3,2,0,1,1,0,0,1,0,1,99,166,78,12,68,86,7,16.0
201100000381,11,2,25,730,1,1,1,2,5039100,217200,3,3,0,0,1,1,8,100,1,0,1,99,152,80,6,58,88,5,7.0
201100000382,11,3,18,1300,1,2,2,3,5032700,228400,3,2,2,0,1,1,0,46,2,5,1,0,204,126,12,58,134,5,13.0
201100000391,11,6,29,1330,1,9,1,1,5038900,214900,3,2,5,0,4,1,0,0,1,0,1,99,242,168,20,110,112,3,13.0
201100000394,11,8,20,1230,1,9,1,2,5038000,223900,3,2,0,0,1,1,0,59,1,0,1,99,142,106,12,60,70,6,12.0
201100000405,11,3,10,1230,1,1,1,6,5044000,264000,3,3,2,0,1,1,10,120,1,0,3,99,146,98,8,52,86,4,12.0
201100000600,11,12,28,1630,1,1,1,3,5010600,272400,3,2,0,0,2,2,0,0,1,0,1,0,120,68,8,50,62,3,16.0
201100000655,11,12,11,2045,5,1,3,6,4962416,320608,4,2,1,0,1,1,0,80,2,0,1,99,92,36,16,44,32,7,20.0
201100000812,11,4,6,1645,1,1,1,2,4942700,204300,3,2,2,0,1,1,82,0,1,0,1,99,174,160,6,44,124,3,16.0
201100000900,11,3,1,1600,1,1,1,2,4937100,216000,3,2,2,0,2,1,10,62,1,0,1,99,116,88,0,52,64,2,16.0
201100000937,11,5,28,1945,1,1,1,2,4932800,244900,3,2,2,0,2,1,0,0,1,0,1,0,216,140,14,90,112,6,19.0
201100000948,11,3,7,1730,1,1,1,3,4950500,234500,3,0,2,0,1,1,0,60,1,0,1,99,204,140,8,78,118,1,17.0
201100000949,11,4,7,1745,1,1,1,4,4951100,244200,3,2,0,2,2,3,0,72,1,0,1,0,196,156,12,72,112,4,17.0
201100000952,11,9,5,745,1,1,1,5,4951200,245400,3,2,2,0,0,1,0,0,2,0,1,99,150,102,8,48,94,1,7.0
201100000954,11,11,22,815,3,1,5,1,4960800,252600,3,2,2,0,2,3,0,66,2,0,1,0,124,84,10,48,66,2,8.0
201100000957,11,12,12,1645,1,2,9,3,4954000,238500,3,2,2,0,2,1,0,77,2,0,1,99,132,80,14,50,68,1,16.0
201100000963,11,1,25,1600,1,1,8,1,4947300,286500,3,2,2,0,1,2,0,58,2,0,1,0,154,124,18,46,90,2,16.0
201100000967,11,3,9,1230,1,1,1,6,4948800,290300,3,2,1,0,1,1,66,0,1,0,1,99,140,96,2,56,82,3,12.0
201100000968,11,4,29,1615,1,2,1,3,4941700,308000,4,2,2,0,1,1,0,0,1,0,1,0,188,144,4,62,122,5,16.0
201100000973,11,7,5,1600,1,1,1,3,4949000,286700,3,2,2,0,1,1,11,155,1,0,1,99,210,142,18,66,126,2,16.0
201100000979,11,12,18,915,1,1,1,6,4941400,293600,2,2,2,0,1,1,75,0,1,0,3,0,134,90,16,68,50,7,9.0
201100000981,11,12,30,1145,1,1,1,5,4951400,292200,3,2,1,0,1,1,0,0,1,0,1,99,76,54,2,24,50,5,11.0
201100000983,11,4,14,445,3,1,1,2,4935900,273000,3,3,4,0,1,1,10,128,1,0,1,0,158,118,8,52,98,4,4.0
201100000987,11,1,5,1430,1,1,1,1,4935000,268700,3,2,0,0,1,1,0,70,1,0,1,99,188,160,16,52,120,3,14.0
201100000994,11,6,30,900,1,2,1,3,4955000,268500,3,0,2,0,1,1,0,0,1,0,1,0,204,140,14,50,140,4,9.0
201100001009,11,2,24,1700,1,1,1,2,4956100,299200,3,2,0,0,1,1,0,0,1,0,1,99,148,114,8,68,72,4,17.0
201100001037,11,3,17,1530,1,1,1,6,4917300,244900,3,2,2,0,1,1,0,0,1,0,3,0,164,104,14,54,96,4,15.0
201100001041,11,4,26,1545,1,2,1,3,4918800,241400,4,2,2,0,1,1,0,0,1,0,1,0,162,104,4,62,96,2,15.0
201100001070,11,4,12,730,1,1,1,3,4916400,284900,2,2,0,0,1,1,0,74,0,0,1,99,176,120,10,64,102,2,7.0
201100001073,11,5,9,430,3,1,1,6,4912300,277900,2,2,2,0,1,1,73,0,1,0,1,0,122,74,10,30,82,1,4.0
201100001085,11,12,20,1145,1,1,1,6,4916100,276400,3,2,2,0,1,2,0,33,2,0,3,99,126,80,16,54,56,2,11.0
201100001092,11,5,16,530,2,1,1,6,4927000,267200,3,2,2,0,0,3,0,60,1,0,0,0,172,120,6,62,104,1,5.0
201100001101,11,1,26,1215,1,2,1,3,4954010,100933,3,2,2,0,1,1,0,50,1,0,1,0,186,122,14,84,88,3,12.0
201100001104,11,5,17,2300,3,1,1,6,4947960,101340,1,1,1,0,2,3,0,0,1,3,3,0,218,134,6,76,136,2,23.0
201100001106,11,7,14,500,3,1,1,7,4950060,110776,3,2,2,0,2,3,0,52,1,0,1,99,180,118,14,68,98,4,5.0
201100001110,11,3,3,745,2,1,1,3,4952210,116609,3,2,2,0,1,1,0,61,1,0,1,0,126,94,8,52,66,4,7.0
201100001113,11,5,2,2000,1,1,1,7,4961750,105257,3,2,2,0,2,1,0,58,1,0,1,99,170,108,10,58,102,1,20.0
201100001117,11,9,11,1730,1,1,1,1,4953660,106191,3,2,0,0,1,3,0,60,1,0,1,99,128,92,8,64,56,7,17.0
201100001119,11,10,7,1930,2,1,1,1,4955251,105353,3,2,2,0,1,1,0,0,2,0,1,99,216,146,16,88,112,5,19.0
201100001121,11,3,22,730,1,1,1,7,4991370,136422,3,2,2,0,0,2,0,60,1,0,3,99,224,146,10,82,132,2,7.0
201100001122,11,9,29,1030,1,3,1,1,4987625,115687,3,2,2,0,1,1,0,61,1,0,1,99,198,136,8,88,102,4,10.0
201100001127,11,8,29,815,1,1,1,3,4981609,116362,3,2,3,0,0,3,0,105,2,0,1,0,114,70,14,54,46,1,8.0
201100001136,11,4,28,1345,1,1,1,2,4968560,103831,2,1,2,0,1,1,0,0,1,0,1,0,192,126,8,82,102,4,13.0
201100001137,11,5,6,1215,1,1,1,6,4974000,97001,4,1,1,0,1,1,0,30,1,0,1,99,170,98,14,90,66,5,12.0
201100001143,11,7,21,1700,1,1,1,3,4940370,117196,4,2,2,0,1,0,0,263,1,5,1,0,130,100,16,56,58,4,17.0
201100001144,11,9,26,1915,1,1,1,6,4937600,112573,3,2,2,0,1,3,0,66,1,0,1,0,124,110,10,62,52,1,19.0
201100001146,11,3,15,1615,1,1,1,2,4949400,87199,3,2,2,0,1,0,0,60,1,0,0,0,170,130,2,70,98,2,16.0
201100001148,11,4,5,1745,1,1,1,1,4945770,82032,3,2,2,0,0,2,0,52,1,0,1,0,204,152,6,78,120,2,17.0
201100001151,11,6,18,1630,1,1,1,6,4947790,81355,4,2,2,0,2,3,0,58,1,4,3,99,208,130,10,108,90,6,16.0
201100001153,11,7,6,2330,5,1,1,6,4950500,93900,3,2,2,0,1,1,0,60,1,0,4,3,200,110,10,84,106,3,23.0
201100001155,11,8,1,1815,1,3,1,3,4949430,85982,3,2,2,0,1,1,0,53,1,0,1,0,194,102,18,90,86,1,18.0
201100001157,11,10,6,800,2,1,2,6,4942720,79107,3,2,2,0,1,1,0,93,2,0,3,0,154,112,14,56,84,4,8.0
201100001160,11,12,15,745,3,1,2,5,4950017,94436,3,2,2,0,1,1,0,62,2,0,1,0,122,86,10,64,48,4,7.0
201100001164,11,6,15,1845,1,1,1,1,4965860,24623,3,2,2,0,2,3,0,0,2,0,1,0,152,128,10,56,86,3,18.0
201100001165,11,7,7,445,2,1,1,3,4970010,26645,3,2,0,0,1,2,0,58,1,0,1,0,192,112,14,88,90,4,4.0
201100001168,11,10,16,1815,2,2,1,3,4961633,28525,3,2,2,0,3,1,0,60,1,0,1,0,154,62,18,96,40,7,18.0
201100001170,11,10,22,1645,1,1,1,1,4964648,30595,3,2,2,0,0,3,0,70,1,0,1,0,170,114,26,90,54,6,16.0
201100001173,11,12,27,1015,1,1,7,6,4964558,36867,3,2,2,0,2,1,0,71,2,0,1,99,116,66,2,38,76,2,10.0
201100001177,11,4,9,1630,1,2,1,3,4965000,63200,3,2,2,0,1,1,0,44,1,0,1,99,176,100,18,62,96,6,16.0
201100001183,11,10,25,1145,1,1,1,6,4958972,51301,3,2,2,0,3,2,0,56,9,4,1,0,126,88,12,38,76,2,11.0
201100001184,11,11,13,300,3,1,1,7,4966087,51235,3,2,2,0,1,3,0,51,1,0,1,0,78,40,6,52,20,7,3.0
201100001185,11,2,10,800,2,3,1,1,4948630,28356,4,2,2,0,1,1,0,0,1,0,1,99,156,122,14,40,102,4,8.0
201100001186,11,6,1,315,3,1,1,6,4956980,30453,3,2,2,0,1,1,55,55,1,0,3,0,158,104,20,70,68,3,3.0
201100001188,11,7,4,1415,1,1,1,1,4951730,38057,3,2,2,0,0,1,0,71,1,0,1,99,208,134,8,98,102,1,14.0
201100001190,11,10,13,715,1,3,2,3,4947658,25510,5,0,0,0,0,0,0,0,0,0,0,0,124,68,8,64,52,4,7.0
201100001192,11,11,29,1915,5,1,3,7,4949462,28523,3,2,2,0,1,1,0,71,2,0,1,0,122,66,8,50,64,2,19.0
201100001196,11,7,17,1030,1,1,6,6,4987970,145511,3,2,2,0,4,3,0,45,2,0,3,0,116,48,20,66,30,7,10.0
201100001197,11,10,23,1915,2,1,1,7,4970422,136651,4,2,2,0,1,3,0,0,6,0,1,0,118,52,10,46,62,7,19.0
201100001198,11,10,29,1800,1,3,1,3,4969948,136174,1,1,1,0,3,1,0,0,1,3,1,0,128,46,12,66,50,6,18.0
201100001199,11,11,25,1500,1,1,1,6,4975306,142101,3,2,2,0,2,4,0,62,1,0,1,99,170,108,20,74,76,5,15.0
201100001201,11,12,22,2300,3,1,1,6,4968440,150146,3,2,2,0,0,2,0,62,1,0,0,99,122,84,6,46,70,4,23.0
201100001202,11,1,2,1230,1,3,1,1,4993740,159681,3,2,0,0,1,1,0,0,1,0,0,0,92,58,8,34,50,7,12.0
201100001206,11,5,29,1845,1,1,1,3,4975640,170717,3,2,2,0,3,1,0,0,1,0,1,99,242,102,32,138,72,7,18.0
201100001207,11,7,1,2330,3,1,1,6,4974600,173099,3,2,2,0,1,2,0,62,1,0,3,99,184,110,8,86,90,5,23.0
201100001210,11,12,8,900,1,1,1,6,4975855,171454,3,2,2,0,2,2,0,60,1,0,1,99,144,80,12,56,76,4,9.0
201100001215,11,11,17,1800,3,1,1,6,4965240,136534,4,2,0,0,2,1,0,0,1,0,1,99,152,80,22,52,78,4,18.0
201100001217,11,2,7,1045,1,1,1,6,4945790,140571,2,2,3,0,2,4,0,104,1,0,1,99,148,116,12,54,82,1,10.0
201100001220,11,6,25,1915,1,2,1,3,4946470,158379,2,2,2,0,2,1,0,0,1,0,1,0,198,100,14,92,92,6,19.0
201100001222,11,9,10,415,3,1,1,6,4950644,166886,3,2,2,0,1,1,0,0,1,0,1,0,144,110,8,72,64,6,4.0
201100001232,11,8,7,1530,1,1,1,7,4956374,82680,3,2,2,0,1,3,0,53,1,0,3,99,166,84,14,84,68,7,15.0
201100001237,11,2,16,1615,1,1,1,1,4978390,86983,3,0,2,0,0,1,0,60,1,0,1,99,158,110,8,74,76,3,16.0
201100001241,11,9,30,230,3,1,1,6,4983845,82875,3,2,0,0,1,3,60,0,1,0,3,0,192,140,10,86,96,5,2.0
201100001244,11,11,18,1730,2,1,1,1,4986550,85921,3,2,2,0,1,1,0,73,1,0,1,99,128,130,12,64,52,5,17.0
201100001249,11,2,27,1730,1,1,1,6,4969510,53041,4,2,2,0,0,1,0,44,1,0,1,0,184,70,6,100,78,7,17.0
201100001254,11,7,26,100,3,1,1,6,4969780,31624,3,2,2,0,1,0,0,49,1,0,3,99,112,74,8,66,38,2,1.0
201100001262,11,5,13,945,1,1,1,6,4966920,89952,3,2,2,0,1,1,0,61,1,1,1,0,276,198,10,108,158,5,9.0
201100001270,11,12,1,1500,1,1,2,6,4973741,77814,9,2,0,0,1,1,0,32,2,0,3,99,188,136,12,74,102,4,15.0
201100001275,11,2,19,1100,1,3,3,1,4899490,96017,3,2,2,0,1,1,35,103,2,5,1,99,164,116,10,74,80,6,11.0
201100001278,11,3,19,1030,1,2,1,1,4896200,113435,3,2,2,0,1,1,0,72,1,0,1,99,170,96,14,72,84,6,10.0
201100001281,11,6,22,1815,1,1,1,7,4893080,80862,3,2,2,0,1,3,0,0,1,0,1,99,184,134,16,76,92,3,18.0
201100001287,11,11,12,1,3,1,1,2,4897490,115867,3,0,2,0,1,1,0,0,1,0,1,99,132,64,4,60,68,6,0.0
201100001291,11,2,2,815,2,1,1,5,4891010,134694,3,2,2,0,1,1,0,60,2,0,1,3,348,218,14,82,252,3,8.0
201100001295,11,7,11,1430,1,1,1,1,4890670,127646,9,2,2,0,1,1,0,0,1,0,1,99,194,112,28,64,102,1,14.0
201100001300,11,2,12,1345,1,2,1,3,4876770,125362,4,2,2,0,1,1,0,60,1,0,1,99,196,148,12,122,62,6,13.0
201100001308,11,11,4,1900,3,2,2,3,4881600,129497,3,2,2,0,1,1,0,55,2,0,3,99,140,96,10,60,70,5,19.0
201100001314,11,10,27,1745,1,3,1,5,4900910,141540,2,2,3,3,1,1,0,150,1,3,1,0,72,44,4,42,26,4,17.0
201100001318,11,1,4,1745,3,2,1,3,4874070,88683,3,2,2,0,1,1,0,46,1,0,1,0,152,108,16,62,74,2,17.0
201100001319,11,1,29,915,1,1,1,6,4878530,82155,3,2,2,0,1,1,0,54,1,0,3,99,124,74,10,58,56,6,9.0
201100001330,11,9,15,1730,1,2,7,6,4884540,96833,3,2,2,0,1,1,0,57,1,0,1,3,194,154,10,86,98,4,17.0
201100001335,11,3,4,1045,1,1,1,7,4925020,144133,4,2,2,0,2,1,0,52,1,0,1,0,166,132,14,64,88,5,10.0
201100001337,11,9,9,1130,1,2,1,5,4920080,147207,3,2,2,0,1,1,0,0,1,5,1,99,162,102,16,66,80,5,11.0
201100001338,11,9,24,2315,5,2,1,3,4924910,141351,3,2,2,0,1,1,0,55,1,0,1,0,132,96,6,70,56,6,23.0
201100001343,11,1,15,430,3,1,1,6,4908190,160844,3,2,2,0,1,1,0,0,2,0,1,99,208,118,14,102,92,6,4.0
201100001350,11,3,11,2345,3,1,1,6,4944680,136655,2,2,3,0,2,2,0,103,1,0,1,99,212,138,18,72,122,5,23.0
201100001352,11,4,2,500,3,1,1,6,4943410,136336,4,2,2,0,2,1,0,50,1,0,1,0,268,164,18,102,148,6,5.0
201100001359,11,11,30,1745,3,1,1,1,4931890,128888,3,2,2,0,2,4,0,48,1,0,1,99,108,78,8,64,36,3,17.0
201100001364,11,2,23,1330,1,1,2,6,4928030,179068,4,2,1,0,2,4,0,40,2,0,1,99,126,72,0,56,70,3,13.0
201100001367,11,4,30,1745,1,1,1,6,4931200,171094,9,2,2,0,4,3,0,0,1,0,1,0,166,116,8,68,90,6,17.0
201100001374,11,10,14,1800,1,1,1,2,4927710,176112,3,2,2,0,1,1,0,65,1,0,1,99,166,114,10,88,68,5,18.0
201100001377,11,12,19,1815,4,1,2,1,4928350,178726,3,2,2,0,1,1,0,64,2,2,1,3,106,90,2,42,62,1,18.0
201100001390,11,8,8,1015,1,1,1,1,4896840,47939,3,2,0,0,1,1,0,75,1,0,1,99,138,128,12,56,70,1,10.0
201100001391,11,8,9,2130,2,1,1,7,4905760,57117,3,2,2,0,1,1,0,54,1,0,1,99,130,94,8,58,64,2,21.0
201100001396,11,1,31,1830,3,2,1,3,4917670,76352,3,3,2,0,1,1,0,55,1,5,1,99,166,110,16,72,78,1,18.0
201100001397,11,2,9,130,5,1,1,6,4919870,72136,9,2,2,0,1,1,0,49,1,0,1,3,206,118,18,78,110,3,1.0
201100001416,11,2,1,2100,2,1,1,3,4915170,137408,3,2,2,0,1,1,0,74,1,5,1,99,156,94,10,46,100,2,21.0
201100001424,11,5,21,1100,1,2,1,1,4915050,137931,3,2,2,0,1,1,0,0,1,0,1,99,230,150,10,116,104,6,11.0
201100001430,11,9,6,545,4,2,1,1,4917980,126453,3,2,2,0,1,1,0,0,1,5,1,0,120,64,12,68,40,2,5.0
201100001433,11,10,12,745,2,1,1,2,4920180,131650,3,2,2,0,2,4,0,0,1,0,1,99,134,66,12,50,72,3,7.0
201100001439,11,4,25,1530,1,1,1,1,4923220,107332,4,2,2,0,1,3,0,50,1,0,1,99,106,58,4,44,58,1,15.0
201100001450,11,12,21,1815,5,1,8,6,4930410,115449,4,1,1,0,1,1,30,30,2,0,1,99,154,106,6,46,102,3,18.0
201100001451,11,1,6,2145,3,1,2,1,4917270,91977,3,2,2,0,1,1,0,65,2,0,1,0,194,146,6,72,116,4,21.0
201100001462,11,2,18,2115,3,1,1,1,4936080,51497,3,3,2,0,3,4,0,56,1,0,1,99,160,108,12,74,74,5,21.0
201100001470,11,8,12,1845,1,7,2,7,4934610,33864,6,0,0,0,0,0,0,0,2,0,0,99,158,96,16,80,62,5,18.0
201100001472,11,9,14,1400,1,1,1,6,4931160,46666,3,2,2,0,2,3,0,0,1,0,1,0,180,142,22,88,70,3,14.0
201100001482,11,9,13,1730,1,2,7,2,4935770,77986,3,2,2,0,4,1,0,62,1,0,1,0,152,120,8,66,78,2,17.0
201100001486,11,3,14,900,1,1,5,6,4923630,47024,3,2,2,0,1,3,0,80,2,0,3,99,138,108,2,64,72,1,9.0
201100001490,11,10,15,1715,1,1,1,3,4924550,70901,3,2,2,0,2,2,0,64,1,0,1,99,210,110,12,96,102,6,17.0
201100001492,11,12,29,1830,3,1,2,3,4930490,55502,3,2,2,0,1,4,0,55,2,0,1,99,118,74,8,50,60,4,18.0
201100001500,11,1,19,1400,1,2,1,1,4835744,171484,3,0,0,0,0,0,0,0,0,0,0,0,132,128,6,48,78,3,14.0
201100001502,11,2,17,1415,1,1,1,1,4834036,149882,3,2,2,0,1,1,0,64,1,0,1,0,174,106,10,76,88,4,14.0
201100001503,11,2,28,1745,1,2,1,3,4823972,171215,3,0,0,0,0,0,0,0,0,5,1,99,124,100,6,46,72,1,17.0
201100001504,11,3,29,1430,1,1,1,1,4835200,177867,3,2,2,0,1,1,0,0,1,0,1,0,202,132,6,90,106,2,14.0
201100001509,11,8,21,1945,1,1,1,5,4824800,181600,3,2,2,0,1,3,0,66,1,0,1,0,130,74,16,66,48,7,19.0
201100001514,11,4,10,1600,1,2,1,1,4824900,200300,3,2,2,0,2,1,0,64,1,0,1,0,236,116,10,104,122,7,16.0
201100001560,11,3,12,1230,1,2,1,3,4842569,159507,3,2,2,0,0,1,0,59,1,5,1,0,220,128,12,82,126,6,12.0
201100001578,11,5,26,1345,1,1,8,4,4769812,203106,3,2,2,0,1,1,0,83,1,0,0,0,156,86,12,44,100,4,13.0
201100001585,11,1,3,1715,2,1,1,6,4774700,182500,3,2,2,0,2,1,0,51,2,0,1,0,126,84,8,44,74,1,17.0
201100001587,11,2,15,545,3,1,2,7,4773100,182200,4,2,2,0,4,1,0,40,2,0,3,99,156,114,12,50,94,2,5.0
201100001592,11,6,4,1830,1,2,1,3,4794900,160800,3,2,2,0,1,1,0,0,1,0,1,0,164,70,14,58,92,6,18.0
201100001629,11,3,16,600,3,1,1,6,4858800,195100,3,2,4,0,1,1,0,0,1,0,2,0,124,86,8,54,62,3,6.0
201100001652,11,2,5,1700,1,2,1,1,4843395,166491,3,2,2,0,1,1,0,60,1,5,0,0,198,108,20,84,94,6,17.0
201100001666,11,8,27,1515,1,1,1,1,4854100,173400,3,2,2,0,1,1,0,57,1,0,1,99,150,104,12,68,70,6,15.0
201100001707,11,9,25,2045,3,1,1,6,4799600,130900,3,2,2,0,1,3,0,40,1,0,3,99,150,64,14,76,60,7,20.0
201100001731,11,7,25,815,1,2,1,3,4867251,298416,4,2,2,0,2,1,0,34,2,0,1,99,168,106,8,68,92,1,8.0
201100001747,11,7,19,1830,1,1,8,3,4846489,263294,3,2,2,0,1,1,0,67,1,0,1,99,196,122,8,88,100,2,18.0
201100001772,11,11,8,1815,3,1,1,1,4822591,275491,4,2,2,0,1,3,0,61,1,0,1,99,80,58,2,28,50,2,18.0
201100001778,11,3,31,1630,1,1,1,2,4877816,304435,6,0,0,0,1,1,0,0,1,0,1,99,136,116,4,52,80,4,16.0
201100001802,11,7,20,1430,1,1,2,1,4836048,295620,3,2,2,0,1,1,0,75,2,0,1,99,112,68,8,48,56,3,14.0
201100001820,11,8,3,115,3,1,1,7,4841353,210969,3,2,2,0,2,1,0,0,1,0,3,99,102,84,6,42,54,3,1.0
201100001844,11,4,4,730,1,3,1,3,4853635,205925,4,2,2,0,1,1,0,0,1,0,1,99,142,92,2,54,86,1,7.0
201100001849,11,5,4,1800,1,1,1,3,4852780,225722,3,2,2,0,1,1,0,63,1,0,1,99,242,172,6,106,130,3,18.0
201100001887,11,8,6,1630,1,1,8,7,4838649,333997,3,2,2,0,1,1,0,56,1,0,1,99,176,96,10,68,98,6,16.0
201100001893,11,12,24,15,5,1,2,7,4829200,323700,3,2,2,0,2,1,0,0,2,0,1,99,108,56,6,62,40,6,0.0
201100001923,11,9,18,2145,3,1,1,6,4877400,332800,3,2,0,0,1,1,0,72,1,0,1,0,148,72,16,74,58,7,21.0
201100001931,11,2,21,1745,1,1,2,3,4799572,425151,3,2,2,3,1,1,0,132,2,5,1,0,168,92,4,60,104,1,17.0
201100001973,11,11,9,800,5,9,2,1,4790727,398686,3,2,2,0,1,1,0,0,2,0,1,99,124,76,6,64,54,3,8.0
201100001996,11,1,18,1115,1,1,1,6,4845280,424634,3,2,2,0,0,1,0,62,1,0,1,99,122,100,4,58,60,2,11.0
201100002013,11,1,24,815,2,1,1,1,4848730,452903,3,2,0,0,1,1,60,0,1,0,1,99,126,94,10,36,80,1,8.0
201100002032,11,8,17,1430,1,1,1,3,4819679,409109,3,2,2,0,1,1,0,70,1,0,1,3,112,78,12,42,58,3,14.0
201100002054,11,6,17,2030,2,1,1,6,4807252,381662,3,2,2,0,1,1,0,60,1,0,3,0,266,194,20,94,152,5,20.0
201100002058,11,8,10,1145,1,1,1,2,4824910,396518,3,2,2,0,1,1,0,60,1,0,1,0,154,96,2,68,84,3,11.0
201100002223,11,10,31,1845,5,1,1,3,4780870,334090,4,2,2,0,0,1,0,57,1,0,1,99,68,44,2,40,26,1,18.0
201100002317,11,3,28,1315,1,1,1,3,4812782,310418,4,2,1,0,2,1,30,40,1,0,1,0,152,100,10,64,78,1,13.0
201100002322,11,6,10,445,3,1,1,6,4804460,287394,4,2,2,0,1,2,0,46,1,0,3,99,206,150,18,70,118,5,4.0