Num_Acc,an,mois,jour,hrmn,lum,int,atm,col,lat,long,catr,circ,nbv,vosp,prof,plan,lartpc,larrout,surf,infra,situ,env1,sum,unscathed,killed,hospital,light,week,time
201100002379,11,6,21,1505,1,1,1,1,4911640,50339,3,2,2,0,1,3,0,0,1,0,1,99,158,120,2,54,102,2,15.0
201100002507,11,9,21,1615,1,6,1,3,4885900,87200,4,1,1,0,1,3,24,110,1,6,1,0,122,98,10,54,58,3,16.0
201100002519,11,8,13,1815,1,1,3,3,4903100,69200,3,2,2,0,1,1,0,60,2,0,1,0,164,140,14,72,78,6,18.0
201100002527,11,3,26,515,3,1,1,6,4885460,62775,3,2,2,0,2,2,0,76,1,0,3,99,200,92,18,66,116,6,5.0
201100002611,11,1,23,1830,2,1,1,2,4855600,152500,2,2,2,0,1,1,70,0,1,0,1,0,114,50,14,36,64,7,18.0
201100003008,11,9,19,430,3,1,1,6,4700200,146400,3,2,2,0,1,2,0,60,1,0,3,0,152,86,18,60,74,1,4.0
201100003078,11,7,27,1200,1,1,1,3,4763300,182900,3,2,2,0,0,1,50,0,1,0,3,3,112,70,4,42,66,3,12.0
201100003194,11,3,2,1930,5,1,1,1,4735100,249500,4,2,0,0,1,1,0,0,1,0,1,0,182,128,16,38,128,3,19.0
201100003226,11,5,10,2100,1,1,1,7,4732400,218300,4,2,2,0,1,1,0,0,1,0,1,0,146,132,4,44,98,2,21.0
201100003412,11,2,20,1715,1,1,1,6,4732295,5329,3,2,0,0,1,1,113,0,1,0,3,0,88,72,12,30,46,7,17.0
201100003431,11,1,1,1500,1,1,5,7,4710912,9600,3,2,0,0,1,0,0,0,1,0,3,0,106,70,10,36,60,6,15.0
201100003497,11,12,26,1615,1,1,7,6,4796440,35410,3,2,0,0,2,1,0,52,1,0,1,0,80,52,2,38,40,1,16.0
201100003505,11,7,18,1630,1,1,1,2,4816200,45900,3,2,2,0,0,1,0,61,1,0,1,99,128,68,8,58,62,1,16.0
201100003597,11,12,16,930,2,1,2,6,4841806,33580,2,2,2,0,1,1,0,83,2,0,1,99,182,102,6,66,110,5,9.0
201000000002,10,8,7,1000,1,1,1,6,5051600,292000,3,2,0,0,1,1,0,0,1,0,1,0,122,96,14,64,44,6,10.0
201000000004,10,9,22,1630,1,1,1,6,5051800,292500,3,2,2,0,1,1,0,68,1,0,1,0,112,87,3,49,60,3,16.0
201000000005,10,10,25,1215,1,1,1,2,5050800,289700,3,2,1,0,1,1,0,0,1,0,1,99,92,56,14,40,38,1,12.0
201000000010,10,7,29,615,2,2,1,5,5054200,281800,2,2,0,0,1,1,0,144,1,5,1,0,121,56,7,53,61,4,6.0
201000000011,10,9,21,1845,1,1,1,3,5056100,291000,3,2,0,0,1,4,0,0,1,5,1,99,142,76,14,83,45,2,18.0
201000000014,10,12,2,945,1,1,4,3,5059200,282100,3,2,0,0,1,3,0,68,5,0,3,0,48,36,4,21,23,4,9.0
201000000021,10,10,16,215,5,1,2,6,5052900,317100,3,2,2,0,1,4,0,70,2,0,3,3,125,69,13,61,51,6,2.0
201000000023,10,3,9,1800,1,1,1,6,5048200,311400,3,2,0,0,1,1,0,58,1,0,1,0,71,57,3,27,41,2,18.0
201000000024,10,5,30,1300,1,1,1,6,5047300,306200,3,2,2,0,1,3,0,75,1,0,1,0,125,86,15,54,56,7,13.0
201000000025,10,9,8,545,3,2,3,2,5046900,302900,3,2,2,0,1,1,0,75,2,0,1,99,127,85,11,52,64,3,5.0
201000000027,10,4,10,1345,1,2,1,3,5091100,222300,4,2,2,0,1,1,0,35,1,0,1,99,134,82,11,64,59,6,13.0
201000000029,10,10,26,1915,3,1,2,5,5096500,232800,3,2,2,0,1,1,0,61,2,0,1,99,103,80,3,47,53,2,19.0
201000000031,10,11,11,1930,3,1,6,7,5091400,221700,3,2,0,0,0,1,0,58,2,0,3,99,83,41,7,43,33,4,19.0
201000000032,10,4,8,2230,3,1,1,7,5082500,227400,3,2,2,0,1,1,0,0,1,0,1,99,87,53,9,40,38,4,22.0
201000000033,10,5,4,1900,1,1,1,1,5089500,246400,3,2,2,0,1,1,0,70,1,0,1,0,115,53,5,54,56,2,19.0
201000000035,10,6,25,730,1,2,7,1,5088700,249300,3,2,0,1,1,1,0,100,1,0,1,0,130,102,7,63,60,5,7.0
201000000037,10,11,30,1745,3,1,8,5,5080100,227900,3,2,2,0,1,1,0,65,1,0,1,0,59,50,3,25,31,2,17.0
201000000038,10,12,26,1830,3,1,1,6,5089500,248200,3,2,2,0,0,4,90,0,1,0,0,0,68,32,10,33,25,7,18.0
201000000039,10,12,28,630,3,1,1,6,5090900,245700,3,2,2,0,1,1,0,71,1,0,3,99,69,39,6,41,22,2,6.0
201000000042,10,9,7,900,1,1,1,3,5069500,240900,3,2,2,0,1,1,0,57,1,0,1,99,121,84,12,49,60,2,9.0
201000000043,10,9,10,2200,3,1,1,7,5075800,241200,3,2,2,0,1,3,0,0,1,0,3,0,168,91,12,92,64,5,22.0
201000000045,10,4,30,2215,4,1,8,1,5081000,268400,3,2,2,0,1,2,0,0,1,0,1,99,151,98,14,70,67,5,22.0
201000000047,10,7,5,1445,1,1,1,3,5077300,274200,3,2,0,0,0,1,0,45,1,0,1,99,129,68,14,69,46,1,14.0
201000000048,10,12,5,1515,1,1,1,1,5075800,264400,3,2,2,0,1,1,0,77,1,0,1,0,83,44,7,36,40,7,15.0
201000000049,10,1,27,1145,1,1,1,1,5065200,272100,3,2,2,0,1,1,0,75,1,0,1,3,105,50,10,44,51,3,11.0
201000000051,10,4,20,1200,1,1,1,3,5066600,276200,3,0,0,0,0,0,0,51,0,0,0,0,109,91,9,46,54,2,12.0
201000000052,10,6,2,1530,1,1,1,1,5070500,276500,3,2,2,0,1,1,0,56,1,0,1,0,130,81,13,61,56,3,15.0
201000000058,10,3,10,1715,1,1,1,6,5066000,266300,3,2,2,0,1,1,0,61,0,0,0,0,90,57,6,36,48,3,17.0
201000000059,10,5,15,1700,1,1,1,1,5070200,264400,3,2,2,0,1,1,0,100,1,0,1,0,178,92,11,95,72,6,17.0
201000000060,10,6,3,2115,1,1,1,1,5071300,248900,3,2,2,0,3,1,0,65,1,0,1,0,138,102,14,61,63,4,21.0
201000000063,10,3,2,1230,1,1,1,3,5079100,252500,3,2,2,0,0,1,0,70,1,0,1,99,98,70,4,50,44,2,12.0
201000000064,10,3,27,1530,1,8,1,1,5079100,246200,3,2,2,0,1,1,0,70,1,4,1,99,157,93,13,63,81,6,15.0
201000000065,10,4,16,1845,1,1,1,3,5077100,258300,3,2,0,0,1,1,0,0,1,0,1,99,117,95,9,46,62,5,18.0
201000000066,10,6,14,1600,1,2,1,3,5083200,254000,3,2,2,0,1,1,0,71,1,5,1,99,112,69,1,39,72,1,16.0
201000000067,10,7,6,1945,1,1,1,3,5080900,239400,4,2,0,0,1,1,0,56,1,0,1,99,135,98,18,55,62,2,19.0
201000000068,10,8,20,2000,1,1,1,2,5080800,240300,3,2,2,0,1,2,0,65,1,0,1,0,144,95,7,66,71,5,20.0
201000000069,10,8,21,1815,1,1,1,1,5080800,258400,3,2,2,0,1,1,0,0,1,0,1,99,139,87,2,88,49,6,18.0
201000000071,10,9,18,2100,3,1,1,6,5082700,248000,3,2,2,0,1,2,0,86,1,0,1,99,148,72,16,71,61,6,21.0
201000000072,10,9,23,200,3,1,1,7,5083100,235900,3,2,0,0,1,1,0,40,1,0,1,0,85,58,3,41,41,4,2.0
201000000074,10,10,10,1745,1,2,1,3,5087400,257300,3,0,2,0,1,1,0,68,1,0,1,99,139,50,17,62,60,7,17.0
201000000075,10,10,20,1230,1,1,1,1,5081300,256900,3,2,0,0,1,1,0,60,1,0,1,99,105,75,7,44,54,3,12.0
201000000076,10,11,6,945,1,1,1,5,5081800,244600,3,2,0,0,0,1,0,63,2,0,1,99,103,101,6,60,37,6,9.0
201000000082,10,9,4,200,5,1,1,7,5059500,321100,4,2,0,0,0,1,0,70,1,0,1,99,146,85,18,71,57,6,2.0
201000000083,10,5,23,100,4,1,1,1,5053100,328500,3,2,0,0,1,0,0,0,1,0,2,0,193,91,20,101,72,7,1.0
201000000084,10,10,29,1645,2,1,1,6,5058800,316900,3,2,2,0,1,1,0,60,1,6,1,99,76,52,2,42,32,5,16.0
201000000085,10,4,22,930,1,2,1,1,5071400,299800,3,2,2,0,1,1,0,52,1,5,1,99,118,64,6,49,63,4,9.0
201000000087,10,9,29,2100,2,1,2,6,5072500,302600,3,2,2,0,0,3,0,60,2,0,0,0,84,50,12,30,42,3,21.0
201000000088,10,2,2,845,1,1,2,1,5027100,347100,3,2,2,0,1,2,0,69,7,0,1,0,104,65,3,43,58,2,8.0
201000000089,10,4,28,1545,1,1,1,7,5033000,359300,3,3,0,0,1,3,9,45,1,0,1,0,134,87,8,62,64,3,15.0
201000000090,10,5,20,1230,1,1,1,6,5032900,359500,2,1,0,0,1,3,0,0,1,3,2,0,152,79,11,65,76,4,12.0
201000000091,10,7,17,1945,1,3,1,1,5031200,351700,3,2,0,0,1,1,0,81,1,5,1,0,154,104,9,94,51,6,19.0
201000000096,10,3,25,1945,4,1,3,6,5048100,352300,4,2,2,0,0,1,0,52,1,0,1,99,88,57,13,37,38,4,19.0
201000000097,10,3,31,745,1,1,1,1,5045600,332000,3,2,0,0,1,1,0,62,1,0,1,99,77,52,6,30,41,3,7.0
201000000098,10,6,21,2300,5,1,1,6,5050600,343300,3,2,1,1,2,1,0,76,1,0,1,99,101,64,5,47,49,1,23.0
201000000099,10,1,22,715,3,1,8,2,5013400,393800,2,2,4,0,2,1,0,136,1,0,1,0,118,77,9,46,63,5,7.0
201000000100,10,3,5,1415,1,1,1,3,5012700,393300,9,1,2,0,0,1,0,72,1,0,4,99,118,93,7,41,70,5,14.0
201000000102,10,4,3,1300,1,1,1,1,5012100,393400,3,2,2,0,1,1,0,90,1,0,1,0,133,95,8,77,48,6,13.0
201000000103,10,4,11,15,5,1,1,1,5015700,395400,2,2,2,0,3,1,0,76,1,0,1,0,160,99,11,95,54,7,0.0
201000000106,10,7,2,1400,1,1,1,6,5012900,393600,2,2,2,0,1,1,30,92,1,0,1,99,201,111,26,98,77,5,14.0
201000000107,10,7,22,1415,1,1,1,6,5013100,392900,2,3,0,0,2,3,0,0,1,0,4,0,122,95,19,63,40,4,14.0
201000000108,10,9,14,1515,1,1,1,1,5005500,393000,2,2,0,0,2,1,0,72,1,0,1,0,133,74,5,60,68,2,15.0
201000000120,10,1,14,815,3,1,1,6,5015700,406900,3,2,2,0,1,1,0,49,2,0,1,99,89,79,2,42,45,4,8.0
201000000121,10,2,27,2245,4,1,2,7,5006700,404100,3,2,2,0,1,2,0,50,2,0,1,0,102,52,10,60,32,6,22.0
201000000122,10,3,28,530,5,1,1,7,4999700,411400,4,2,2,0,1,1,0,0,1,0,1,99,93,56,14,44,35,7,5.0
201000000123,10,4,5,600,1,1,9,6,4999700,410299,3,2,2,0,0,3,0,50,0,0,3,0,133,74,4,71,58,1,6.0
201000000126,10,9,20,630,2,1,1,6,5005000,417999,3,2,1,0,1,1,0,69,1,0,1,99,98,65,8,34,56,1,6.0
201000000129,10,1,8,730,3,1,9,1,5024400,324800,3,2,0,0,1,1,0,62,7,0,1,0,63,49,3,30,30,5,7.0
201000000131,10,7,21,345,3,2,1,1,5020900,328400,3,2,0,0,1,1,0,70,1,0,5,0,107,79,5,50,52,3,3.0
201000000132,10,7,26,800,1,1,1,1,5024000,332300,3,2,0,0,1,1,60,0,1,5,1,99,84,49,4,34,46,1,8.0
201000000133,10,8,19,915,1,9,1,7,5026200,320300,4,2,0,0,0,1,0,36,1,0,1,0,97,45,9,36,52,4,9.0
201000000146,10,1,16,1400,1,1,6,1,5013100,342500,3,2,2,0,1,1,0,0,2,0,1,99,125,77,9,50,66,6,14.0
201000000149,10,8,9,1700,1,1,1,3,5012700,341100,4,1,0,0,1,0,0,0,1,0,0,0,96,48,8,42,46,1,17.0
201000000155,10,5,27,1645,1,1,1,6,5010500,331200,3,2,0,0,1,1,0,70,1,0,1,3,110,98,8,47,55,4,16.0
201000000161,10,10,2,1415,1,1,1,5,5006900,348600,3,2,2,0,1,1,0,66,1,0,1,0,155,64,25,77,53,6,14.0
201000000162,10,12,13,900,1,1,1,6,5010900,339100,3,2,0,0,1,1,0,60,1,0,3,99,51,41,7,24,20,1,9.0
201000000167,10,12,16,1700,5,1,2,6,5006100,313200,3,2,2,0,1,1,0,71,2,0,1,0,98,57,6,53,39,4,17.0
201000000180,10,2,6,2330,3,1,1,2,5051000,326900,3,2,2,1,1,1,0,100,1,0,1,99,135,73,11,64,60,6,23.0
201000000181,10,3,4,630,2,1,1,2,5045700,323900,4,2,0,0,0,0,0,30,9,0,1,99,75,56,3,34,38,4,6.0
201000000183,10,4,25,1530,1,9,1,6,5045800,320000,4,3,2,0,1,1,0,40,1,0,1,0,147,85,11,72,64,7,15.0
201000000184,10,5,8,1230,1,1,1,7,5045800,314300,4,2,0,0,1,2,0,0,1,0,3,0,128,68,12,70,46,6,12.0
201000000187,10,10,23,1830,2,1,3,5,5047000,322000,3,2,2,0,1,1,0,76,2,0,1,99,122,63,15,59,48,6,18.0
201000000192,10,9,9,1930,1,1,1,3,5031100,399700,3,2,2,0,1,1,0,67,1,0,1,99,118,69,9,49,60,4,19.0
201000000193,10,12,6,100,3,1,4,7,5029000,387800,3,2,0,0,1,3,0,50,5,0,1,99,69,46,1,35,33,1,1.0
201000000195,10,5,7,1545,1,1,1,6,5024000,359500,3,2,2,0,2,1,0,0,1,0,4,99,105,71,4,42,59,5,15.0
201000000198,10,7,7,1215,1,1,1,1,5024700,361100,3,2,1,0,0,1,0,56,1,0,1,99,153,88,24,69,60,3,12.0
201000000199,10,7,10,1100,1,1,1,6,5024500,360800,3,2,0,0,1,1,0,69,1,0,1,99,137,73,17,65,55,6,11.0
201000000201,10,11,20,1400,1,1,1,3,5029200,368000,3,2,0,0,2,2,0,52,1,0,1,99,155,71,8,88,59,6,14.0
201000000204,10,4,18,445,3,1,1,6,5026100,405100,3,2,2,0,1,1,0,76,1,0,3,0,169,102,13,86,70,7,4.0
201000000207,10,9,16,1615,1,1,2,6,5021600,401800,3,2,0,0,2,4,0,56,2,0,1,0,107,75,5,47,55,4,16.0
201000000209,10,1,13,1515,1,1,8,3,5010700,286800,6,0,0,0,1,1,0,70,2,0,1,0,99,59,9,48,42,3,15.0
201000000210,10,1,23,2115,3,1,2,6,5011400,284800,3,2,0,0,1,1,0,150,2,5,1,99,133,76,10,72,51,6,21.0
201000000212,10,7,24,1745,3,1,1,3,5008800,280400,3,2,2,0,1,3,0,58,1,0,1,0,123,51,13,62,48,6,17.0
201000000213,10,9,5,345,5,1,1,6,5013300,287500,3,2,0,0,1,1,0,60,1,0,0,0,141,80,10,78,53,7,3.0
201000000214,10,1,10,2345,3,1,4,6,5015900,254100,3,2,2,0,1,2,70,0,5,0,3,99,37,14,1,16,20,7,23.0
201000000215,10,2,11,945,1,1,4,1,5022900,260400,2,2,2,0,1,1,0,71,5,0,1,0,72,64,9,19,44,4,9.0
201000000217,10,3,15,500,3,1,1,6,5028200,265500,3,2,2,0,0,1,0,65,1,0,3,0,99,62,8,36,55,1,5.0
201000000219,10,10,14,730,2,1,5,1,5013000,241700,3,2,2,0,1,1,0,0,1,0,1,0,111,83,13,48,50,4,7.0
201000000220,10,11,19,1730,3,2,8,3,5013000,239000,3,2,2,0,1,1,0,142,1,0,1,0,100,57,6,47,47,5,17.0
201000000221,10,12,4,800,2,1,1,6,5019200,248800,2,2,0,0,1,1,35,70,1,0,1,0,83,41,6,35,42,6,8.0
201000000223,10,2,28,1015,1,1,2,7,5032600,270100,3,2,2,0,4,1,0,60,9,0,1,0,70,43,9,35,26,7,10.0
201000000228,10,5,9,1615,1,1,1,6,5036900,274500,3,2,0,0,0,1,0,60,1,0,1,0,99,61,10,50,39,7,16.0
201000000230,10,6,5,1900,1,1,1,1,5038800,273100,3,2,1,0,1,2,0,65,1,0,3,99,174,89,13,95,66,6,19.0
201000000231,10,8,28,2345,3,6,1,6,5035600,278900,2,1,2,0,1,2,0,0,1,5,1,0,99,78,9,38,52,6,23.0
201000000232,10,10,22,900,1,2,1,3,5038200,285200,3,2,0,0,1,1,21,94,1,0,1,99,115,91,4,62,49,5,9.0
201000000233,10,11,5,2330,3,1,2,6,5039300,289500,3,2,2,0,1,1,0,57,2,0,3,0,106,89,10,46,50,5,23.0
201000000234,10,11,21,1945,5,1,1,3,5036200,279100,3,2,2,0,1,1,14,61,1,0,1,0,72,28,8,38,26,7,19.0
201000000244,10,3,8,2030,3,1,1,7,5029600,302300,3,2,0,0,1,3,0,58,1,0,3,0,86,56,2,39,45,1,20.0
201000000245,10,3,14,1830,1,1,1,1,5030800,295400,3,2,2,0,1,1,0,59,1,0,1,99,107,47,15,56,36,7,18.0
201000000246,10,3,18,1645,1,1,1,1,5037600,299400,3,2,2,0,1,1,0,61,1,0,1,0,106,65,8,52,46,4,16.0
201000000247,10,9,1,2030,2,1,1,7,5034200,298400,3,2,2,0,1,3,0,60,1,0,3,0,145,81,12,59,74,3,20.0
201000000248,10,12,27,1345,1,1,1,6,5032500,305800,3,0,2,0,1,2,0,70,5,0,3,0,48,29,14,19,15,1,13.0
201000000254,10,8,15,630,1,1,1,3,5058000,258000,3,2,0,0,1,1,0,147,1,5,1,0,138,72,14,62,62,7,6.0
201000000256,10,10,27,1330,1,1,1,6,5057600,241000,3,2,0,0,1,1,0,66,1,0,1,99,82,55,10,31,41,3,13.0
201000000261,10,10,3,1900,1,2,1,3,5063000,282000,3,2,2,0,1,1,0,70,1,0,1,0,109,49,7,53,49,7,19.0
201000000262,10,10,15,1230,1,1,2,3,5063600,280500,3,2,0,0,0,1,50,0,2,5,1,99,85,69,9,35,41,5,12.0
201000000265,10,3,11,1315,1,1,1,3,5066900,168000,3,2,2,0,1,1,0,68,1,0,1,99,85,60,9,37,39,4,13.0
201000000266,10,3,20,130,3,1,1,6,5066500,166400,3,3,2,0,1,1,0,53,1,0,1,99,98,58,10,42,46,6,1.0
201000000274,10,11,27,2145,5,1,1,7,5066200,182700,4,2,2,0,1,1,0,36,1,0,1,0,46,50,6,14,26,6,21.0
201000000276,10,1,30,2300,3,1,9,1,5064600,162300,3,2,2,0,1,1,0,0,7,0,1,0,122,86,10,47,65,6,23.0
201000000277,10,4,23,1445,1,1,1,1,5063800,160900,3,2,2,0,0,1,0,0,1,0,1,0,152,112,9,71,72,5,14.0
201000000278,10,7,23,1645,1,1,1,6,5067600,165900,3,3,2,0,1,1,0,52,1,0,3,99,126,62,14,72,40,5,16.0
201000000279,10,12,11,545,3,1,1,1,5068700,161900,3,2,2,0,2,4,0,67,1,0,1,99,116,70,16,47,53,6,5.0
201000000292,10,10,24,1515,1,1,1,1,5058700,198400,3,2,2,0,0,1,0,60,1,0,1,0,126,52,15,50,61,7,15.0
201000000295,10,10,13,1300,1,1,1,6,5055900,175600,3,2,2,0,1,1,0,72,1,0,3,0,82,60,10,33,39,3,13.0
201000000296,10,11,16,200,5,1,1,6,5052500,164000,4,3,2,0,2,1,5,120,1,0,3,3,105,74,12,39,54,2,2.0
201000000297,10,1,31,1530,1,9,1,1,5048600,218300,3,2,2,0,1,1,0,61,1,0,1,0,106,60,9,49,48,7,15.0
201000000298,10,2,8,730,3,1,2,6,5036600,202400,3,2,2,0,2,3,0,79,2,2,1,99,93,69,6,46,41,1,7.0
201000000299,10,3,16,1230,1,1,1,6,5030700,196400,4,2,0,0,2,2,0,40,1,0,3,99,94,64,12,38,44,2,12.0
201000000300,10,4,19,1215,1,1,1,6,5039400,204900,3,2,0,0,2,4,0,92,1,0,3,0,116,81,1,68,47,1,12.0
201000000307,10,7,11,1615,1,1,1,2,5041400,192300,3,2,0,0,1,1,0,64,1,0,1,0,124,61,8,80,36,7,16.0
201000000323,10,8,3,2030,1,9,1,3,5068700,232600,3,2,0,0,1,1,0,60,1,0,1,0,140,94,10,61,69,2,20.0
201000000325,10,10,4,1030,1,1,1,1,5063700,227200,3,2,0,0,1,1,0,64,2,0,1,99,120,71,7,67,46,1,10.0
201000000326,10,1,4,1930,3,1,4,2,5080700,210900,3,2,2,0,3,1,0,42,2,0,1,0,116,83,12,41,63,1,19.0
201000000329,10,2,24,1330,1,1,1,7,5087800,197400,4,2,2,0,2,2,0,49,1,0,4,99,117,93,3,56,58,3,13.0
201000000331,10,4,27,1245,1,1,1,1,5090700,212800,3,2,2,0,0,1,0,68,1,0,1,0,139,85,5,58,76,2,12.0
201000000333,10,8,4,2015,1,1,3,6,5087400,208900,4,2,0,0,1,1,0,50,2,0,3,0,107,76,10,57,40,3,20.0
201000000334,10,9,11,1415,1,1,1,1,5099400,209100,3,2,2,0,1,4,0,50,1,0,1,0,152,100,8,92,52,6,14.0
201000000335,10,10,18,1315,1,1,1,6,5098200,204500,3,2,2,0,1,1,0,70,1,0,1,0,73,57,3,37,33,1,13.0
201000000336,10,11,12,1115,1,1,1,5,5089800,207200,3,2,2,0,1,1,0,60,1,0,1,0,133,116,15,61,57,5,11.0
201000000340,10,4,17,2245,3,1,1,6,5060700,206100,3,2,2,0,2,1,0,52,1,0,1,0,116,76,11,57,48,6,22.0
201000000342,10,6,15,1900,1,1,1,1,5053100,226700,3,2,2,0,1,2,0,65,1,0,1,99,122,62,6,60,56,2,19.0
201000000346,10,12,29,1600,2,9,5,4,5066800,218900,3,2,2,0,4,1,0,75,1,0,1,0,59,48,5,23,31,3,16.0
201000000347,10,2,10,815,1,1,4,1,5072800,220000,2,2,2,0,1,2,0,0,5,0,1,0,100,71,2,43,55,3,8.0
201000000348,10,4,2,1500,1,1,2,3,5064700,198200,3,2,0,0,1,1,0,0,2,0,1,0,143,91,12,65,66,5,15.0
201000000357,10,1,29,745,5,1,3,6,5038400,233300,3,2,2,0,2,3,35,116,2,5,1,99,179,99,20,78,81,5,7.0
201000000358,10,2,7,1200,1,1,2,5,5039600,221700,3,2,2,0,1,1,0,0,2,0,1,0,74,58,2,27,45,7,12.0
201000000366,10,5,13,1845,1,1,1,3,5038900,214900,3,2,4,0,1,1,0,0,1,5,1,99,89,61,9,52,28,4,18.0
201000000367,10,5,17,1730,1,1,1,6,5038900,226000,3,1,4,0,2,1,0,0,1,0,1,0,91,91,7,37,47,1,17.0
201000000370,10,6,17,800,1,1,1,6,5045100,223200,3,2,2,0,1,1,0,56,1,0,3,0,88,56,3,44,41,4,8.0
201000000453,10,11,8,1530,2,1,1,6,4995000,214300,3,2,0,0,0,2,0,50,1,0,1,99,108,81,10,42,56,1,15.0
201000000455,10,12,10,1530,1,1,1,4,4994700,214700,3,2,2,0,1,2,0,80,2,0,1,99,82,46,6,42,34,5,15.0
201000000528,10,12,9,1345,1,1,7,1,5018800,219600,3,2,2,0,0,1,0,40,1,0,1,0,84,54,10,31,43,4,13.0
201000000544,10,12,15,1800,3,1,4,3,4999300,211400,3,2,2,0,4,1,0,78,7,0,1,99,55,38,7,18,30,3,18.0
201000000579,10,10,30,1400,1,1,1,3,4981700,249200,3,1,2,0,0,1,0,90,1,0,0,99,105,55,12,58,35,6,14.0
201000000615,10,11,7,730,3,1,2,7,4993300,280000,3,2,2,0,1,1,0,63,2,0,1,0,112,41,12,55,45,7,7.0
201000000619,10,12,22,1730,2,1,1,1,4978100,268500,3,2,0,0,1,1,0,66,2,0,1,99,77,53,7,31,39,3,17.0
201000000840,10,6,26,1530,1,1,1,3,4939800,225200,3,2,2,0,1,1,0,70,1,0,1,0,170,95,14,92,64,6,15.0
201000000848,10,11,4,1700,2,1,2,1,4940000,210400,3,2,2,0,1,1,65,0,2,0,3,99,98,58,7,29,62,4,17.0
201000000849,10,3,1,45,3,1,8,6,4944900,174500,4,2,2,0,1,1,0,32,2,0,1,99,92,61,9,48,35,1,0.0
201000000850,10,3,26,530,2,1,1,5,4936700,210700,3,2,2,0,1,3,0,70,1,0,1,0,126,75,4,56,66,5,5.0
201000000862,10,11,9,1615,1,1,1,4,4938000,197000,3,2,0,0,2,4,0,60,2,0,0,0,114,66,8,47,59,2,16.0
201000000864,10,11,23,1330,1,3,1,2,4944000,190100,2,2,2,0,1,1,0,84,1,5,1,99,83,49,7,36,40,2,13.0
201000000901,10,11,29,1745,3,1,1,3,4962700,179200,3,2,2,0,1,1,0,65,1,0,1,0,84,43,7,29,48,1,17.0
201000000956,10,1,11,1045,1,1,9,6,4936900,253100,3,2,2,0,1,1,0,70,7,0,3,99,82,48,2,34,46,1,10.0
201000000961,10,8,5,1415,1,1,1,1,4938400,256700,2,2,2,0,1,1,145,75,1,0,1,0,108,71,12,50,46,4,14.0
201000000965,10,2,5,1815,5,1,8,6,4931700,232700,3,2,2,0,1,1,0,74,1,0,1,99,106,57,10,37,59,5,18.0
201000000966,10,6,4,1600,1,6,1,3,4932500,233000,3,2,2,0,1,1,72,0,1,5,1,0,199,125,10,105,84,5,16.0
201000000976,10,7,15,1645,1,3,1,4,4952300,249000,3,2,0,0,1,3,0,66,1,5,1,99,147,79,19,80,48,4,16.0
201000000980,10,10,17,100,3,1,1,6,4948900,245200,3,2,0,0,1,3,0,70,1,0,3,0,93,47,9,51,33,7,1.0
201000000988,10,4,1,700,1,2,1,3,4950300,290100,3,2,3,0,1,1,0,128,1,5,1,99,117,86,10,54,53,4,7.0
201000000994,10,4,29,1215,1,1,1,1,4951900,292800,3,2,2,0,1,1,0,74,1,0,1,99,115,91,2,58,55,4,12.0
201000001005,10,9,3,415,3,1,1,6,4944200,284100,2,2,0,0,1,3,0,60,1,0,1,99,115,88,5,54,56,5,4.0
201000001007,10,9,15,1630,1,1,1,5,4951400,280700,3,2,0,0,0,1,0,0,1,0,1,0,106,81,11,34,61,3,16.0
201000001008,10,9,26,1915,1,1,1,1,4943500,310200,3,2,2,0,1,1,0,66,2,0,1,0,145,70,23,94,28,7,19.0
201000001021,10,6,16,900,1,1,1,1,4935600,298100,3,2,2,0,1,1,0,60,1,0,1,99,130,89,6,56,68,3,9.0
201000001023,10,7,4,1915,1,1,1,3,4941600,292400,2,2,2,0,0,1,0,70,1,0,1,0,173,94,15,96,62,7,19.0
201000001031,10,6,29,1715,1,1,1,6,4952700,277400,4,2,0,0,1,1,0,0,1,0,1,99,117,87,7,62,48,2,17.0
201000001032,10,7,28,1930,1,1,1,6,4951200,272600,3,2,2,0,1,1,0,75,1,0,3,0,106,75,8,60,38,3,19.0
201000001038,10,10,31,1530,1,2,1,3,4950900,272900,3,2,2,0,1,1,0,0,1,5,1,0,112,67,6,62,44,7,15.0
201000001046,10,4,24,1030,1,9,1,3,4967400,293500,3,2,2,0,1,1,0,31,1,0,1,99,182,87,9,97,76,6,10.0
201000001053,10,7,30,2130,2,1,1,7,4962100,300200,3,2,0,0,0,3,0,50,1,0,1,99,110,77,7,46,57,5,21.0
201000001054,10,10,12,2115,4,1,1,3,4960200,279700,3,2,1,0,1,1,0,0,1,0,1,99,97,78,15,42,40,2,21.0
201000001055,10,10,21,1900,2,1,1,3,4959700,311700,3,2,2,0,1,1,0,0,1,0,1,0,78,46,3,33,42,4,19.0
201000001057,10,10,28,1945,5,1,1,1,4958800,300100,3,2,0,0,0,1,0,75,1,0,1,3,85,72,12,38,35,4,19.0