Num_Acc,an,mois,jour,hrmn,lum,int,atm,col,lat,long,catr,circ,nbv,vosp,prof,plan,lartpc,larrout,surf,infra,situ,env1,sum,unscathed,killed,hospital,light,week,time
201000001075,10,12,3,1700,3,1,1,5,4923300,222600,3,4,0,0,3,1,0,320,1,0,1,0,64,51,8,24,32,5,17.0
201000001079,10,2,17,930,1,1,8,1,4918600,249400,3,2,0,0,1,1,0,50,7,0,1,99,84,66,12,37,35,3,9.0
201000001102,10,12,7,1930,5,1,4,6,4919800,246500,3,2,1,0,2,2,0,0,5,0,1,0,73,40,3,28,42,2,19.0
201000001116,10,8,2,330,3,1,1,1,4924000,303500,3,2,0,0,1,1,0,50,1,0,1,0,107,83,19,50,38,1,3.0
201000001129,10,5,24,1630,1,1,1,6,4910600,268600,3,2,2,0,2,1,0,0,1,0,1,99,143,73,5,73,65,1,16.0
201000001152,10,8,16,2200,3,1,1,3,4951500,99100,1,3,4,0,1,3,0,95,1,0,1,99,83,59,5,28,50,1,22.0
201000001159,10,5,10,1815,1,1,1,6,4954700,111500,3,2,2,0,1,1,0,67,1,0,1,3,89,59,6,33,50,1,18.0
201000001163,10,7,25,1530,1,1,1,1,4960600,109300,3,2,0,0,2,1,63,0,1,0,1,0,108,85,10,51,47,7,15.0
201000001178,10,9,17,715,2,1,1,6,4988000,104299,4,2,2,0,1,1,0,58,1,0,1,99,138,91,6,71,61,5,7.0
201000001182,10,1,20,1045,1,1,2,1,4974300,103800,3,2,2,0,1,1,0,56,2,0,1,99,103,73,14,43,46,3,10.0
201000001187,10,10,5,1045,1,1,1,6,4978900,123000,3,2,2,0,1,1,0,0,1,0,1,99,99,58,4,53,42,2,10.0
201000001190,10,10,6,945,1,1,1,5,4938900,125500,3,2,2,0,1,1,0,74,1,0,1,0,121,71,14,56,51,3,9.0
201000001196,10,4,9,1930,1,1,1,6,4948400,81800,4,0,0,0,1,1,0,0,9,0,1,99,142,106,7,76,59,5,19.0
201000001200,10,7,14,1700,1,1,1,6,4953300,89200,3,2,0,0,2,1,0,51,1,0,1,0,129,62,5,76,48,3,17.0
201000001206,10,1,1,1430,1,1,9,6,4970500,25000,3,2,0,0,1,2,0,60,2,0,1,0,65,31,6,22,37,5,14.0
201000001208,10,5,11,1630,1,1,1,1,4966700,19600,3,2,2,0,2,1,0,74,1,0,1,99,106,70,3,36,67,2,16.0
201000001213,10,6,22,930,1,1,1,3,4968400,23500,3,2,2,0,0,1,54,0,1,0,1,0,142,90,8,80,54,2,9.0
201000001214,10,7,19,2015,1,1,1,1,4965600,17300,3,2,2,0,1,3,59,0,0,0,1,0,101,61,7,49,45,1,20.0
201000001215,10,8,6,2245,3,2,1,3,4960900,41500,3,2,2,0,1,1,0,63,1,0,1,99,121,79,14,65,42,5,22.0
201000001218,10,10,8,1630,1,1,1,3,4963900,22400,3,2,0,0,1,3,42,0,1,0,1,0,128,73,7,61,60,5,16.0
201000001223,10,1,6,1645,1,1,1,6,4969000,67700,3,2,2,0,2,2,0,50,7,0,1,99,89,68,11,30,48,3,16.0
201000001231,10,10,7,245,3,1,5,7,4947600,63600,3,2,2,0,1,1,0,56,9,0,3,99,121,87,4,62,55,4,2.0
201000001232,10,11,17,1330,1,9,1,1,4946700,58500,3,2,2,0,1,1,0,62,1,0,1,0,78,56,5,42,31,3,13.0
201000001236,10,1,28,1815,5,1,1,6,4949200,34700,3,2,2,0,1,3,0,70,1,0,1,0,132,66,9,64,59,4,18.0
201000001237,10,4,13,1545,1,1,1,1,4954000,36700,3,2,2,0,1,1,108,108,1,0,1,99,87,66,4,44,39,2,15.0
201000001242,10,8,10,1530,1,1,2,3,4948400,28300,4,2,0,0,1,1,0,65,2,0,1,0,102,56,3,52,47,2,15.0
201000001244,10,12,25,1145,1,1,1,1,4953400,25300,3,2,0,0,0,2,0,0,7,0,1,99,47,30,5,24,18,6,11.0
201000001251,10,8,18,1930,1,1,1,6,4978400,144300,3,2,0,0,1,3,0,52,1,0,1,0,86,59,9,45,32,3,19.0
201000001262,10,11,25,1330,1,1,1,6,4988500,170600,3,2,0,0,2,2,0,0,6,0,1,0,94,77,3,35,56,4,13.0
201000001263,10,2,20,1500,1,1,2,6,4965900,162400,9,1,0,0,3,1,0,32,2,0,1,99,123,73,2,66,55,6,15.0
201000001265,10,6,20,1900,1,2,1,3,4965800,138300,3,2,0,0,1,0,0,43,1,0,1,99,118,60,5,62,51,7,19.0
201000001266,10,5,16,1645,1,1,1,6,4972400,130400,3,0,0,0,0,1,0,50,1,0,1,99,106,74,14,54,38,7,16.0
201000001275,10,5,6,1730,1,1,1,3,4949600,170300,3,2,2,0,1,1,0,62,1,0,1,99,88,59,6,37,45,4,17.0
201000001286,10,7,31,2345,3,1,1,6,4960900,75700,3,2,2,0,0,3,0,70,1,0,1,99,127,74,5,68,54,6,23.0
201000001291,10,5,26,1900,1,1,1,3,4955200,95600,4,1,0,0,1,0,63,0,1,5,1,99,113,78,5,53,55,3,19.0
201000001292,10,7,27,1945,1,1,1,1,4955600,94200,9,2,0,0,2,1,80,0,1,0,1,0,98,58,9,45,44,2,19.0
201000001307,10,6,30,845,1,1,8,3,4971300,36500,3,2,2,0,1,1,47,63,1,5,1,0,144,138,6,74,64,3,8.0
201000001322,10,2,23,1300,1,1,2,5,4894120,87153,3,2,2,0,1,1,0,70,2,0,1,99,100,43,9,44,47,2,13.0
201000001323,10,2,26,1345,1,1,6,3,4905730,97293,3,2,2,0,1,1,0,0,1,0,1,0,101,73,8,46,47,5,13.0
201000001328,10,3,21,1145,1,1,1,2,4908730,91866,3,1,2,0,1,1,0,0,1,0,1,0,110,71,8,55,47,7,11.0
201000001334,10,5,5,1600,1,1,1,6,4895920,112970,3,2,2,0,1,1,0,0,1,0,1,99,128,80,8,57,63,3,16.0
201000001335,10,5,14,1145,1,6,1,3,4901510,119548,9,3,2,0,1,1,0,0,1,0,1,0,132,74,7,67,58,5,11.0
201000001337,10,6,9,1315,1,2,1,5,4898610,102240,3,2,2,0,1,1,0,0,1,0,1,99,110,91,2,46,62,3,13.0
201000001338,10,6,12,2330,3,1,1,6,4907840,92037,3,2,2,0,1,1,0,65,1,0,1,0,129,83,8,64,57,6,23.0
201000001343,10,8,23,1045,1,3,1,1,4899490,96017,3,2,2,0,1,1,31,103,1,5,1,99,111,77,11,53,47,1,10.0
201000001345,10,9,2,1430,1,1,1,1,4895440,93137,3,2,2,0,1,1,0,0,1,0,1,0,91,59,5,44,42,4,14.0
201000001350,10,10,11,1000,1,1,1,3,4896010,95802,3,2,2,0,1,1,34,80,1,5,1,99,115,69,16,42,57,1,10.0
201000001353,10,11,18,830,1,1,1,1,4893890,86266,3,2,2,0,3,3,0,68,1,0,1,0,119,79,7,54,58,4,8.0
201000001355,10,8,8,1030,1,1,1,7,4891100,127689,9,2,2,0,1,1,0,60,1,0,4,99,112,66,14,66,32,7,10.0
201000001356,10,8,26,2200,5,3,2,3,4890730,128474,3,2,2,0,1,1,0,40,2,0,1,0,112,65,6,43,63,4,22.0
201000001357,10,10,1,1315,1,3,2,1,4891500,143300,4,2,2,0,1,1,0,50,2,0,4,99,125,72,9,70,46,5,13.0
201000001359,10,11,28,1400,1,1,1,6,4889590,125868,5,2,1,0,1,1,0,0,6,0,1,99,47,38,3,22,22,7,14.0
201000001361,10,2,13,2230,3,1,1,5,4888280,114623,3,2,2,0,1,1,0,70,1,0,1,99,102,66,8,50,44,6,22.0
201000001365,10,3,23,1715,2,2,1,3,4891610,120204,3,2,2,0,1,1,0,60,1,0,1,0,111,75,9,44,58,2,17.0
201000001366,10,3,29,2000,2,1,2,1,4879930,135340,3,2,2,0,1,1,0,55,2,0,1,0,100,94,6,29,65,1,20.0
201000001367,10,3,30,1945,1,1,1,5,4879930,135340,3,2,2,0,1,1,0,58,1,0,1,99,88,60,3,35,50,2,19.0
201000001368,10,4,26,1800,1,2,1,3,4885000,113665,3,2,2,0,1,1,0,48,1,5,1,0,73,55,7,37,29,1,18.0
201000001377,10,8,24,1230,1,1,1,7,4885760,109050,4,2,2,0,1,4,0,35,1,0,3,99,105,59,14,47,44,2,12.0
201000001378,10,11,2,1130,1,1,1,6,4878380,135623,3,2,2,0,1,1,0,70,1,0,2,99,110,55,11,53,46,2,11.0
201000001383,10,5,28,2315,3,1,1,6,4900440,136632,3,2,2,0,1,2,0,60,1,0,3,99,154,86,14,67,73,5,23.0
201000001385,10,6,1,1900,1,1,2,1,4889960,145223,3,2,2,0,1,1,0,60,2,0,1,0,84,60,5,29,50,2,19.0
201000001386,10,7,1,2045,1,1,1,2,4900800,136630,2,3,4,0,1,1,20,71,1,0,1,99,88,59,3,36,49,4,20.0
201000001396,10,6,27,2030,1,2,1,3,4882380,100776,3,2,2,0,1,1,0,0,1,5,1,99,154,75,16,93,45,7,20.0
201000001398,10,8,17,2245,3,1,1,6,4886750,92591,3,2,2,0,1,1,0,98,1,0,1,0,112,81,13,55,44,2,22.0
201000001399,10,8,27,1315,1,1,1,3,4883870,90775,9,2,2,0,1,1,0,60,1,0,1,0,130,73,9,65,56,5,13.0
201000001400,10,8,31,1400,1,1,7,7,4880030,99440,3,2,2,0,2,2,0,0,1,0,3,0,105,77,10,54,41,2,14.0
201000001407,10,7,12,1815,1,1,1,6,4922300,139571,3,2,2,0,4,2,0,80,1,0,3,99,106,91,13,49,44,1,18.0
201000001410,10,1,12,1300,1,1,8,2,4909590,158966,3,3,2,0,1,1,0,58,2,0,1,99,79,47,4,31,44,2,13.0
201000001420,10,12,17,1015,1,1,9,3,4913630,154507,3,2,2,0,1,2,0,61,7,0,1,99,100,59,7,43,50,5,10.0
201000001421,10,1,26,1900,5,3,1,1,4932820,124873,4,2,0,0,1,1,0,0,1,0,1,99,83,53,8,31,44,2,19.0
201000001422,10,3,17,1000,1,9,7,6,4936250,135528,3,2,2,0,1,2,0,80,1,0,1,99,105,66,3,43,59,3,10.0
201000001424,10,5,31,1630,1,1,1,1,4934020,130347,3,2,2,0,1,1,0,63,1,0,3,99,104,65,5,50,49,1,16.0
201000001429,10,2,22,430,3,1,1,6,4921850,164557,3,2,2,0,1,1,0,65,1,0,1,0,71,44,3,25,43,1,4.0
201000001431,10,6,7,1715,1,2,1,3,4929690,155342,3,2,1,0,1,1,0,35,1,0,1,99,123,71,10,34,79,1,17.0
201000001432,10,6,18,645,1,2,1,1,4925550,156240,3,2,2,0,1,1,60,200,1,0,1,99,109,85,2,47,60,5,6.0
201000001441,10,2,16,1615,1,1,1,6,4909150,60213,4,2,2,0,1,1,0,0,1,0,1,99,100,76,9,37,54,2,16.0
201000001444,10,3,3,1800,1,1,1,6,4909290,60223,3,2,2,0,2,1,0,70,1,6,1,0,66,45,2,29,35,3,18.0
201000001445,10,3,6,1600,1,1,1,6,4912680,48706,4,2,2,0,1,2,0,0,1,0,3,99,96,47,8,38,50,6,16.0
201000001448,10,4,6,930,1,1,1,4,4894070,48103,3,2,2,0,1,1,0,60,1,0,1,99,102,89,5,48,49,2,9.0
201000001454,10,6,8,1415,1,2,1,3,4911630,54023,3,2,2,0,1,1,0,0,1,0,1,0,88,64,7,35,46,2,14.0
201000001462,10,2,9,500,3,1,9,6,4908200,82093,3,2,1,0,1,2,0,0,7,0,3,99,86,43,12,27,47,2,5.0
201000001470,10,9,12,1530,1,1,1,7,4904800,68726,3,2,2,0,1,4,0,45,1,0,1,99,162,95,17,89,56,7,15.0
201000001478,10,11,26,1130,1,1,8,3,4910970,71921,3,2,2,0,1,1,0,50,2,0,1,99,123,99,8,59,56,5,11.0
201000001480,10,1,24,130,5,1,2,6,4920670,122070,4,2,2,0,2,1,0,55,2,0,4,0,90,40,6,32,52,7,1.0
201000001487,10,1,7,1300,1,2,1,3,4914830,138868,3,2,2,0,1,1,0,72,2,5,1,99,67,38,2,27,38,4,13.0
201000001488,10,2,12,1715,1,2,1,3,4906430,137453,3,2,2,0,1,1,0,67,1,0,1,0,92,59,8,42,42,5,17.0
201000001490,10,7,9,1700,1,2,1,3,4919350,127020,3,2,2,0,1,2,0,70,1,0,1,0,161,99,20,84,57,5,17.0
201000001491,10,7,13,1500,1,1,1,1,4912380,139211,3,2,2,0,3,2,0,44,1,0,1,99,138,70,14,57,67,2,15.0
201000001495,10,2,25,1945,3,1,2,1,4923340,108196,3,2,2,0,1,1,0,65,2,0,1,99,75,40,4,20,51,4,19.0
201000001508,10,11,14,900,1,1,1,1,4930010,119103,3,2,2,0,1,1,0,0,3,0,2,0,84,27,11,41,32,7,9.0
201000001509,10,11,15,715,2,1,9,1,4932770,115228,3,2,3,0,2,1,0,0,1,0,1,0,87,38,6,42,39,1,7.0
201000001511,10,11,24,445,3,2,2,3,4929900,107855,3,2,2,0,1,1,0,65,2,0,1,99,104,63,9,50,45,3,4.0
201000001513,10,2,15,1800,2,1,8,3,4920670,101762,3,2,2,0,1,1,0,70,1,0,1,0,82,60,5,28,49,1,18.0
201000001515,10,5,29,1800,1,1,1,7,4924360,93994,3,2,2,0,2,4,0,50,1,0,1,0,129,86,13,54,62,6,18.0
201000001516,10,6,11,645,2,1,5,7,4919760,98970,3,2,2,0,1,1,0,0,6,0,1,99,147,99,10,67,70,5,6.0
201000001528,10,12,31,1845,3,1,4,3,4919900,89397,3,2,2,0,1,3,0,60,5,0,1,99,53,28,4,22,27,5,18.0
201000001531,10,2,3,2030,3,1,1,6,4944050,56103,3,2,2,0,2,4,0,0,1,0,1,0,118,72,5,50,63,3,20.0
201000001532,10,2,4,1600,1,1,8,1,4933660,56822,3,2,2,0,1,1,0,45,2,0,1,99,126,65,14,62,50,4,16.0
201000001534,10,4,15,1245,1,2,1,3,4940190,55757,3,2,2,0,1,1,0,42,1,5,1,99,131,90,8,59,64,4,12.0
201000001538,10,6,24,1830,1,1,1,1,4936820,45978,3,2,2,0,1,1,0,0,1,0,1,0,170,90,10,66,94,4,18.0
201000001540,10,7,8,1800,1,2,1,2,4937350,37070,3,2,2,0,1,1,0,70,1,0,1,99,153,81,15,67,71,4,18.0
201000001545,10,8,11,1600,1,1,1,6,4939680,50219,3,2,2,0,1,2,0,0,1,0,3,99,80,41,5,44,31,3,16.0
201000001547,10,8,29,630,2,1,1,6,4940730,53872,3,2,2,0,1,2,0,68,1,0,1,0,129,71,10,68,51,7,6.0
201000001558,10,7,3,300,3,1,1,6,4932840,76550,3,2,1,0,1,2,0,0,1,0,3,99,113,66,10,67,36,6,3.0
201000001559,10,7,18,1415,1,1,1,3,4935990,85289,3,2,2,0,2,1,0,73,1,0,1,99,164,79,12,78,74,7,14.0
201000001576,10,9,19,1000,1,1,1,6,4928770,67363,3,2,2,0,2,1,0,73,1,0,3,3,134,55,11,62,61,7,10.0
201000001582,10,1,19,1045,1,1,1,1,4828100,171100,3,2,2,0,2,1,0,61,2,0,1,99,76,63,4,20,52,2,10.0
201000001588,10,6,19,1,3,1,1,4,4828800,180000,3,3,4,0,1,1,70,0,1,0,1,0,137,62,7,78,52,6,0.0
201000001592,10,8,13,1415,1,1,1,7,4821400,163700,5,1,0,0,1,1,0,25,9,0,3,0,109,57,9,53,47,5,14.0
201000001593,10,9,13,1015,1,9,1,3,4820600,173100,3,3,4,0,1,1,30,70,1,0,1,0,93,71,7,37,49,1,10.0
201000001595,10,12,18,1900,3,1,9,4,4825000,176100,3,3,4,3,1,2,30,70,7,0,1,0,108,56,6,51,51,6,19.0
201000001597,10,12,23,1530,1,2,2,5,4833500,152600,3,2,0,0,1,1,0,0,2,5,1,99,67,43,4,39,24,4,15.0
201000001605,10,10,9,2030,3,1,1,5,4814800,221700,3,2,2,0,1,1,0,67,1,0,1,0,130,87,9,70,51,6,20.0
201000001651,10,11,1,1730,1,1,1,1,4769300,193300,4,2,2,0,1,3,0,54,1,0,1,99,102,43,7,49,46,1,17.0
201000001670,10,5,25,700,1,1,1,3,4793300,173300,3,2,2,0,0,1,0,67,1,0,1,0,107,94,6,44,57,2,7.0
201000001685,10,9,24,1600,1,1,8,3,4789200,197100,3,2,2,0,1,1,0,70,2,0,1,0,170,112,10,72,88,5,16.0
201000001804,10,9,6,1200,1,1,1,7,4786600,134000,3,2,2,0,0,1,0,65,1,0,1,99,125,72,11,50,64,1,12.0
201000001810,10,2,18,1330,1,1,4,3,4793000,143800,3,2,2,0,2,1,0,63,2,0,1,99,140,75,4,72,64,4,13.0
201000001822,10,12,30,1630,1,1,1,1,4867000,289400,3,2,2,0,1,3,55,0,2,0,1,0,39,30,4,20,15,4,16.0
201000001831,10,3,19,2015,3,1,1,1,4821779,280064,3,2,2,0,2,1,0,50,1,0,1,99,143,76,19,46,78,5,20.0
201000001832,10,3,24,945,1,4,1,6,4837530,252753,3,2,2,0,2,2,0,0,1,0,1,99,96,88,4,41,51,3,9.0
201000001835,10,7,16,1145,1,3,1,3,4836968,261947,3,2,2,0,1,2,0,57,1,0,1,99,147,118,16,64,67,5,11.0
201000001845,10,1,25,1600,1,1,1,6,4827976,284063,9,1,0,0,0,2,40,0,1,0,3,0,84,55,0,37,47,1,16.0
201000001853,10,8,22,1015,1,1,1,6,4817437,275606,9,2,2,0,1,1,55,0,1,0,4,99,119,61,16,71,32,7,10.0
201000001873,10,5,1,2100,2,1,1,1,4847300,276300,3,2,0,0,1,3,0,91,1,0,1,99,144,64,9,76,59,6,21.0
201000001878,10,11,13,1030,1,1,2,1,4839218,295679,3,2,2,0,4,3,0,55,2,0,1,99,93,63,10,40,43,6,10.0
201000001882,10,1,18,1430,1,1,5,1,4843650,204410,3,2,2,0,2,3,0,61,2,0,1,99,88,72,4,35,49,1,14.0
201000001887,10,5,2,1630,1,2,1,3,4841776,208839,3,2,2,0,1,1,0,0,1,0,1,99,117,54,9,49,59,7,16.0
201000001890,10,6,6,1600,1,2,1,3,4850389,195903,3,2,2,0,4,1,0,62,1,5,1,99,132,67,9,77,46,7,16.0
201000001893,10,8,1,15,4,1,1,7,4843921,215028,3,2,2,0,1,3,0,78,1,0,3,99,114,76,5,71,38,7,0.0
201000001903,10,4,7,700,3,2,2,2,4836152,216359,3,2,2,0,2,1,0,0,2,0,1,99,97,67,9,41,47,3,7.0
201000001914,10,5,21,2330,3,1,1,7,4847852,215786,3,2,2,0,1,1,24,105,1,0,1,99,155,103,9,64,82,5,23.0
201000001921,10,8,14,115,3,3,1,1,4856998,218189,3,2,2,0,2,1,0,66,1,0,1,0,121,62,14,52,55,6,1.0
201000001923,10,8,30,2015,1,1,1,3,4851800,244900,3,2,2,0,1,1,0,58,1,0,1,0,135,77,17,61,57,1,20.0
201000001926,10,12,21,1200,1,1,9,5,4853823,214443,3,2,2,0,4,1,0,60,7,0,1,99,96,46,7,37,52,2,12.0
201000001930,10,5,22,1430,1,2,1,3,4807028,264154,3,2,2,0,1,1,0,0,1,0,1,99,137,116,11,64,62,6,14.0
201000001939,10,12,12,745,3,1,1,1,4855100,311900,3,2,0,0,1,1,0,0,1,0,1,0,89,30,4,35,50,7,7.0
201000001945,10,2,21,445,3,1,9,7,4849827,326192,3,2,2,0,2,1,0,109,7,0,1,99,89,57,4,28,57,7,4.0
201000001952,10,1,15,1715,2,1,5,1,4831889,309075,3,2,0,0,1,3,0,69,2,0,1,0,163,79,10,44,109,5,17.0
201000001960,10,2,19,1215,1,1,1,3,4870000,352000,3,2,2,0,1,1,66,0,2,0,1,0,92,80,3,22,67,5,12.0
201000001972,10,5,12,2100,1,1,1,1,4876900,343000,3,2,2,0,1,2,0,82,1,0,1,0,117,86,2,45,70,3,21.0
201000001979,10,3,12,845,1,1,1,3,4884500,314200,3,2,0,0,1,1,0,61,1,0,1,0,125,80,14,52,59,5,8.0
201000001982,10,6,28,1115,1,1,1,3,4881800,329700,4,2,2,0,1,1,0,50,0,0,1,0,88,60,5,42,41,1,11.0
201000001993,10,6,13,2230,5,1,1,6,4805587,459307,4,2,2,0,0,3,0,40,1,0,1,0,141,54,14,72,55,7,22.0
201000002002,10,4,14,1745,1,1,1,5,4807459,418931,3,0,2,0,1,1,0,38,1,0,1,0,88,61,3,34,51,3,17.0
201000002016,10,2,1,815,2,1,9,2,4792717,424216,3,2,0,0,3,1,0,79,7,0,3,0,112,84,10,45,57,1,8.0
201000002029,10,11,10,1845,5,1,1,6,4788538,416133,4,2,2,0,1,1,0,0,1,0,3,99,112,78,9,58,45,3,18.0
201000002042,10,1,17,1530,1,1,1,1,4844992,424269,4,2,0,0,1,2,0,0,1,0,1,99,94,47,7,52,35,7,15.0
201000002062,10,9,25,1715,1,1,1,3,4861668,433178,3,2,2,0,2,1,0,71,1,5,1,0,114,69,4,54,56,6,17.0
201000002069,10,4,4,1645,1,1,1,3,4857055,439254,3,2,2,0,1,1,0,60,1,5,1,0,95,45,9,48,38,7,16.0
201000002084,10,3,13,115,5,1,2,6,4809687,419765,4,2,0,0,0,2,0,40,2,0,3,0,120,86,6,56,58,6,1.0
201000002095,10,6,23,1745,1,1,1,6,4827883,356200,9,3,0,0,0,1,0,0,1,0,1,0,103,68,6,47,50,3,17.0
201000002099,10,11,3,1215,1,1,2,6,4819824,357845,3,0,0,0,1,1,0,0,2,0,1,0,105,61,12,52,41,3,12.0
201000002112,10,8,25,1345,1,1,2,7,4816911,400339,3,2,2,0,1,2,0,0,2,0,1,0,75,39,8,35,32,3,13.0
201000002193,10,12,14,815,3,1,1,1,4761239,215640,3,2,0,0,1,1,60,0,1,0,1,99,56,46,5,12,39,2,8.0
201000002211,10,3,7,30,3,1,1,5,4765654,244811,4,2,2,0,2,1,0,30,1,5,1,99,121,76,11,42,68,7,0.0
201000002297,10,6,10,2315,3,1,1,6,4788553,235917,3,2,0,0,2,1,0,0,1,0,1,0,123,80,2,55,66,4,23.0
201000002429,10,5,19,1830,1,1,1,3,4921200,27800,3,2,0,0,1,1,0,64,1,0,1,0,110,76,2,55,53,3,18.0
201000002456,10,1,5,1600,1,1,1,3,4889500,19000,4,0,0,0,1,1,0,0,1,5,1,99,77,41,4,33,40,2,16.0
201000002478,10,1,2,1900,5,2,1,3,4901370,3425,4,2,0,0,1,1,0,60,1,0,1,99,53,37,1,25,27,6,19.0
201000002495,10,10,19,1515,1,1,1,1,4899100,8200,3,2,2,0,2,1,0,52,1,0,1,99,64,41,6,32,26,2,15.0
201000002506,10,9,28,1745,1,1,1,4,4908700,32200,3,2,1,0,2,1,0,71,1,0,1,99,62,48,0,23,39,2,17.0
201000002608,10,7,20,1915,1,6,1,3,4904590,99111,3,1,2,0,1,2,0,0,1,5,1,99,113,89,8,61,44,2,19.0
201000002634,10,8,12,1800,1,1,1,6,4878770,150647,3,2,2,0,2,1,0,80,1,0,4,0,70,69,3,31,36,4,18.0
201000002664,10,9,30,2045,3,1,1,1,4873530,117842,3,2,2,0,2,2,0,50,2,0,1,0,105,62,6,39,60,4,20.0
201000002682,10,1,21,745,5,2,5,1,4948780,137601,3,0,2,0,1,1,0,55,1,0,1,0,88,75,7,43,38,4,7.0
201000002691,10,12,24,1945,3,1,1,5,4942800,130513,3,2,2,0,1,1,0,58,1,0,1,99,88,62,2,56,30,5,19.0
201000002710,10,11,22,1715,2,1,2,6,4950370,146363,3,2,2,0,1,1,0,70,2,0,1,99,76,36,4,39,33,1,17.0
201000002712,10,12,8,1130,1,1,1,6,4959490,130322,3,2,2,0,0,1,0,0,1,0,1,0,93,62,1,52,40,3,11.0
201000002933,10,5,3,1530,1,1,1,6,4892740,19682,3,2,2,0,1,1,0,70,1,0,1,0,88,79,2,49,37,1,15.0
201000002964,10,5,18,1730,1,1,1,7,4873300,70550,3,2,2,0,2,2,70,60,1,0,1,0,94,54,3,37,54,2,17.0
201000003010,10,9,27,1415,1,1,1,1,4845130,66231,3,2,2,0,1,1,0,48,1,0,1,0,99,95,6,36,57,1,14.0
201000003133,10,12,1,1715,3,1,1,1,4738800,145400,3,2,2,0,1,1,0,60,1,0,0,0,53,34,1,25,27,3,17.0
201000003190,10,4,21,1815,1,1,1,3,4720100,182600,3,2,2,0,1,3,0,59,1,0,1,99,102,65,5,54,43,3,18.0
201000003269,10,12,20,1645,1,2,1,3,4755600,204700,4,2,0,0,0,1,0,30,2,0,1,0,64,37,3,29,32,1,16.0
201000003354,10,1,9,1915,3,1,1,1,4741420,88257,3,2,2,0,2,1,84,27,1,5,1,99,64,28,4,26,34,6,19.0
201000003372,10,1,3,1530,1,1,1,1,4755470,22229,3,2,0,0,1,1,80,80,1,0,1,0,68,40,2,26,40,7,15.0
201000003404,10,2,14,115,3,1,1,3,4702190,98593,3,0,0,0,1,3,0,0,1,0,1,0,54,33,9,31,14,7,1.0
201000004132,10,3,22,2100,5,1,1,6,4513600,65800,3,2,2,0,2,2,0,90,1,0,1,0,79,89,4,35,40,1,21.0
201000004576,10,4,12,600,3,1,1,3,4515000,116000,3,2,0,0,1,1,0,74,1,0,1,0,103,65,8,46,49,1,6.0
201000005031,10,12,19,615,5,1,1,2,4331620,135048,3,2,2,0,1,1,0,51,1,0,1,0,39,29,6,19,14,7,6.0
200900000008,9,1,29,1900,3,1,1,6,4,0,4,2,1,0,1,1,0,0,1,0,1,0,7,7,0,5,2,4,19.0
200900000011,9,1,23,1400,1,6,1,1,4,0,4,1,0,0,2,2,0,0,1,0,1,0,9,8,1,3,5,5,14.0
200900001141,9,1,19,1000,2,2,1,3,4,0,3,2,2,0,1,1,0,100,2,5,1,99,18,7,1,6,11,1,10.0
200900001149,9,1,2,2100,3,1,1,7,4,0,4,2,2,0,3,2,0,0,7,0,1,0,5,1,2,2,1,5,21.0
200900001158,9,1,5,730,2,1,4,7,4,0,4,2,0,0,4,2,0,50,7,0,0,0,5,5,1,1,3,1,7.0
200900001169,9,1,21,915,1,1,1,1,4,0,3,2,2,0,2,3,0,70,7,0,1,0,7,6,0,4,3,3,9.0
200900001170,9,1,22,1300,1,6,1,1,4,0,3,1,0,0,1,2,40,0,1,0,1,0,12,9,0,6,6,4,13.0
200900001173,9,1,10,1300,1,6,1,3,4,0,3,2,2,0,1,1,15,70,1,5,1,0,12,6,2,6,4,6,13.0
200900001176,9,1,15,1845,3,1,9,1,4,0,3,2,2,0,1,3,0,80,9,0,1,0,9,5,2,3,4,4,18.0
200900001177,9,1,8,1430,1,1,9,2,4,0,3,3,2,0,2,4,0,66,7,0,1,0,12,5,0,7,5,4,14.0
200900001197,9,1,3,2245,3,1,1,1,4,0,2,3,4,0,2,1,7,70,1,0,1,99,15,9,2,8,5,6,22.0
200900001209,9,1,31,145,3,1,1,7,4,0,4,2,2,0,1,3,0,32,1,0,3,0,5,3,0,2,3,6,1.0
200900001214,9,1,24,2215,5,1,1,6,4,0,3,2,0,0,2,2,0,50,1,0,1,0,9,6,2,6,1,6,22.0
200900002300,9,1,14,5,5,1,1,6,4,0,4,2,2,0,1,1,0,80,2,0,4,0,17,7,0,7,10,3,0.0
200900002302,9,1,12,1755,2,1,1,6,4,0,4,2,3,0,1,1,0,95,1,0,1,99,10,6,1,3,6,1,17.0
200900002305,9,1,16,1335,1,2,7,3,4,0,4,0,2,0,1,1,0,59,1,0,1,3,8,8,1,5,2,5,13.0
200900002306,9,1,25,1130,1,3,1,3,4,0,3,2,4,0,1,2,64,105,1,0,1,99,10,1,2,4,4,7,11.0
200900002307,9,1,20,1830,4,1,1,6,4,0,3,3,4,0,4,1,20,80,1,0,1,99,7,9,0,4,3,2,18.0
200900002309,9,1,27,815,1,1,1,2,4,0,3,3,4,0,1,1,0,70,1,0,1,99,9,8,0,3,6,2,8.0
200900002310,9,1,9,1900,3,1,1,1,4,0,3,2,2,0,1,1,0,62,1,0,1,0,5,3,0,2,3,5,19.0
200900002314,9,1,17,1515,1,1,8,6,4,0,3,2,2,0,0,2,0,40,1,0,3,99,17,13,1,8,8,6,15.0
200900002316,9,1,28,1600,1,1,1,6,4,0,3,2,2,0,4,1,0,54,1,0,3,99,12,5,0,7,5,3,16.0