Num_Acc,an,mois,jour,hrmn,lum,int,atm,col,lat,long,catr,circ,nbv,vosp,prof,plan,lartpc,larrout,surf,infra,situ,env1,sum,unscathed,killed,hospital,light,week,time
200900002317,9,1,13,1215,1,6,1,6,4,0,3,2,2,0,1,3,10,45,1,0,1,99,13,9,2,3,8,2,12.0
200900002318,9,1,26,1745,2,2,8,3,4,0,3,2,2,0,1,1,0,45,2,5,1,99,33,16,1,8,24,1,17.0
200900003650,9,1,7,1315,1,1,1,1,4,0,3,2,2,0,1,1,0,73,1,0,1,0,14,4,4,6,4,3,13.0
200900004038,9,2,8,345,5,1,1,6,4,0,3,2,2,0,1,1,0,73,1,0,3,0,16,8,4,10,2,7,3.0
200900004039,9,2,22,645,2,1,1,6,4,0,3,2,2,0,1,1,0,65,1,0,3,99,7,4,3,3,1,7,6.0
200900004040,9,2,18,1230,1,2,1,3,4,0,3,2,2,0,1,1,0,50,1,0,1,0,8,1,0,4,4,3,12.0
200900004041,9,2,12,745,2,2,1,3,4,0,3,0,0,0,0,0,0,30,0,0,0,0,11,6,1,3,7,4,7.0
200900004043,9,2,7,1200,1,1,1,6,4,0,3,2,2,0,1,2,0,41,1,0,3,99,18,8,1,14,3,6,12.0
200900004050,9,2,13,2030,3,1,1,1,4,0,3,2,2,0,1,1,0,54,1,0,1,99,10,5,1,4,5,5,20.0
200900004052,9,2,14,1515,1,1,1,6,4,0,3,2,2,0,2,1,0,60,1,0,3,0,11,6,0,7,4,6,15.0
200900004053,9,2,27,1100,1,1,1,1,4,0,2,3,2,0,1,1,60,30,1,0,1,0,10,4,2,5,3,5,11.0
200900004251,9,1,30,730,2,2,1,3,4,0,3,2,0,0,1,1,0,0,0,5,0,0,8,10,1,3,4,5,7.0
200900004731,9,1,6,944,1,6,6,3,4,0,4,1,2,0,1,2,0,0,1,0,1,0,9,5,0,2,7,2,9.0
200900004761,9,1,11,1745,2,1,1,5,4,0,3,2,2,2,1,1,0,84,1,0,1,99,5,2,0,5,0,7,17.0
200900004865,9,2,5,1015,1,1,1,6,4,0,9,2,0,0,1,1,0,0,1,0,1,0,11,6,2,3,6,4,10.0
200900004869,9,2,17,830,1,1,5,7,4,0,3,2,2,0,2,4,0,60,2,0,1,0,11,5,2,3,6,2,8.0
200900004871,9,2,20,1330,1,3,1,1,4,0,4,2,2,0,2,1,0,49,1,0,1,99,15,16,0,8,7,5,13.0
200900004872,9,2,28,330,3,1,5,6,4,0,3,2,0,0,2,2,0,50,1,0,3,0,23,11,4,6,13,6,3.0
200900004876,9,2,9,1950,3,1,2,7,4,0,9,2,2,0,1,1,0,0,2,0,3,99,7,3,0,4,3,1,19.0
200900004880,9,2,3,1722,1,1,2,3,4,0,9,2,2,2,1,1,0,0,2,1,5,99,7,6,0,2,5,2,17.0
200900004882,9,2,2,1710,1,1,1,7,4,0,3,2,2,0,1,1,0,0,1,0,1,99,11,13,1,6,4,1,17.0
200900004884,9,2,4,810,1,1,2,3,4,0,9,2,2,2,1,1,0,0,2,0,1,99,9,5,2,2,5,3,8.0
200900004885,9,2,24,720,5,2,1,6,4,0,9,2,4,3,1,1,0,0,1,5,0,3,5,3,0,4,1,2,7.0
200900004886,9,2,26,1423,1,1,1,3,4,0,9,2,2,0,2,1,0,0,1,0,1,99,7,6,0,3,4,4,14.0
200900004887,9,2,21,1800,1,1,1,6,4,0,9,2,2,0,2,1,0,0,1,0,1,0,19,11,1,11,7,6,18.0
200900004888,9,2,19,1351,1,2,1,3,4,0,9,2,3,0,1,1,0,0,1,5,1,0,3,2,0,1,2,4,13.0
200900004891,9,2,16,2215,5,2,1,3,4,0,4,2,2,0,1,1,0,0,1,5,1,0,8,3,0,4,4,1,22.0
200900004892,9,2,10,1706,1,2,1,3,4,0,4,2,2,0,2,1,0,0,1,0,1,99,11,9,3,2,6,2,17.0
200900004898,9,2,25,1730,1,1,1,6,4,0,4,2,2,0,1,1,0,90,1,0,1,99,4,4,0,4,0,3,17.0
200900006309,9,2,1,230,3,1,2,7,4,0,4,2,0,0,0,1,0,0,1,0,1,0,19,9,2,13,4,7,2.0
200900006335,9,3,7,1720,1,3,1,3,4,0,4,2,1,0,1,1,0,60,1,0,1,3,20,9,1,4,15,6,17.0
200900006337,9,3,4,1130,1,1,1,6,4,0,4,2,1,0,1,1,0,54,1,0,1,3,9,7,0,4,5,3,11.0
200900006338,9,3,5,1900,3,1,1,1,4,0,4,2,2,0,1,3,0,45,1,0,1,99,12,6,0,5,7,4,19.0
200900006340,9,3,6,1410,1,1,1,6,4,0,3,2,2,0,1,1,0,65,0,5,1,0,13,7,1,7,5,5,14.0
200900006344,9,3,9,1616,1,1,1,1,4,0,4,2,0,0,2,2,0,45,1,0,1,0,15,10,1,3,11,1,16.0
200900006349,9,3,15,2145,3,1,1,7,4,0,3,2,2,0,1,2,0,60,1,2,3,0,8,3,1,5,2,7,21.0
200900006350,9,3,16,835,1,6,1,3,4,0,4,1,1,0,1,2,0,70,1,0,1,99,14,8,2,4,8,1,8.0
200900006357,9,3,24,2245,5,1,1,7,4,0,3,2,2,0,1,2,0,0,1,0,3,99,8,6,1,5,2,2,22.0
200900006360,9,3,23,1345,1,6,1,3,4,0,3,2,2,0,1,1,0,60,1,5,1,0,11,10,1,6,4,1,13.0
200900006361,9,3,21,1800,1,1,1,2,4,0,3,2,2,0,1,1,0,70,1,0,1,99,16,10,0,8,8,6,18.0
200900006385,9,4,10,2145,5,1,1,6,4,0,4,2,2,0,1,2,0,45,1,0,1,0,13,7,1,7,5,5,21.0
200900006386,9,4,6,1315,1,1,1,5,4,0,4,2,0,0,1,1,0,47,1,0,1,99,17,9,2,8,7,1,13.0
200900006388,9,4,20,1845,1,1,1,2,4,0,4,2,2,0,2,1,70,0,1,0,1,0,6,2,0,4,2,1,18.0
200900006393,9,4,12,215,5,1,1,6,4,0,3,2,2,0,1,1,0,70,1,0,4,0,9,6,2,3,4,7,2.0
200900006395,9,4,15,2030,3,1,1,1,4,0,9,2,2,0,1,1,0,55,1,0,1,0,10,6,0,6,4,3,20.0
200900006400,9,4,24,1145,1,6,1,3,4,0,4,3,2,2,1,0,0,0,1,5,5,0,17,14,0,10,7,5,11.0
200900006575,9,3,27,1400,1,1,6,1,4,0,3,2,2,0,1,1,0,75,1,0,1,0,5,4,1,3,1,5,14.0
200900006576,9,3,22,1845,1,1,1,7,4,0,3,2,2,0,1,1,0,75,1,0,1,99,8,9,0,6,2,7,18.0
200900006577,9,3,18,1730,1,1,1,1,4,0,3,2,2,0,1,1,0,71,1,5,1,99,17,11,0,4,13,3,17.0
200900006624,9,1,4,115,3,1,1,2,4,0,2,2,2,0,1,1,0,74,1,0,0,0,7,3,0,5,2,7,1.0
200900006643,9,1,18,1410,1,1,1,2,4,0,4,2,4,0,1,2,0,83,1,0,1,3,4,4,0,3,1,7,14.0
200900006750,9,2,23,1515,1,6,1,6,4,0,3,3,2,0,2,4,144,26,1,0,1,0,8,1,1,3,4,1,15.0
200900006757,9,3,28,1430,1,1,1,3,4,0,3,1,1,0,1,1,0,73,1,0,1,3,13,7,0,7,6,6,14.0
200900006758,9,3,30,750,1,6,1,3,4,0,3,1,2,0,1,2,0,0,1,0,1,0,9,3,1,2,6,1,7.0
200900006759,9,3,11,1115,1,3,1,3,4,0,3,2,2,0,1,1,0,100,1,0,1,99,11,8,1,3,7,3,11.0
200900006760,9,3,13,1400,1,1,1,3,4,0,4,2,2,0,1,1,0,0,1,0,1,0,21,8,3,11,7,5,14.0
200900006761,9,3,19,1700,1,1,1,4,4,0,3,3,2,0,1,0,0,0,1,0,1,0,14,8,1,5,8,4,17.0
200900006764,9,3,10,1210,1,1,1,6,4,0,4,2,2,0,1,1,31,88,1,0,1,3,5,5,0,2,3,2,12.0
200900006765,9,3,1,215,5,1,1,6,4,0,4,2,3,1,1,1,0,119,1,0,4,0,10,3,1,2,7,7,2.0
200900006767,9,3,2,845,1,2,2,3,4,0,4,1,1,0,1,1,0,47,2,5,1,0,11,7,0,4,7,1,8.0
200900006772,9,3,3,730,2,1,1,7,4,0,4,3,0,0,1,1,46,160,1,0,1,99,8,8,1,5,2,2,7.0
200900006779,9,3,12,1217,1,1,1,6,4,0,4,2,2,0,1,1,0,0,1,0,1,0,2,1,0,1,1,4,12.0
200900006785,9,3,14,1540,1,1,1,7,4,0,4,2,0,0,1,1,0,0,1,0,1,99,13,12,2,4,7,6,15.0
200900006789,9,3,17,1106,1,1,7,6,4,0,4,2,2,0,2,0,0,120,1,0,1,0,9,7,1,4,4,2,11.0
200900006799,9,3,25,1020,1,1,1,2,4,0,3,2,2,0,1,1,0,0,1,0,1,0,6,3,0,3,3,3,10.0
200900006801,9,3,20,940,1,2,1,6,4,0,4,2,2,0,1,1,0,0,1,0,1,0,16,19,0,6,10,5,9.0
200900006815,9,3,26,935,1,3,1,7,4,0,4,0,2,0,1,1,0,70,1,0,0,99,15,9,0,10,5,4,9.0
200900006822,9,3,31,1600,1,3,1,3,4,0,4,1,2,0,1,1,0,0,1,5,1,99,12,8,0,5,7,2,16.0
200900006842,9,4,16,1900,1,1,1,3,4,0,3,2,2,0,1,1,0,81,1,0,1,0,6,3,0,3,3,4,19.0
200900006843,9,4,19,1000,1,1,1,1,4,0,3,2,2,0,1,1,0,0,1,0,1,99,12,11,2,5,5,7,10.0
200900006844,9,4,30,1700,1,1,1,7,4,0,3,1,1,0,1,1,0,80,1,0,1,0,21,18,1,8,12,4,17.0
200900006845,9,4,1,1350,1,1,1,2,4,0,4,2,2,0,1,1,0,0,1,0,1,0,11,9,1,3,7,3,13.0
200900006846,9,4,2,1045,1,6,1,6,4,0,4,1,2,0,1,0,0,79,1,5,1,99,10,9,1,5,4,4,10.0
200900006848,9,4,9,1535,1,1,1,3,4,0,3,3,5,0,1,1,0,0,1,5,1,99,11,8,0,4,7,4,15.0
200900006851,9,4,3,255,5,1,1,6,4,0,4,1,1,0,1,0,0,70,1,0,1,0,10,7,0,6,4,5,2.0
200900006855,9,4,4,1720,1,3,1,3,4,0,4,2,2,0,1,1,0,0,1,0,1,0,16,11,1,8,7,6,17.0
200900006856,9,4,5,1530,1,1,1,6,4,0,3,3,2,0,1,1,16,152,1,0,3,99,18,7,3,10,5,7,15.0
200900006860,9,4,8,1040,1,1,1,3,4,0,3,2,2,0,1,1,0,150,1,0,1,99,4,3,0,2,2,3,10.0
200900006864,9,4,22,1425,1,1,1,3,4,0,4,1,1,0,1,1,0,30,1,0,0,0,7,6,1,2,4,3,14.0
200900006865,9,4,23,1440,1,1,1,3,4,0,3,2,2,0,1,1,0,80,1,0,2,0,13,6,0,7,6,4,14.0
200900006867,9,4,14,1900,1,1,8,3,4,0,3,2,0,0,1,1,0,0,2,0,1,0,6,3,1,2,3,2,19.0
200900006878,9,4,17,1605,1,1,1,6,4,0,4,1,1,0,2,1,0,77,1,0,0,99,14,10,0,7,7,5,16.0
200900006885,9,4,18,1745,1,1,1,3,4,0,3,2,2,0,1,1,0,70,1,0,1,0,16,6,1,7,8,6,17.0
200900006886,9,4,21,1915,1,2,1,2,4,0,4,2,2,0,1,1,0,63,1,0,1,0,8,2,0,2,6,2,19.0
200900006894,9,4,27,1430,1,6,1,6,4,0,4,0,2,0,1,3,0,70,1,0,1,0,10,8,0,3,7,1,14.0
200900006896,9,4,28,1625,1,3,1,6,4,0,4,2,2,0,1,1,0,70,1,0,1,0,13,8,0,6,7,2,16.0
200900006897,9,4,29,1300,1,1,2,6,4,0,3,2,2,0,1,1,0,0,2,0,1,99,14,12,0,6,8,3,13.0
200900007249,9,4,25,1125,1,1,1,6,4,0,4,2,1,0,1,1,0,70,1,0,1,0,10,4,0,4,6,6,11.0
200900007257,9,4,26,1600,1,1,1,4,4,0,4,2,0,0,1,1,0,0,1,0,1,99,14,2,1,8,5,7,16.0
200900007447,9,3,29,1215,1,1,1,6,4,0,4,2,2,0,1,1,0,61,1,0,1,99,7,10,0,5,2,7,12.0
200900007627,9,2,6,845,1,1,1,6,4,0,3,2,2,0,2,2,0,64,8,0,1,99,3,1,0,2,1,5,8.0
200900007813,9,3,8,1145,1,1,1,3,4,0,3,2,2,0,4,3,0,53,1,0,1,0,7,5,0,5,2,7,11.0
200900009768,9,5,4,1400,1,1,1,3,4,0,4,2,0,0,0,1,60,0,1,0,1,3,16,18,1,8,7,1,14.0
200900009769,9,5,15,1830,1,1,1,6,4,0,4,2,0,0,1,1,0,43,1,0,1,0,7,5,0,4,3,5,18.0
200900009774,9,5,18,1800,1,1,1,1,4,0,4,0,0,2,0,3,0,52,1,0,1,0,9,4,0,4,5,1,18.0
200900009783,9,5,13,1600,1,1,1,5,4,0,4,2,2,0,1,1,0,0,1,0,1,99,15,10,1,7,7,3,16.0
200900009933,9,5,6,1530,1,1,1,6,4,0,3,2,2,0,2,3,0,42,1,0,3,0,13,7,1,7,5,3,15.0
200900009935,9,5,5,1518,1,1,1,6,4,0,4,3,2,0,1,3,0,78,1,5,1,0,20,11,0,9,11,2,15.0
200900009936,9,5,7,1545,1,3,1,6,4,0,4,1,2,0,1,1,0,68,1,0,1,99,13,11,2,1,10,4,15.0
200900009937,9,5,9,145,3,1,1,6,4,0,3,2,2,0,1,1,0,73,1,0,1,0,17,8,0,11,6,6,1.0
200900009939,9,5,19,1530,1,1,1,3,4,0,3,2,3,0,1,1,122,0,1,0,1,99,2,2,0,2,0,2,15.0
200900009940,9,5,20,1745,1,1,1,6,4,0,3,2,3,0,1,2,0,105,1,0,3,0,18,11,1,6,11,3,17.0
200900009941,9,5,31,615,2,1,5,7,4,0,3,2,2,0,2,2,0,62,2,0,3,0,34,9,3,19,12,7,6.0
200900009944,9,5,30,305,5,1,1,6,4,0,4,2,2,0,1,1,0,70,1,0,1,99,19,6,0,15,4,6,3.0
200900009945,9,5,1,309,5,1,1,7,4,0,3,2,2,0,2,1,0,120,1,0,1,99,8,4,2,5,1,5,3.0
200900009950,9,5,2,2045,2,1,1,3,4,0,4,2,2,0,1,1,0,90,1,0,1,0,9,4,0,5,4,6,20.0
200900009953,9,5,8,720,1,3,1,3,4,0,4,1,1,0,1,2,0,37,1,0,1,3,9,11,1,4,4,5,7.0
200900009956,9,5,10,1625,1,1,1,3,4,0,4,2,2,0,1,0,0,0,1,0,1,0,13,5,0,7,6,7,16.0
200900009957,9,5,11,2130,2,1,2,3,4,0,3,2,2,3,1,1,0,80,2,0,1,0,22,9,3,5,14,1,21.0
200900009958,9,5,12,1720,1,1,1,3,4,0,4,1,1,0,1,1,0,50,1,0,1,99,12,8,0,3,9,2,17.0
200900009959,9,5,16,500,5,1,1,7,4,0,3,0,2,0,0,1,0,66,1,0,1,0,18,8,0,8,10,6,5.0
200900009968,9,5,22,1300,1,1,1,6,4,0,6,0,0,0,1,0,0,0,1,0,1,99,27,12,5,10,12,5,13.0
200900009969,9,5,23,1710,1,1,1,6,4,0,4,2,2,0,1,1,0,0,1,0,1,99,5,1,0,3,2,6,17.0
200900009971,9,5,24,450,5,1,2,1,4,0,3,1,2,0,1,2,0,0,2,0,1,99,12,4,1,5,6,7,4.0
200900009973,9,5,25,1230,1,3,1,3,4,0,4,2,2,0,1,1,0,0,1,0,1,0,15,4,0,5,10,1,12.0
200900009976,9,5,26,930,1,3,2,3,4,0,3,2,2,0,3,3,0,80,2,0,1,99,7,7,0,2,5,2,9.0
200900009978,9,5,27,912,1,3,1,3,4,0,4,2,2,0,1,1,0,72,1,0,1,0,17,4,0,3,14,3,9.0
200900009980,9,5,28,1750,1,1,1,3,4,0,4,2,2,0,1,0,0,0,1,0,1,0,5,4,0,3,2,4,17.0
200900009981,9,5,29,1245,1,3,1,3,4,0,4,1,1,0,1,1,0,47,1,0,2,99,11,12,1,7,3,5,12.0
200900009988,9,5,14,1226,1,2,2,6,4,0,3,2,2,0,0,0,0,120,2,0,1,0,10,7,2,4,4,4,12.0
200900009995,9,5,3,1830,1,1,1,6,4,0,3,2,2,0,0,2,0,80,1,0,3,99,11,3,1,7,3,7,18.0
200900010011,9,5,17,2100,1,1,2,6,4,0,3,2,2,0,1,1,0,56,2,0,3,0,3,2,1,2,0,7,21.0
200900010560,9,6,24,1830,1,1,1,6,4,0,4,2,2,0,1,1,0,0,1,0,1,99,7,5,0,5,2,3,18.0
200900011919,9,2,11,2200,5,1,1,6,4,0,3,2,2,0,1,2,67,0,1,0,1,3,4,1,1,2,1,3,22.0
200900014399,9,4,11,1445,1,1,2,7,4,0,3,2,2,0,1,3,0,70,2,0,3,0,12,5,1,6,5,6,14.0
200900014634,9,6,29,1830,1,1,1,1,4,0,3,2,0,0,1,1,0,62,1,0,1,99,14,6,0,12,2,1,18.0
200900015386,9,6,19,1815,1,1,1,6,4,0,4,2,1,0,1,1,0,70,1,0,1,0,12,10,0,7,5,5,18.0
200900017197,9,6,1,1230,1,1,1,3,4,0,4,2,2,0,1,1,0,130,1,0,1,0,9,6,0,2,7,1,12.0
200900017198,9,6,2,1005,1,1,1,6,4,0,4,2,2,0,1,1,0,0,1,0,1,0,16,15,1,6,9,2,10.0
200900017200,9,6,4,2130,2,1,1,6,4,0,4,2,2,0,1,1,0,68,1,0,1,99,7,3,1,2,4,4,21.0
200900017202,9,6,3,1740,1,2,1,3,4,0,4,2,2,0,1,1,0,67,1,0,1,99,15,6,0,10,5,3,17.0
200900017206,9,6,5,1650,1,2,1,3,4,0,4,2,3,0,1,1,0,100,1,0,1,0,16,8,1,9,6,5,16.0
200900017208,9,6,8,845,1,1,1,6,4,0,4,3,4,0,1,1,0,80,1,0,1,0,3,3,1,0,2,1,8.0
200900017211,9,6,10,1137,1,1,1,6,4,0,4,2,2,0,2,1,0,70,1,0,1,3,5,5,0,3,2,3,11.0
200900017220,9,6,14,2050,1,1,2,2,4,0,4,2,2,0,1,1,0,114,2,5,1,0,25,12,1,14,10,7,20.0
200900017221,9,6,15,905,1,1,1,6,4,0,4,1,1,0,1,1,0,0,1,0,1,0,10,4,1,4,5,1,9.0
200900017222,9,6,11,1645,1,1,1,7,4,0,3,2,3,0,1,3,0,120,1,0,1,0,3,0,3,0,0,4,16.0
200900017224,9,6,6,1015,1,6,1,6,4,0,4,1,1,0,1,2,0,0,1,5,1,3,13,7,0,6,7,6,10.0
200900017233,9,6,13,2045,1,1,1,6,4,0,3,2,2,0,2,2,0,98,1,0,1,99,17,4,1,11,5,6,20.0
200900017235,9,6,16,1635,1,1,3,7,4,0,3,2,2,0,1,1,0,0,2,0,1,0,9,7,0,6,3,2,16.0
200900017237,9,6,17,805,1,5,1,3,4,0,4,2,3,0,1,1,0,157,1,5,1,0,11,5,2,3,6,3,8.0
200900017240,9,6,18,1745,1,1,1,2,4,0,4,2,2,0,1,1,0,0,1,0,1,0,12,8,1,7,4,4,17.0
200900017246,9,6,20,840,1,3,1,3,4,0,3,2,3,0,1,1,0,110,1,0,1,0,26,12,0,13,13,6,8.0
200900017253,9,6,22,725,1,1,7,6,4,0,4,2,2,0,1,1,0,120,1,0,1,0,18,11,0,11,7,1,7.0
200900017254,9,6,27,1030,1,9,1,6,4,0,3,2,2,0,1,1,0,90,1,0,1,0,14,9,3,2,9,6,10.0
200900017257,9,6,23,815,1,1,1,3,4,0,3,1,2,0,1,3,0,0,1,0,1,0,4,3,0,2,2,2,8.0
200900017267,9,6,25,2210,5,1,1,6,4,0,3,2,2,0,1,0,0,0,1,0,1,99,11,7,0,5,6,4,22.0
200900017269,9,6,26,1320,1,1,1,3,4,0,3,2,2,0,1,1,0,0,1,0,1,99,12,15,0,7,5,5,13.0
200900017281,9,6,30,830,1,1,1,6,4,0,3,2,2,0,1,2,0,60,1,0,3,99,9,6,1,7,1,2,8.0
200900017290,9,7,29,815,1,1,1,3,4,0,3,2,2,3,1,1,25,80,1,0,1,99,28,13,0,12,16,3,8.0
200900017291,9,7,1,800,1,1,1,5,4,0,3,2,2,0,2,1,0,83,1,0,1,0,10,4,1,4,5,3,8.0
200900017292,9,7,2,655,1,6,2,3,4,0,4,1,1,0,2,2,0,60,2,0,1,99,17,7,1,7,9,4,6.0
200900017294,9,7,3,1540,1,1,1,3,4,0,4,2,2,0,1,1,0,106,1,0,1,0,20,12,1,5,14,5,15.0
200900017295,9,7,5,245,3,1,1,1,4,0,3,2,2,0,1,3,0,46,0,0,1,0,17,13,0,11,6,7,2.0
200900017301,9,7,4,1300,1,1,2,1,4,0,2,2,2,0,1,1,0,65,2,0,1,0,14,11,1,10,3,6,13.0
200900017303,9,7,9,120,5,1,1,7,4,0,3,2,2,0,1,1,0,0,1,0,1,99,19,10,0,11,8,4,1.0
200900017306,9,7,6,945,1,1,1,7,4,0,1,1,0,0,0,2,0,0,1,3,3,99,10,5,1,3,6,1,9.0
200900017308,9,7,7,1000,1,1,1,2,4,0,4,2,3,0,4,1,0,90,1,0,1,3,25,13,2,8,15,2,10.0
200900017311,9,7,10,1215,1,6,1,3,4,0,3,1,1,1,2,1,0,30,1,5,1,99,18,10,0,9,9,5,12.0
200900017321,9,7,11,800,1,1,1,7,4,0,3,2,4,0,1,2,8,130,1,0,1,99,11,11,2,7,2,6,8.0
200900017323,9,7,23,1400,1,1,1,1,4,0,3,2,0,0,1,2,0,54,1,0,1,0,12,10,0,7,5,4,14.0
200900017326,9,7,12,700,2,1,1,2,4,0,1,3,2,0,1,1,0,0,1,0,1,0,13,17,1,9,3,7,7.0
200900017327,9,7,13,1100,1,1,1,2,4,0,4,2,2,0,1,1,0,0,1,0,1,0,18,10,3,3,12,1,11.0
200900017329,9,7,15,1710,1,1,1,1,4,0,4,2,2,0,1,1,0,50,1,0,1,0,10,8,0,4,6,3,17.0
200900017330,9,7,18,1400,1,3,1,5,4,0,3,0,2,0,1,0,57,30,1,5,1,0,24,17,1,12,11,6,14.0
200900017331,9,7,24,1645,1,1,1,2,4,0,3,2,2,0,1,1,0,73,1,0,1,0,9,7,0,4,5,5,16.0
200900017332,9,7,25,1900,1,1,1,6,4,0,4,2,0,0,1,3,0,51,1,0,1,0,9,5,0,4,5,6,19.0
200900017334,9,7,26,530,2,1,1,6,4,0,3,2,2,0,2,1,0,58,1,0,3,0,9,0,1,5,3,7,5.0
200900017336,9,7,28,1330,1,1,1,3,4,0,3,2,0,0,2,1,0,60,1,0,1,0,23,14,0,6,17,2,13.0
200900017337,9,7,31,815,1,1,1,6,4,0,3,2,2,0,0,3,0,0,1,0,3,0,12,8,0,5,7,5,8.0
200900017804,9,6,21,1100,1,1,1,7,4,0,3,2,2,0,1,1,0,0,1,0,1,99,18,16,2,14,2,7,11.0
200900018336,9,6,12,1115,1,1,1,3,4,0,2,2,2,0,2,1,0,65,1,0,1,99,9,4,0,4,5,5,11.0
200900018732,9,4,7,1200,1,1,1,3,4,0,4,2,2,0,1,1,0,51,3,0,1,0,4,5,0,4,0,2,12.0
200900018733,9,4,13,1,3,1,1,6,4,0,3,2,2,0,1,1,0,60,1,2,1,99,5,1,0,0,5,1,0.0
200900021741,9,7,16,1245,1,1,1,7,4,0,3,2,2,0,1,3,0,0,9,0,1,99,17,6,2,6,9,4,12.0
200900022012,9,7,21,1700,1,1,1,3,4,0,3,2,2,0,2,1,0,71,1,0,1,99,10,7,3,3,4,2,17.0
200900022028,9,8,14,1515,1,1,1,7,4,0,3,2,2,0,1,2,0,60,1,0,3,0,18,12,1,4,13,5,15.0
200900022030,9,8,30,800,1,1,1,7,4,0,3,2,2,0,0,0,0,0,1,0,0,99,15,6,0,7,8,7,8.0
200900022031,9,8,1,445,3,1,1,1,4,0,2,2,2,0,0,1,0,72,1,0,1,0,22,14,3,5,14,6,4.0
200900022032,9,8,13,545,3,9,2,6,4,0,3,3,4,0,1,1,31,144,2,3,1,99,17,11,0,8,9,4,5.0
200900022033,9,8,29,800,1,9,5,6,4,0,4,2,2,0,4,2,0,36,1,0,3,0,15,7,0,8,7,6,8.0
200900022034,9,8,7,1730,1,1,1,3,4,0,3,1,1,0,1,1,0,65,1,0,1,0,13,8,1,4,8,5,17.0
200900022178,9,7,14,2115,5,9,1,3,4,0,4,2,2,0,1,1,0,80,1,5,1,99,27,9,1,16,10,2,21.0
200900022184,9,7,19,1900,1,1,1,5,4,0,3,2,0,0,0,1,50,0,1,0,1,0,9,7,0,5,4,7,19.0
200900022197,9,7,30,2100,1,1,1,3,4,0,9,1,1,0,1,3,0,35,1,0,1,99,14,9,0,10,4,4,21.0
200900022332,9,7,17,2100,5,4,1,3,4,0,4,2,2,0,1,1,0,63,1,0,1,99,15,15,1,8,6,5,21.0
200900022425,9,8,21,1730,1,1,1,1,4,0,4,2,0,0,4,1,0,0,1,0,1,99,11,4,2,4,5,5,17.0
200900022427,9,8,2,15,3,1,1,6,4,0,3,2,0,0,1,1,0,56,1,6,1,99,20,6,1,10,9,7,0.0
200900022442,9,8,12,1900,1,1,7,1,4,0,3,2,2,0,1,2,0,60,1,0,1,0,7,5,1,3,3,3,19.0
200900022453,9,8,25,1845,1,1,1,3,4,0,3,2,2,0,1,0,0,67,1,0,1,99,10,13,0,5,5,2,18.0
200900023045,9,5,21,1815,1,3,1,3,4,0,4,2,2,0,1,1,0,0,1,0,1,99,6,4,0,3,3,4,18.0
200900023115,9,6,7,1653,1,3,1,3,4,0,9,2,2,0,1,1,0,0,1,0,1,0,6,8,1,2,3,7,16.0
200900024628,9,7,27,1930,1,1,1,3,4,0,3,2,2,0,4,1,0,62,1,0,1,0,15,11,1,3,11,1,19.0
200900024948,9,7,20,940,1,1,1,3,4,0,4,2,2,0,1,1,0,100,1,0,1,99,9,7,1,4,4,1,9.0
200900028216,9,8,3,1430,1,1,1,6,4,0,9,2,2,0,1,1,0,57,1,0,1,0,16,10,0,7,9,1,14.0
200900028218,9,8,10,1415,1,1,1,1,4,0,4,2,2,0,1,1,0,35,1,0,1,0,8,5,0,4,4,1,14.0
200900028228,9,8,17,1515,1,1,1,1,4,0,3,2,2,0,1,1,0,72,1,0,1,0,14,11,0,7,7,1,15.0
200900028230,9,8,20,1300,1,1,1,1,4,0,3,2,2,0,1,1,0,70,1,0,1,99,13,10,1,7,5,4,13.0
200900028232,9,8,22,1945,1,1,1,1,4,0,3,2,2,0,1,3,0,65,1,0,1,99,20,11,3,12,5,6,19.0
200900028235,9,8,24,1945,2,1,7,3,4,0,3,2,2,0,1,1,0,75,1,0,1,99,17,13,2,9,6,1,19.0
200900028240,9,8,28,2215,3,1,1,3,4,0,3,2,0,0,1,1,0,80,1,0,1,99,19,10,3,12,4,5,22.0
200900028294,9,9,5,430,2,1,1,6,4,0,4,2,2,0,2,3,0,70,1,0,3,99,11,13,1,8,2,6,4.0
200900028296,9,9,12,800,1,1,1,1,4,0,3,2,2,0,1,1,0,60,1,5,1,0,24,13,2,7,15,6,8.0
200900028301,9,9,9,1815,1,1,1,6,4,0,4,2,2,0,1,1,0,38,1,0,1,99,9,10,2,3,4,3,18.0
200900028302,9,9,10,1200,1,6,1,3,4,0,3,2,0,2,1,3,0,0,1,5,1,99,11,11,0,6,5,4,12.0
200900028316,9,9,26,1400,1,1,1,6,4,0,3,2,2,0,1,2,0,0,1,0,3,99,11,9,0,6,5,6,14.0
200900028318,9,9,29,1545,1,1,1,7,4,0,3,2,4,0,1,1,72,144,1,0,1,0,6,5,0,4,2,2,15.0
200900028888,9,8,5,1830,1,1,1,6,4,0,3,2,2,0,2,3,0,45,1,0,1,99,9,4,1,3,5,3,18.0
200900028890,9,8,8,2030,1,1,1,7,4,0,4,2,2,0,2,1,0,40,1,0,1,99,26,26,0,9,17,6,20.0
200900029373,9,8,4,1500,1,9,1,6,4,0,4,2,2,0,1,1,0,69,1,0,1,0,11,10,1,4,6,2,15.0
200900029377,9,8,6,940,1,1,1,6,4,0,4,2,2,0,1,1,0,0,1,0,1,0,21,11,0,11,10,4,9.0
200900029397,9,8,9,1730,3,1,2,6,4,0,3,2,0,0,4,3,61,0,2,2,3,0,18,17,1,12,5,7,17.0
200900029403,9,8,11,1930,1,1,1,3,4,0,4,2,3,0,1,1,0,131,1,0,1,0,14,11,1,4,9,2,19.0
200900029412,9,8,15,1015,1,1,1,6,4,0,3,2,2,0,2,2,0,80,1,0,1,99,12,11,0,8,4,6,10.0
200900029417,9,8,16,140,5,1,1,6,4,0,4,2,0,0,1,1,0,87,1,0,1,0,11,13,0,6,5,7,1.0
200900029421,9,8,18,1425,1,6,1,3,4,0,3,1,1,0,1,1,0,60,1,0,1,99,20,11,0,10,10,2,14.0
200900029428,9,8,19,1700,1,9,1,6,4,0,4,2,2,0,1,1,0,60,1,0,1,99,12,15,1,7,4,3,17.0
200900029437,9,8,23,1040,1,1,1,3,4,0,3,4,3,3,1,1,0,130,1,0,1,0,17,7,3,5,9,7,10.0
200900029448,9,8,26,1320,1,3,1,3,4,0,4,1,1,0,1,1,0,0,1,0,1,99,13,9,1,10,2,3,13.0
200900029449,9,8,27,1430,1,1,1,7,4,0,3,4,2,0,1,0,0,90,1,0,1,0,9,6,1,2,6,4,14.0
200900029455,9,8,31,1150,1,1,1,2,4,0,4,2,2,0,1,1,0,0,1,0,1,0,5,4,1,1,3,1,11.0
200900029459,9,9,7,1605,1,2,1,4,4,0,4,2,2,0,2,1,0,60,1,0,1,99,9,10,0,4,5,1,16.0
200900029460,9,9,13,1900,1,1,1,3,4,0,4,1,2,0,1,1,0,60,1,0,1,99,18,12,3,8,7,7,19.0
200900029461,9,9,15,825,1,6,1,3,4,0,4,1,2,0,2,2,0,80,1,0,1,0,15,8,1,4,10,2,8.0
200900029463,9,9,1,1330,1,1,1,6,4,0,4,0,1,3,1,1,0,0,1,6,1,0,17,13,0,5,12,2,13.0
200900029468,9,9,2,1430,1,1,1,3,4,0,4,2,2,0,1,1,0,0,1,0,1,0,13,7,1,2,10,3,14.0
200900029470,9,9,3,1125,1,1,1,2,4,0,4,2,3,0,1,1,0,131,1,0,1,0,11,12,1,7,3,4,11.0
200900029473,9,9,4,830,1,1,1,6,4,0,4,2,2,0,1,1,0,0,1,0,1,0,15,11,1,7,7,5,8.0
200900029474,9,9,6,130,3,1,1,6,4,0,3,2,3,0,2,3,0,108,1,0,3,0,15,9,2,6,7,7,1.0
200900029479,9,9,11,650,5,1,1,6,4,0,4,2,2,0,1,1,0,0,1,0,1,0,12,7,1,7,4,5,6.0
200900029481,9,9,16,1635,1,1,1,3,4,0,4,2,2,0,1,1,0,65,1,0,1,0,16,8,0,6,10,3,16.0
200900029484,9,9,30,2035,3,1,1,6,4,0,3,2,2,0,0,2,33,0,9,0,1,0,13,9,1,3,9,3,20.0
200900029487,9,9,17,1715,1,1,1,3,4,0,4,2,2,0,1,1,0,55,1,0,1,3,6,4,1,1,4,4,17.0
200900029488,9,9,18,755,2,1,1,3,4,0,4,2,2,0,1,1,0,0,2,0,1,0,16,10,3,7,6,5,7.0
200900029492,9,9,19,1100,1,1,8,6,4,0,3,2,0,0,2,4,0,0,2,0,1,0,14,6,1,3,10,6,11.0
200900029495,9,9,20,1320,1,1,1,6,4,0,4,2,2,0,1,1,0,0,1,0,1,0,14,2,1,7,6,7,13.0
200900029496,9,9,21,735,2,1,2,6,4,0,3,2,2,0,1,1,0,0,2,0,1,0,12,7,1,4,7,1,7.0
200900029498,9,9,22,945,1,1,5,6,4,0,3,2,1,0,3,3,0,44,1,0,3,0,12,8,1,6,5,2,9.0