Num_Acc,an,mois,jour,hrmn,lum,int,atm,col,lat,long,catr,circ,nbv,vosp,prof,plan,lartpc,larrout,surf,infra,situ,env1,sum,unscathed,killed,hospital,light,week,time
200900029504,9,9,25,515,5,1,1,6,4,0,3,2,0,0,0,2,0,0,0,0,4,0,15,13,0,5,10,5,5.0
200900029507,9,9,23,2100,5,1,1,1,4,0,4,2,2,0,1,3,0,60,1,0,1,99,19,7,2,7,10,3,21.0
200900029508,9,9,24,645,2,1,1,3,4,0,4,2,2,0,1,1,0,0,1,0,1,0,15,9,3,7,5,4,6.0
200900029512,9,9,27,1805,1,3,1,3,4,0,4,1,1,0,3,1,0,55,1,0,1,99,13,5,0,7,6,7,18.0
200900029513,9,9,28,2030,3,1,1,6,4,0,3,2,2,0,1,1,0,72,1,0,1,99,11,10,0,6,5,1,20.0
200900030554,9,6,9,2245,3,1,1,3,4,0,3,2,2,0,1,1,0,70,1,0,1,0,3,3,0,1,2,2,22.0
200900030594,9,6,28,2145,1,2,1,1,4,0,4,2,2,0,1,2,0,0,1,0,1,3,7,4,2,1,4,7,21.0
200900030641,9,7,22,500,2,1,1,1,4,0,3,2,2,0,1,1,0,62,1,0,1,0,11,4,0,6,5,3,5.0
200900031562,9,9,8,1215,1,1,1,2,4,0,4,0,2,1,1,3,0,0,1,0,1,0,12,11,0,6,6,2,12.0
200900031996,9,10,4,2030,3,1,1,6,4,0,3,2,2,0,1,1,0,63,1,0,1,99,16,7,0,11,5,7,20.0
200900031997,9,10,10,2215,3,1,1,6,4,0,3,2,2,0,1,1,0,60,1,0,3,0,14,15,2,6,6,6,22.0
200900031999,9,10,18,530,3,1,1,3,4,0,3,2,2,0,1,1,0,76,1,0,1,0,9,7,2,6,1,7,5.0
200900032001,9,10,11,2300,3,1,1,6,4,0,4,2,0,0,1,1,0,45,1,0,3,0,8,2,1,2,5,7,23.0
200900032005,9,10,16,1615,1,1,1,7,4,0,3,2,0,0,1,4,0,51,1,0,3,0,24,16,2,6,16,5,16.0
200900032006,9,10,17,600,3,1,1,6,4,0,4,2,0,0,1,2,0,40,1,0,1,0,14,9,2,6,6,6,6.0
200900032012,9,10,28,2030,2,6,1,3,4,0,4,2,0,0,0,3,68,0,1,0,1,99,4,2,0,2,2,3,20.0
200900035285,9,10,27,1145,1,1,1,3,4,0,3,2,2,0,1,1,0,46,1,0,1,0,8,6,2,2,4,2,11.0
200900035393,9,10,14,900,1,1,7,2,4,0,3,2,2,0,1,1,0,0,1,0,1,99,9,6,0,6,3,3,9.0
200900035405,9,10,1,1900,1,3,1,3,4,0,3,0,2,0,1,1,0,66,1,5,1,99,11,6,0,6,5,4,19.0
200900035406,9,10,2,900,1,2,1,3,4,0,3,2,2,0,2,3,0,62,1,0,1,99,13,9,1,7,5,5,9.0
200900035407,9,10,6,700,5,1,1,1,4,0,3,2,2,0,2,1,0,64,1,0,1,0,16,7,0,6,10,2,7.0
200900035408,9,10,9,1730,1,1,1,1,4,0,3,2,2,0,1,3,0,61,1,0,1,0,13,14,2,5,6,5,17.0
200900035411,9,10,15,930,1,1,1,6,4,0,3,2,2,0,2,1,0,62,1,0,1,0,11,8,1,3,7,4,9.0
200900035413,9,10,21,1030,1,1,1,6,4,0,2,2,2,0,1,1,0,73,1,0,1,0,16,6,0,5,11,3,10.0
200900035414,9,10,24,600,3,1,1,7,4,0,3,2,0,0,1,3,0,150,1,0,3,0,11,4,1,7,3,6,6.0
200900035416,9,10,29,1045,1,1,1,3,4,0,3,2,2,0,1,1,0,65,1,0,1,99,3,2,0,3,0,4,10.0
200900035417,9,10,30,1245,1,1,1,6,4,0,3,2,2,0,1,1,0,68,0,0,1,0,9,9,0,4,5,5,12.0
200900035418,9,10,3,1900,1,3,1,1,4,0,4,2,2,0,1,1,0,700,1,0,0,0,8,6,0,4,4,6,19.0
200900035426,9,10,5,1135,1,1,1,2,4,0,3,2,2,0,1,1,0,0,1,0,1,0,11,5,0,5,6,1,11.0
200900035431,9,10,7,1300,1,3,1,3,4,0,4,3,2,0,1,0,0,0,1,0,1,0,13,10,0,8,5,3,13.0
200900035440,9,10,8,1205,1,1,1,2,4,0,4,2,2,0,1,1,0,0,1,0,1,0,11,5,0,5,6,4,12.0
200900035452,9,10,13,750,1,1,1,6,4,0,3,2,2,0,1,1,0,0,1,0,1,0,16,9,0,8,8,2,7.0
200900036522,9,7,8,1515,1,1,1,1,4,0,9,2,2,3,0,1,0,31,1,6,0,99,10,7,0,7,3,3,15.0
200900036950,9,11,3,1915,5,1,2,1,4,0,4,2,2,0,1,1,0,50,2,0,1,99,20,14,0,11,9,2,19.0
200900036954,9,11,10,1745,5,1,8,6,4,0,4,2,2,0,1,1,0,90,2,0,1,99,16,11,1,5,10,2,17.0
200900037025,9,2,15,300,5,1,1,6,4,0,4,2,2,0,1,2,0,100,1,0,1,99,1,0,0,1,0,7,3.0
200900037494,9,9,14,1130,1,1,1,3,4,0,4,2,2,0,1,3,0,64,1,5,1,99,3,1,0,2,1,1,11.0
200900037509,9,10,25,1900,3,1,1,1,4,0,3,2,2,0,1,1,62,0,1,0,1,0,12,5,0,5,7,7,19.0
200900037516,9,10,12,1600,1,1,7,1,4,0,3,2,2,0,1,1,0,72,1,0,1,99,7,6,0,5,2,1,16.0
200900039019,9,11,12,1645,1,6,1,3,4,0,2,0,2,0,1,2,15,118,1,5,1,99,14,3,1,3,10,4,16.0
200900039955,9,10,31,27,5,1,1,7,4,0,4,1,1,0,1,1,0,0,0,0,1,0,13,6,3,3,7,6,0.0
200900039956,9,10,19,135,5,1,1,7,4,0,4,2,2,0,1,1,0,0,1,0,1,99,13,12,0,3,10,1,1.0
200900040493,9,11,1,1630,1,1,2,1,4,0,3,2,2,0,2,3,0,75,2,0,1,99,21,14,1,9,11,7,16.0
200900040496,9,11,4,1815,5,1,2,7,4,0,4,1,1,0,2,3,0,0,2,0,1,99,17,8,1,8,8,3,18.0
200900040497,9,11,6,845,1,6,1,3,4,0,4,4,2,0,1,0,0,0,1,0,1,3,14,12,0,10,4,5,8.0
200900040498,9,11,8,1315,1,3,1,3,4,0,3,2,2,0,1,4,0,61,3,0,1,99,11,3,0,5,6,7,13.0
200900040503,9,11,22,1645,1,1,8,7,4,0,4,2,0,0,0,3,34,0,2,0,0,0,9,4,1,3,5,7,16.0
200900040505,9,11,25,1500,1,1,2,3,4,0,3,3,0,0,1,3,25,90,2,0,1,0,10,3,2,5,3,3,15.0
200900040506,9,11,26,1700,2,9,3,6,4,0,4,2,2,0,1,3,70,70,2,6,1,99,10,10,2,4,4,4,17.0
200900040507,9,11,27,1230,1,1,8,1,4,0,4,2,2,0,2,3,0,41,2,0,1,99,13,9,0,6,7,5,12.0
200900040510,9,11,28,2330,5,1,3,6,4,0,3,2,2,0,1,4,0,0,2,0,3,99,24,10,2,12,10,6,23.0
200900044097,9,10,20,800,2,1,1,7,4,0,4,2,2,0,3,1,0,106,1,0,1,99,8,6,0,4,4,2,8.0
200900044115,9,10,22,800,5,2,8,6,4,0,4,1,1,0,4,2,0,90,2,2,0,99,14,10,0,6,8,4,8.0
200900044123,9,10,23,1125,1,3,8,6,4,0,3,3,4,2,2,1,20,140,2,0,1,0,7,7,2,1,4,5,11.0
200900044126,9,10,26,1140,1,1,1,6,4,0,4,2,2,0,1,1,0,40,1,0,1,0,8,6,0,3,5,1,11.0
200900044385,9,11,17,1745,2,2,3,3,4,0,4,2,0,0,1,1,0,0,2,0,1,0,17,11,0,4,13,2,17.0
200900044387,9,11,2,1105,1,1,2,1,4,0,4,2,2,0,2,2,0,60,2,0,0,99,18,8,2,7,9,1,11.0
200900044391,9,11,9,1830,5,1,1,3,4,0,9,2,0,0,1,1,1,62,1,0,1,3,9,10,0,7,2,1,18.0
200900044393,9,11,11,1915,3,1,8,4,4,0,3,2,1,0,3,2,0,70,2,0,1,99,10,4,2,4,4,3,19.0
200900044394,9,11,14,1945,3,1,1,7,4,0,3,2,2,0,1,1,0,53,1,0,3,0,9,5,1,7,1,6,19.0
200900044395,9,11,16,1140,1,4,1,3,4,0,4,2,2,0,1,1,0,82,1,0,1,99,7,3,0,5,2,1,11.0
200900044397,9,11,20,250,5,1,1,7,4,0,3,2,2,0,1,1,0,90,1,0,4,3,19,9,1,9,9,5,2.0
200900044401,9,11,18,830,1,1,1,7,4,0,3,2,2,0,1,1,0,72,1,0,3,99,9,7,1,4,4,3,8.0
200900044406,9,11,19,345,5,1,1,6,4,0,4,2,2,0,1,1,0,0,1,0,1,99,10,45,0,6,4,4,3.0
200900044411,9,11,21,930,1,1,1,6,4,0,4,2,2,0,1,1,0,0,1,0,3,0,12,6,2,4,6,6,9.0
200900044415,9,11,23,1220,1,1,1,6,4,0,4,2,2,0,1,1,0,0,1,0,1,0,11,7,2,3,6,1,12.0
200900044418,9,11,24,1140,1,3,1,3,4,0,4,2,2,0,1,1,0,0,1,0,1,0,12,7,0,4,8,2,11.0
200900044432,9,11,30,1320,1,3,2,3,4,0,4,1,1,0,1,1,0,0,2,0,1,0,15,11,0,3,12,1,13.0
200900044434,9,11,29,1900,3,1,2,1,4,0,3,2,0,0,2,1,0,68,2,0,1,0,13,7,1,7,5,7,19.0
200900044882,9,11,5,900,1,1,8,7,4,0,4,2,0,0,1,1,0,0,2,0,1,99,7,8,1,4,2,4,9.0
200900046235,9,12,11,1210,1,1,1,6,4,0,4,2,2,0,1,1,0,0,1,0,1,0,19,17,1,5,13,5,12.0
200900046236,9,12,15,1225,1,1,1,2,4,0,4,2,2,0,1,1,0,0,1,0,1,0,8,6,0,5,3,2,12.0
200900046238,9,12,14,1735,5,1,8,4,4,0,3,2,2,0,1,1,0,0,0,0,1,0,11,12,0,2,9,1,17.0
200900046240,9,12,12,1400,1,3,1,3,4,0,3,2,2,0,1,1,0,32,1,0,1,0,18,10,3,6,9,6,14.0
200900046242,9,12,16,1155,1,3,8,3,4,0,3,2,3,0,1,2,0,0,1,0,1,0,8,8,1,3,4,3,11.0
200900046244,9,12,19,900,1,1,1,2,4,0,4,2,2,0,1,1,0,0,1,0,1,0,7,5,0,2,5,6,9.0
200900046245,9,12,5,1230,1,3,1,3,4,0,4,2,2,0,1,1,0,0,1,0,1,0,20,9,2,7,11,6,12.0
200900046246,9,12,1,750,2,1,2,6,4,0,4,2,2,0,1,1,0,0,2,0,1,3,12,10,0,3,9,2,7.0
200900046250,9,12,3,1705,1,1,2,6,4,0,4,2,2,0,1,1,0,72,2,0,1,0,22,16,4,4,14,4,17.0
200900046252,9,12,2,1220,1,1,1,3,4,0,3,2,2,0,1,0,0,0,1,0,1,0,7,5,0,2,5,3,12.0
200900046254,9,12,4,1020,1,3,1,3,4,0,4,2,2,0,2,2,0,109,1,0,1,0,18,12,0,5,13,5,10.0
200900046259,9,12,6,1400,1,1,1,2,4,0,4,2,2,0,1,1,0,0,1,0,1,0,7,2,0,1,6,7,14.0
200900046260,9,12,7,1640,1,1,1,3,4,0,4,2,2,0,1,1,0,0,1,0,1,0,13,10,1,5,7,1,16.0
200900046264,9,12,8,1510,1,1,1,2,4,0,4,2,2,0,1,1,0,0,1,0,1,0,13,5,2,4,7,2,15.0
200900046268,9,12,10,1820,5,3,1,3,4,0,4,2,2,0,1,1,0,38,1,0,1,0,7,7,2,4,1,4,18.0
200900046273,9,12,24,615,3,1,8,6,4,0,3,2,2,0,3,3,0,74,2,0,3,99,11,3,0,8,3,4,6.0
200900046275,9,12,23,800,3,1,1,1,4,0,3,2,0,0,0,3,0,59,2,0,1,99,15,4,2,11,2,3,8.0
200900046830,9,12,18,1430,1,1,4,3,4,0,3,2,2,0,2,0,0,60,0,0,1,0,15,11,1,5,9,5,14.0
200900046835,9,12,13,430,5,1,1,6,4,0,3,2,0,0,1,1,0,49,1,0,3,0,8,5,0,8,0,7,4.0
200900046844,9,12,31,1630,2,1,3,2,4,0,1,3,0,0,2,1,40,35,2,0,1,0,13,6,0,6,7,4,16.0
200900046846,9,12,30,1030,1,1,1,6,4,0,3,0,2,0,1,1,0,0,1,0,1,3,7,4,0,5,2,3,10.0
200900047730,9,11,13,1215,1,1,1,2,4,0,3,2,2,0,1,1,0,60,1,0,1,99,16,10,3,5,8,5,12.0
200900047737,9,11,15,15,5,1,1,2,4,0,3,2,2,0,0,1,0,60,1,0,1,0,8,5,2,6,0,7,0.0
200900047883,9,12,25,1000,1,1,1,6,4,0,4,2,0,0,2,1,0,60,1,0,3,99,7,5,1,4,2,5,10.0
200900047892,9,12,17,1630,1,1,1,1,4,0,3,2,2,0,1,1,0,0,1,5,1,0,22,14,3,8,11,4,16.0
200900047977,9,12,28,1800,3,7,1,6,4,0,6,0,0,0,0,1,0,0,2,0,1,99,5,3,0,2,3,1,18.0
200900050577,9,12,26,1230,1,1,9,7,4,0,3,2,2,0,1,2,0,57,7,0,3,99,18,4,2,9,7,6,12.0
200900050578,9,12,21,1530,1,1,1,1,4,0,3,2,2,0,1,1,0,65,2,0,3,99,3,1,0,2,1,1,15.0
200900050595,9,12,27,45,5,1,1,7,4,0,2,3,4,0,1,1,0,0,1,0,1,99,5,2,1,2,2,7,0.0
200900050707,9,11,7,1030,1,1,1,5,4,0,3,0,0,0,2,3,0,82,2,0,1,99,30,14,1,11,18,6,10.0
200900051484,9,12,9,1245,1,1,1,3,4,0,3,2,2,0,1,1,0,70,1,0,1,99,13,6,0,4,9,3,12.0
200900051517,9,12,22,815,2,1,1,7,4,0,4,3,2,0,1,1,0,0,1,0,1,99,14,8,1,3,10,2,8.0
200900051524,9,12,29,1140,1,1,2,6,4,0,4,2,1,0,1,1,0,68,2,0,1,0,6,3,0,3,3,2,11.0
200900059351,9,12,20,215,3,1,4,6,4,0,2,3,4,0,1,1,0,70,7,0,3,0,3,5,0,3,0,7,2.0
200800000001,8,1,22,1015,1,1,1,6,4515400,82600,9,1,0,0,1,2,0,25,1,0,1,0,40,23,8,26,6,2,10.0
200800000003,8,1,16,800,2,1,1,3,4478200,12500,3,2,2,0,1,1,0,60,2,0,1,3,40,24,2,24,14,3,8.0
200800000004,8,1,20,1100,1,1,1,2,4491400,19900,3,2,2,0,1,3,0,67,1,0,1,0,37,13,6,20,11,7,11.0
200800000005,8,1,25,645,5,1,1,3,4490000,15500,3,2,0,0,1,1,0,57,1,0,1,0,55,30,6,31,18,5,6.0
200800000007,8,1,5,15,3,3,2,3,4495300,9000,3,2,0,0,2,1,0,63,2,5,1,0,36,23,5,21,10,6,0.0
200800000010,8,1,21,1030,1,1,1,6,4528100,92300,3,2,0,0,2,1,0,0,1,0,3,0,34,14,4,16,14,1,10.0
200800000011,8,1,27,1800,2,1,1,7,4515500,101000,4,2,2,0,0,0,0,76,1,0,1,0,34,14,1,22,11,7,18.0
200800000012,8,1,28,1415,1,1,1,7,4526900,94200,4,2,2,0,1,4,0,35,1,0,1,0,42,26,4,33,5,1,14.0
200800000013,8,1,30,700,3,3,1,3,4523100,95200,3,2,2,0,1,2,0,55,1,0,1,0,33,26,1,25,7,3,7.0
200800000017,8,1,10,1830,5,1,1,1,4485500,11200,3,2,2,0,1,1,0,0,1,0,1,0,25,17,4,14,7,4,18.0
200800000021,8,1,13,1900,3,1,1,5,4546400,94400,2,2,2,0,2,1,0,74,2,0,1,0,48,24,5,34,9,7,19.0
200800000022,8,1,15,530,3,1,8,6,4541100,94300,3,2,2,0,1,1,0,65,2,0,1,0,38,27,5,25,8,2,5.0
200800000026,8,1,31,515,4,1,1,6,4501400,17800,3,2,2,0,1,1,0,78,7,0,1,0,31,16,5,22,4,4,5.0
200800000031,8,1,3,915,1,1,8,7,4514000,120000,4,2,1,0,2,2,0,41,2,0,1,0,43,38,7,24,12,4,9.0
200800000033,8,1,12,515,5,1,8,6,4394900,40600,3,2,2,0,1,2,0,76,2,0,3,0,65,29,7,33,25,6,5.0
200800000036,8,1,14,1600,2,1,1,7,4370700,111100,3,2,2,0,0,3,0,62,1,0,4,0,50,24,11,25,14,1,16.0
200800000037,8,1,23,530,3,1,5,3,4383800,110300,3,2,2,0,1,1,0,73,1,0,3,0,24,15,2,17,5,3,5.0
200800000044,8,1,2,1415,1,1,1,1,4383500,35400,4,2,2,0,1,2,0,32,1,0,1,0,27,22,1,20,6,3,14.0
200800000049,8,1,4,1300,1,1,1,6,4454000,24400,3,2,2,0,2,2,0,67,2,0,3,0,61,30,6,31,24,5,13.0
200800000052,8,1,7,1715,1,1,1,2,4449900,17400,3,0,0,0,0,0,0,0,0,0,0,0,30,16,3,19,8,1,17.0
200800000053,8,1,11,1745,2,1,2,1,4450500,16400,3,2,2,0,1,1,0,70,2,5,1,0,50,28,2,30,18,5,17.0
200800000054,8,1,9,1915,5,1,1,6,4460300,36000,3,2,2,0,2,1,0,79,2,0,1,0,37,18,5,22,10,3,19.0
200800000058,8,1,18,1400,1,1,2,6,4437600,42800,3,2,2,0,1,1,0,54,2,0,3,0,65,42,5,33,27,5,14.0
200800000061,8,1,26,1015,1,1,7,6,4465600,59300,3,2,2,0,1,2,0,0,1,0,1,0,43,34,2,33,8,6,10.0
200800000063,8,1,17,1315,1,6,2,3,4439300,58000,3,2,2,0,1,1,0,0,2,5,1,0,37,23,4,25,8,4,13.0
200800000064,8,1,29,1715,1,1,1,3,4440000,49500,3,2,0,0,1,1,0,55,1,2,1,0,26,14,4,16,6,2,17.0
200800000068,8,1,8,1400,1,1,1,6,4339000,138800,3,2,2,0,1,1,0,62,1,0,3,0,27,21,3,15,9,2,14.0
200800000082,8,1,1,1845,3,1,8,6,4699700,9200,3,2,0,0,2,1,0,78,1,0,3,0,46,25,4,30,12,2,18.0
200800000085,8,1,6,545,3,1,8,6,4629000,85200,2,2,2,0,1,1,0,73,1,0,1,0,42,18,7,24,11,7,5.0
200800000087,8,1,24,1430,1,1,1,7,4618200,78300,4,2,2,0,0,2,0,50,1,0,1,0,31,14,3,22,6,4,14.0
200800000126,8,1,19,145,3,1,8,6,4650900,17900,3,2,2,0,0,1,0,75,2,0,1,0,51,34,6,37,8,6,1.0
200800005841,8,2,26,1945,5,1,1,6,5054100,280200,3,2,2,0,1,0,0,100,1,5,1,0,42,26,3,25,14,2,19.0
200800005842,8,2,23,1515,1,1,1,6,5053200,317300,3,2,2,0,1,1,0,60,1,0,1,0,43,22,6,25,12,6,15.0
200800005845,8,2,17,400,3,1,1,7,5087100,247200,3,2,2,0,1,1,0,60,1,0,0,0,56,17,3,34,19,7,4.0
200800005848,8,2,8,1915,3,1,1,1,5066300,252800,3,2,2,0,1,1,0,72,1,0,1,0,46,29,5,27,14,5,19.0
200800005849,8,2,21,945,1,1,1,1,5049900,355100,4,2,2,0,1,1,0,0,1,0,1,0,41,22,3,24,14,4,9.0
200800005852,8,2,13,2000,3,1,5,2,5032400,376900,3,3,2,0,0,1,0,0,2,0,1,0,53,34,6,33,14,3,20.0
200800005854,8,2,9,1030,1,1,1,3,5015100,263000,3,2,2,0,1,1,0,60,1,5,1,0,49,102,10,30,9,6,10.0
200800005856,8,2,2,1600,1,1,1,1,5037400,288800,3,2,2,0,1,1,0,86,1,0,1,0,53,26,4,34,15,6,16.0
200800005859,8,2,4,1100,1,1,2,6,5054000,240200,3,2,2,0,1,2,0,58,2,0,3,0,55,24,5,33,17,1,11.0
200800005861,8,2,10,845,1,1,1,6,5067100,184900,3,2,0,0,1,1,0,60,1,0,3,0,52,28,7,36,9,7,8.0
200800005864,8,2,5,845,1,3,2,3,5045400,264200,3,2,0,0,0,1,62,0,2,0,1,0,20,14,0,12,8,2,8.0
200800005875,8,2,3,1500,1,1,1,4,4985000,185500,4,2,0,0,1,2,27,42,1,0,0,0,31,13,5,20,6,7,15.0
200800005881,8,2,7,1730,1,1,1,1,5016800,181600,3,2,2,0,1,1,0,57,1,0,1,0,26,19,3,18,5,4,17.0
200800005882,8,2,29,645,2,1,8,6,5022800,177600,9,2,1,0,1,3,0,0,2,0,0,0,42,24,4,29,9,5,6.0
200800005883,8,2,18,615,4,1,1,6,5006200,242200,4,2,0,0,0,4,0,50,1,0,1,0,39,17,3,22,14,1,6.0
200800005885,8,2,28,1515,1,1,2,1,5002700,203900,3,2,2,0,1,1,0,71,2,0,1,0,27,14,2,18,7,4,15.0
200800005889,8,2,1,1615,1,1,1,3,4973000,241800,3,2,0,0,1,1,60,0,1,0,1,0,39,20,1,22,16,5,16.0
200800005890,8,2,11,730,1,1,9,7,4971500,238900,3,2,2,0,1,3,0,52,7,0,1,0,29,16,2,20,7,1,7.0
200800005891,8,2,14,1530,1,1,9,7,4976100,236500,3,2,2,0,1,1,0,58,7,0,1,0,32,24,2,20,10,4,15.0
200800005892,8,2,19,1400,1,1,1,6,4979800,256100,3,1,2,0,1,1,0,0,1,0,1,0,41,21,6,23,12,2,14.0
200800005911,8,2,20,115,5,6,1,6,4904200,341700,3,2,2,0,1,1,0,132,1,5,1,0,21,12,3,11,7,3,1.0
200800005917,8,2,16,515,3,1,1,7,4972300,327700,3,3,2,0,1,1,30,80,1,0,3,0,51,26,5,33,13,6,5.0
200800005926,8,2,6,1600,1,1,1,6,5002200,378300,3,2,2,0,1,1,75,0,0,0,1,0,45,32,7,18,20,3,16.0
200800005968,8,2,27,1800,1,1,1,7,4944200,67500,3,2,0,0,1,2,0,60,1,0,3,0,36,16,3,16,17,3,18.0
200800005972,8,2,12,1430,1,1,7,6,4952500,30600,3,2,2,0,1,3,0,50,1,0,1,0,31,16,3,16,12,2,14.0
200800005975,8,2,15,1600,1,1,1,1,4974900,173400,4,2,2,0,3,3,0,31,1,0,1,0,22,9,3,18,1,5,16.0
200800005976,8,2,25,1530,1,3,8,2,4962900,153900,3,2,2,0,2,1,0,0,1,0,1,0,30,32,1,15,14,1,15.0
200800006023,8,2,24,1400,1,1,1,3,4840200,233400,3,2,2,0,1,1,0,60,1,0,1,0,29,24,2,16,11,7,14.0
200800006043,8,2,22,1700,1,1,1,3,4857900,439200,3,2,2,0,1,1,0,60,1,0,1,0,43,41,5,26,12,5,17.0
200800011918,8,3,22,320,5,1,2,7,4528552,376573,4,0,2,0,2,2,0,65,2,0,0,0,47,22,4,33,10,6,3.0
200800012101,8,3,1,1910,5,3,1,3,4383473,434791,9,2,2,0,0,0,0,0,1,0,1,0,38,14,3,24,11,6,19.0
200800012102,8,3,2,1125,1,2,1,7,4383290,435136,4,1,1,0,1,1,0,69,1,0,1,99,52,22,6,36,10,7,11.0
200800012103,8,3,3,1244,1,3,1,7,4384671,438698,3,0,0,0,0,0,0,0,0,0,1,0,33,23,2,19,12,1,12.0
200800012108,8,3,4,1310,1,1,1,7,4382331,434668,2,2,4,0,2,1,0,73,1,0,3,0,30,20,3,16,11,2,13.0
200800012111,8,3,5,2041,5,3,6,3,4383620,437340,3,2,0,0,0,0,0,0,1,0,1,0,38,20,6,22,10,3,20.0
200800012112,8,3,6,1100,1,1,1,7,4383978,435772,4,1,1,0,1,1,0,58,1,0,1,0,33,21,8,19,6,4,11.0
200800012114,8,3,7,1700,1,6,1,7,4382373,432754,2,2,4,0,1,1,0,0,1,0,1,99,37,26,5,21,11,5,17.0
200800012116,8,3,9,1955,5,2,2,3,4382524,435406,3,1,2,0,1,1,0,68,2,0,1,99,43,17,5,20,18,7,19.0
200800012118,8,3,10,1320,1,3,1,7,4383570,441718,4,2,2,0,0,3,0,56,1,0,1,0,51,21,3,29,19,1,13.0
200800012119,8,3,11,1557,1,6,1,4,4382443,437003,4,1,2,0,1,1,48,24,1,0,1,99,31,15,6,16,9,2,15.0
200800012120,8,3,12,744,1,2,1,3,4380517,433662,4,2,1,0,1,1,0,60,1,0,1,99,20,10,1,9,10,3,7.0
200800012123,8,3,13,810,1,1,1,6,4381408,431537,3,2,2,0,1,1,0,75,1,0,1,0,30,10,6,15,9,4,8.0
200800012125,8,3,14,110,5,1,1,7,4383869,434272,3,2,1,0,1,1,0,74,1,0,1,0,37,16,2,22,13,5,1.0
200800012126,8,3,15,325,5,1,9,7,4383425,435937,4,2,3,0,1,2,0,40,8,0,1,99,64,45,6,43,15,6,3.0
200800012128,8,3,16,505,5,6,1,6,4881093,436365,4,1,2,0,1,1,0,30,2,5,1,0,40,23,4,27,9,7,5.0
200800012129,8,3,19,1200,1,1,1,3,4382712,436284,4,2,1,0,1,2,0,84,1,0,1,0,29,10,4,22,3,3,12.0
200800012131,8,3,21,1453,1,1,1,4,4382072,435732,4,2,4,0,1,1,0,69,1,0,1,99,53,36,2,32,19,5,14.0
200800012132,8,3,25,2130,3,1,1,7,4385904,441591,3,3,2,0,2,3,35,75,1,0,0,0,31,17,2,18,11,2,21.0
200800012133,8,3,27,845,1,1,1,6,4382928,435599,4,2,2,0,1,1,0,80,1,0,1,99,39,25,7,20,12,4,8.0
200800012136,8,3,31,630,5,2,2,3,4383449,435122,4,0,1,0,1,1,0,37,2,0,1,0,39,15,6,16,17,1,6.0
200800012341,8,3,8,1625,1,1,1,3,4332357,345699,3,2,2,0,1,1,0,80,1,0,1,0,42,22,8,28,6,6,16.0
200800012380,8,3,20,1025,1,1,1,7,4358687,388939,4,3,4,0,1,1,23,132,1,0,1,99,18,17,1,11,6,4,10.0
200800012389,8,3,23,700,2,1,1,3,4361518,383997,4,2,4,0,2,1,5,120,1,1,1,99,53,17,5,35,13,7,7.0
200800012392,8,3,24,1605,1,3,1,5,4359065,388468,4,2,2,0,1,1,0,53,1,0,0,0,41,23,3,25,13,1,16.0
200800012398,8,3,29,630,2,1,1,6,4357389,395296,3,3,4,0,1,2,70,120,1,0,1,99,74,24,10,46,18,6,6.0
200800012535,8,3,18,1740,1,1,1,6,4523952,417437,3,3,2,0,2,1,0,75,1,0,1,99,40,15,4,21,15,2,17.0
200800013801,8,3,17,1440,1,1,8,3,4817630,648211,4,2,2,0,2,2,0,75,1,0,1,99,19,11,2,13,4,1,14.0
200800013806,8,3,28,640,1,1,1,6,4827586,694374,2,1,2,0,1,2,0,44,1,0,1,99,36,18,6,13,17,5,6.0
200800015576,8,3,26,1445,1,1,1,6,5016800,366400,3,0,0,0,1,2,0,59,1,0,1,3,24,6,1,13,10,3,14.0
200800015595,8,3,30,945,1,1,2,7,5044500,245800,3,2,2,0,1,1,0,65,8,0,1,0,58,26,7,41,10,7,9.0
200800017071,8,4,12,15,3,1,1,6,4324400,265700,3,2,2,0,1,1,0,60,1,0,1,0,51,31,6,34,11,6,0.0
200800017074,8,4,6,1130,1,1,1,6,4364000,714000,3,3,4,1,1,1,10,0,1,6,1,0,68,77,5,38,25,7,11.0
200800017076,8,4,16,1245,1,1,4,3,4743600,243600,3,2,2,0,1,1,0,72,2,0,3,0,39,21,5,27,7,3,12.0
200800017080,8,4,5,1515,1,1,1,7,4550600,608100,1,3,2,3,1,1,10,70,1,0,1,0,51,22,6,30,15,6,15.0
200800017082,8,4,4,500,3,1,1,2,4327800,318200,1,3,3,0,1,1,30,105,1,0,1,0,43,25,2,27,14,5,5.0
200800017083,8,4,3,1445,1,1,1,6,4365800,367700,3,2,2,0,2,2,0,0,1,0,1,0,41,21,6,24,11,4,14.0
200800017086,8,4,1,1630,1,1,1,6,4894000,719000,4,2,0,0,1,1,0,66,1,0,1,3,26,14,4,15,7,2,16.0
200800017093,8,4,23,1600,1,1,1,1,4796500,26000,4,2,0,0,1,2,0,66,1,0,1,0,38,21,7,24,7,3,16.0
200800017094,8,4,20,1615,1,6,2,7,4782400,30000,3,2,2,0,1,3,0,0,2,0,1,0,45,26,6,25,14,7,16.0
200800017098,8,4,25,1900,1,1,1,5,4771500,170500,2,3,2,0,3,1,100,70,1,0,1,0,51,36,2,30,19,5,19.0
200800017102,8,4,27,1815,1,1,1,6,4410900,462200,4,2,0,0,1,1,0,28,1,0,1,0,60,28,4,39,17,7,18.0
200800017103,8,4,22,2330,3,9,1,3,4414300,466900,2,2,2,0,1,1,0,76,1,0,1,0,41,16,7,19,15,2,23.0
200800017108,8,4,10,1715,1,1,1,3,4267300,296400,3,2,1,0,1,1,0,62,1,0,1,0,23,12,3,12,8,4,17.0
200800017110,8,4,14,800,1,2,1,3,4820100,143600,3,2,2,0,1,1,0,54,2,0,1,0,33,20,4,19,10,1,8.0
200800017117,8,4,30,715,1,1,2,1,4364500,131700,3,2,2,0,3,4,0,53,2,0,1,0,46,34,1,31,14,3,7.0
200800017118,8,4,13,130,3,1,1,1,4366700,132200,2,2,2,0,2,1,0,71,6,0,1,0,43,25,1,33,9,7,1.0
200800017119,8,4,8,2000,2,6,1,7,4364900,132000,3,2,2,0,1,1,170,70,1,5,1,0,24,10,3,17,4,2,20.0
200800017122,8,4,21,900,1,1,1,4,4959100,132800,3,2,2,0,1,1,6,65,1,5,1,0,35,14,1,25,9,1,9.0
200800017125,8,4,28,1800,1,1,2,5,4380500,438000,3,2,0,0,0,1,0,80,2,0,1,0,34,27,4,19,11,1,18.0
200800017126,8,4,19,1245,1,6,1,6,4377800,442000,3,1,1,0,1,2,300,80,1,5,3,0,48,26,3,33,12,6,12.0
200800017151,8,4,24,1230,1,1,1,7,4692600,242400,1,3,2,0,1,2,7,70,1,0,3,0,47,25,6,25,16,4,12.0
200800017153,8,4,29,630,3,1,1,2,4346600,131200,1,3,2,0,2,1,42,70,1,0,1,0,34,13,7,17,10,2,6.0
200800017159,8,4,11,1030,1,1,3,4,4611600,546700,1,3,6,3,2,1,10,210,2,0,1,0,29,19,5,17,7,5,10.0
200800017168,8,4,2,1230,1,2,1,1,4353100,524500,3,2,2,0,1,1,0,61,1,0,1,0,29,19,1,13,15,3,12.0