Num_Acc,an,mois,jour,hrmn,lum,int,atm,col,lat,long,catr,circ,nbv,vosp,prof,plan,lartpc,larrout,surf,infra,situ,env1,sum,unscathed,killed,hospital,light,week,time
200800017171,8,4,15,1230,1,1,1,1,4543000,481700,2,2,0,0,2,1,0,0,1,0,0,0,31,23,1,16,14,2,12.0
200800017208,8,4,26,1600,1,9,1,6,4925800,396900,1,3,1,0,1,3,0,0,1,3,1,0,76,37,6,48,22,6,16.0
200800017226,8,4,17,1745,1,1,2,1,4733800,107500,4,2,2,0,2,1,0,41,2,0,1,0,41,18,11,21,9,4,17.0
200800017286,8,4,9,1415,1,1,1,1,4733100,43600,3,2,2,0,0,1,0,96,1,0,1,0,26,10,3,12,11,3,14.0
200800017297,8,4,18,845,1,1,1,7,4680200,140500,3,2,2,0,1,1,0,62,1,0,1,0,27,11,1,21,5,5,8.0
200800017359,8,4,7,1745,1,1,7,1,4867200,203800,3,2,2,0,1,1,50,50,1,0,1,0,30,22,2,17,11,1,17.0
200800023366,8,5,12,1315,1,2,1,3,4322327,345699,4,0,2,0,2,1,0,103,1,0,1,0,29,23,3,18,8,1,13.0
200800023760,8,5,17,1745,1,1,1,6,4515587,450171,4,2,0,0,1,1,0,0,1,0,1,0,44,25,2,29,13,6,17.0
200800023761,8,5,19,725,1,1,1,2,4515202,454058,4,2,0,0,1,1,0,0,1,0,1,0,15,7,0,12,3,1,7.0
200800023762,8,5,20,1815,1,1,1,3,4516065,452315,4,0,0,0,1,1,0,0,1,0,1,0,51,24,8,24,19,2,18.0
200800023763,8,5,22,925,1,1,1,2,4515047,453158,3,2,2,0,1,1,0,70,0,2,1,99,24,16,1,15,8,4,9.0
200800023764,8,5,23,1510,1,6,1,6,4514675,448257,3,2,2,0,1,1,79,75,1,0,1,99,37,25,7,21,9,5,15.0
200800023766,8,5,27,1650,1,1,2,2,4514497,447553,4,0,0,0,1,1,0,0,2,0,1,0,26,21,3,15,8,2,16.0
200800023767,8,5,28,1450,1,1,1,6,4515633,451959,4,2,0,0,1,1,0,0,1,0,1,0,31,11,1,25,5,3,14.0
200800023768,8,5,29,1205,1,1,1,6,4516220,453623,4,1,1,0,1,1,0,70,1,0,1,99,24,14,1,14,9,4,12.0
200800023770,8,5,31,2210,5,1,1,1,4515586,453998,4,2,2,0,1,1,0,0,1,0,1,99,52,28,6,23,23,6,22.0
200800023773,8,5,21,1615,1,2,1,6,4526845,377253,4,1,1,0,1,1,0,67,1,0,1,99,37,24,3,24,10,3,16.0
200800023953,8,5,1,1325,1,2,1,3,4381623,434832,4,2,1,0,1,1,0,70,1,0,1,99,59,24,10,34,15,4,13.0
200800023956,8,5,2,1010,1,1,1,6,4383888,436343,4,1,3,0,1,1,0,95,1,0,1,99,47,29,3,32,12,5,10.0
200800023962,8,5,8,1610,1,1,1,3,4381992,433624,4,1,2,0,1,1,0,90,1,0,1,99,67,25,10,33,24,4,16.0
200800023963,8,5,9,806,1,6,1,3,4384308,438171,4,2,2,0,1,3,0,50,1,0,1,99,47,30,5,27,15,5,8.0
200800023964,8,5,10,2045,1,2,1,3,4383768,432037,4,1,1,0,1,1,0,0,1,0,1,0,59,25,11,36,12,6,20.0
200800023966,8,5,13,2315,5,1,1,6,4383054,436961,4,2,2,0,1,3,0,110,1,0,1,99,56,34,10,33,13,2,23.0
200800023967,8,5,14,1308,1,1,1,6,4383066,435352,3,2,3,3,0,1,0,82,1,0,1,0,47,19,3,25,19,3,13.0
200800023969,8,5,16,2320,5,1,1,2,4383048,436960,4,1,2,0,1,1,0,74,1,0,1,99,42,24,3,27,12,5,23.0
200800023971,8,5,18,2143,5,3,1,1,4384082,436297,4,1,1,0,1,1,0,59,1,0,0,99,42,28,6,26,10,7,21.0
200800023978,8,5,25,1320,1,1,2,7,4388202,430838,2,1,2,0,0,3,0,0,2,0,1,0,60,32,15,26,19,7,13.0
200800023979,8,5,26,845,1,6,2,6,4381612,439265,2,2,2,0,1,1,0,90,2,0,1,0,34,15,4,20,10,1,8.0
200800023980,8,5,30,2219,5,1,1,7,4384079,436297,4,1,1,0,1,1,0,67,1,0,1,99,37,20,6,20,11,5,22.0
200800024214,8,5,7,2105,2,2,1,3,4334600,345699,4,2,2,0,1,1,0,120,1,5,1,3,55,30,7,24,24,3,21.0
200800024232,8,5,24,2010,1,1,1,7,4123456,345699,4,2,1,0,2,3,0,60,9,0,1,99,64,33,7,42,15,6,20.0
200800024249,8,5,11,600,2,3,1,3,4362194,386409,4,2,2,0,1,1,0,60,1,0,1,3,107,51,15,66,26,7,6.0
200800024425,8,5,6,1548,1,2,1,3,4526946,423456,4,2,4,0,1,2,0,147,1,5,0,0,36,20,1,24,11,2,15.0
200800024434,8,5,15,1137,1,1,1,6,4524649,422955,4,2,2,0,2,1,0,70,1,0,1,3,47,20,1,27,19,4,11.0
200800025798,8,5,5,1315,1,3,1,3,4814879,645925,3,2,2,0,2,1,0,82,1,0,1,3,41,17,5,21,15,1,13.0
200800027646,8,5,3,1900,1,1,1,1,5088600,246600,3,1,1,0,1,0,90,0,1,0,0,0,50,33,3,38,9,6,19.0
200800027734,8,5,4,1730,1,1,1,3,4927400,310200,3,2,2,0,2,1,0,67,1,2,1,0,58,29,5,43,10,7,17.0
200800029426,8,6,9,1545,1,1,1,6,5063100,296700,2,3,2,0,1,1,30,140,1,0,1,0,37,15,3,22,12,1,15.0
200800029428,8,6,15,200,5,9,1,7,5071600,293100,3,2,2,0,0,2,0,92,1,2,1,0,70,32,12,41,17,7,2.0
200800029429,8,6,6,1800,1,1,1,6,5025300,341400,3,2,2,0,1,1,0,63,1,0,3,0,54,20,10,31,13,5,18.0
200800029431,8,6,27,2300,5,1,1,1,5012600,369500,3,2,2,0,1,1,70,0,0,0,0,0,56,40,1,38,17,5,23.0
200800029432,8,6,16,2000,1,1,1,6,5009000,411600,3,2,2,0,1,1,50,0,1,0,1,0,25,18,3,14,8,1,20.0
200800029433,8,6,25,1615,1,1,1,5,5008600,401700,3,2,2,0,2,1,0,69,1,0,1,0,63,35,6,29,28,3,16.0
200800029440,8,6,28,2230,2,3,1,2,5029200,315400,3,2,2,0,1,2,0,60,1,5,1,0,58,44,5,42,11,6,22.0
200800029442,8,6,8,1630,1,1,1,3,5026800,374200,3,2,2,0,0,1,0,70,1,0,1,0,54,17,6,31,17,7,16.0
200800029443,8,6,23,1400,1,1,1,2,5030100,368800,3,3,0,0,1,1,0,70,1,0,1,0,32,13,5,19,8,1,14.0
200800029448,8,6,10,1845,1,2,1,3,5030500,286500,3,2,2,0,1,1,0,74,1,5,1,0,38,20,2,24,12,2,18.0
200800029449,8,6,11,1730,1,1,1,1,5023000,299000,3,2,2,0,1,1,0,35,1,0,1,0,42,25,5,27,10,3,17.0
200800029455,8,6,7,1815,1,1,1,2,5069000,236000,3,2,0,0,1,1,0,62,1,0,1,0,48,20,3,36,9,6,18.0
200800029458,8,6,4,1715,1,3,1,3,5086300,206300,4,0,0,0,1,3,0,50,1,0,1,0,31,15,0,19,12,3,17.0
200800029459,8,6,5,1230,1,1,1,3,5063200,222900,3,2,2,0,2,1,0,75,1,0,1,0,32,19,1,22,9,4,12.0
200800029462,8,6,19,745,1,1,2,6,5069500,208000,3,2,0,0,1,2,0,60,2,0,1,0,33,12,2,19,12,4,7.0
200800029471,8,6,18,1130,1,1,1,5,4974400,221900,3,2,2,0,1,1,0,77,1,0,1,0,25,18,1,18,6,3,11.0
200800029472,8,6,2,1045,1,1,2,1,4998500,212300,3,2,0,0,1,3,0,0,2,0,1,0,64,20,8,50,6,1,10.0
200800029475,8,6,3,1900,1,1,2,6,5004700,152900,4,2,0,0,1,1,0,55,2,0,4,0,23,10,1,13,9,2,19.0
200800029482,8,6,20,1830,1,1,1,1,4972700,225200,3,2,2,0,1,1,0,65,1,0,1,0,43,26,5,25,13,5,18.0
200800029492,8,6,22,1900,1,1,1,6,4961800,320700,3,2,2,0,1,1,0,70,1,0,1,0,54,26,4,33,17,7,19.0
200800029497,8,6,13,1245,1,1,1,1,4894700,337700,4,2,1,0,0,2,0,0,1,0,1,0,53,28,3,37,13,5,12.0
200800029502,8,6,21,1720,1,1,1,1,4939000,341000,4,2,2,0,2,0,0,55,1,0,1,0,53,44,3,34,16,6,17.0
200800029503,8,6,1,45,3,1,1,6,4927700,310300,3,2,0,0,1,1,0,60,1,0,3,0,48,28,3,32,13,7,0.0
200800029519,8,6,17,1345,1,2,1,3,4931400,232900,3,2,2,0,1,1,0,0,1,0,1,0,35,22,5,20,10,2,13.0
200800029520,8,6,29,1215,1,1,1,7,4929000,238300,3,2,2,0,1,2,0,0,1,0,1,0,51,34,5,29,17,7,12.0
200800029529,8,6,12,915,1,1,1,2,4916400,285000,2,2,2,0,1,1,0,71,0,0,1,0,38,26,4,25,9,4,9.0
200800029554,8,6,14,1630,1,1,1,7,4965000,84200,3,0,2,0,1,2,0,0,1,0,1,0,41,23,2,26,13,6,16.0
200800029570,8,6,24,1545,1,1,1,6,4916600,134900,4,0,0,0,0,3,0,0,1,0,1,0,41,28,1,31,9,2,15.0
200800029573,8,6,26,915,1,8,1,2,4932100,117600,3,2,2,0,1,1,0,0,1,4,1,0,59,36,3,35,21,4,9.0
200800029646,8,6,30,1315,1,1,1,3,4767600,299200,3,2,2,0,1,1,0,72,1,0,1,0,41,22,7,22,12,1,13.0
200800036021,8,7,6,630,2,1,1,6,5056900,292800,4,2,2,0,1,3,0,68,0,0,3,0,68,31,4,43,21,7,6.0
200800036023,8,7,2,1730,1,2,1,1,5093500,237200,3,2,2,0,1,1,60,0,2,0,1,0,44,25,4,24,16,3,17.0
200800036024,8,7,13,1915,1,1,1,1,5087000,244900,3,2,2,0,1,4,0,60,1,0,1,0,86,55,5,47,34,7,19.0
200800036025,8,7,24,1215,1,1,7,3,5064600,272800,4,2,0,0,0,1,0,98,1,0,1,0,28,23,2,22,4,4,12.0
200800036026,8,7,7,300,3,1,1,6,5069500,266200,3,2,0,0,1,1,0,60,1,0,3,0,52,23,5,28,19,1,3.0
200800036029,8,7,1,2015,1,1,7,1,5046500,339200,4,2,2,0,1,3,0,50,1,0,1,0,53,19,6,30,17,2,20.0
200800036030,8,7,15,1100,1,1,1,1,5009600,384400,3,2,2,0,1,1,0,0,1,2,1,0,61,32,3,42,16,2,11.0
200800036031,8,7,14,2215,3,1,1,6,5022300,326800,3,2,0,0,2,1,0,60,1,0,4,0,54,36,3,37,14,1,22.0
200800036034,8,7,23,945,1,9,1,6,5012600,344800,9,0,1,0,2,2,23,23,1,0,1,0,48,49,4,29,15,3,9.0
200800036036,8,7,10,115,3,1,1,6,5032900,307500,4,2,1,0,1,3,0,35,1,0,3,0,56,25,8,38,10,4,1.0
200800036042,8,7,21,1815,1,1,1,1,5056400,272700,3,2,2,0,1,3,0,80,1,0,1,0,39,24,3,26,10,1,18.0
200800036043,8,7,4,1145,1,1,1,7,5069400,187900,3,2,2,0,4,3,0,67,1,0,1,0,53,24,5,35,13,5,11.0
200800036049,8,7,19,45,3,1,2,6,5048200,210800,3,2,2,0,1,1,0,44,2,0,3,0,90,54,5,56,29,6,0.0
200800036050,8,7,25,1600,1,1,1,3,5037000,204000,3,2,3,0,1,2,8,70,1,5,1,0,46,20,6,30,10,5,16.0
200800036051,8,7,26,1530,1,1,1,7,5052000,213000,3,2,2,0,0,2,0,60,1,0,1,0,62,23,4,42,16,6,15.0
200800036054,8,7,28,930,1,1,1,2,5085600,192400,3,2,2,0,2,1,0,67,1,0,1,0,49,34,4,22,23,1,9.0
200800036058,8,7,17,1300,1,1,1,6,5028200,229600,4,2,2,0,1,0,0,0,1,0,4,0,63,35,1,42,20,4,13.0
200800036065,8,7,12,2315,3,1,1,5,5016500,160200,4,2,0,0,0,3,0,57,1,0,1,0,101,49,10,55,36,6,23.0
200800036075,8,7,8,1000,1,1,1,1,5005100,266500,3,2,0,0,2,2,0,0,1,0,1,0,39,28,2,18,19,2,10.0
200800036078,8,7,9,1045,1,1,7,3,4990000,286100,3,2,1,0,1,1,0,53,1,0,1,0,37,32,3,20,14,3,10.0
200800036079,8,7,16,1600,1,1,1,1,4992700,272700,3,2,0,0,1,3,0,0,1,0,1,0,63,27,5,46,12,3,16.0
200800036087,8,7,3,1530,1,1,8,4,4992700,336600,3,2,2,0,1,1,0,82,1,0,1,0,36,28,4,27,5,4,15.0
200800036088,8,7,11,1000,1,1,1,6,4999100,345700,3,1,0,0,1,1,0,80,1,0,1,0,39,24,4,24,11,5,10.0
200800036089,8,7,18,2300,3,1,1,7,4979700,347200,3,2,1,0,1,1,0,0,1,0,3,0,63,41,6,41,16,5,23.0
200800036121,8,7,30,1630,1,1,1,6,4931600,272500,3,2,2,0,1,1,0,54,1,2,4,0,55,45,3,34,18,3,16.0
200800036143,8,7,27,1500,1,1,1,3,4938400,112600,3,2,2,0,1,1,0,0,1,0,1,0,66,38,7,43,16,7,15.0
200800036146,8,7,29,830,1,4,1,3,4956100,75700,3,2,0,0,1,2,0,64,1,0,1,0,49,27,4,27,18,2,8.0
200800036153,8,7,20,2030,1,1,1,3,4956900,22900,3,2,2,0,4,1,0,74,1,0,1,0,46,27,5,27,14,7,20.0
200800036161,8,7,5,1545,1,2,7,5,4976600,77200,3,2,2,0,1,1,0,67,1,0,1,0,75,44,8,45,22,6,15.0
200800036228,8,7,22,1300,1,3,1,3,4830800,256700,4,2,0,0,1,1,0,40,1,0,1,0,45,21,9,24,12,2,13.0
200800036236,8,7,31,1445,1,1,2,5,4878500,316100,3,2,1,0,1,1,0,0,2,0,1,0,46,24,5,20,21,4,14.0
200800042812,8,8,2,1210,1,1,2,2,4888522,228696,9,3,0,0,2,2,0,0,2,0,1,0,79,49,8,47,24,6,12.0
200800043227,8,8,30,1350,1,1,1,7,4360835,382123,2,1,1,0,2,3,0,50,1,0,1,0,71,23,11,36,24,6,13.0
200800043903,8,8,10,2145,2,6,1,7,4863882,345699,9,3,1,0,1,3,0,0,1,5,4,99,52,24,7,36,9,7,21.0
200800044157,8,8,5,1525,1,1,1,7,4821653,642345,3,2,2,0,1,1,0,76,1,0,3,0,32,17,5,16,11,2,15.0
200800044274,8,8,1,1830,1,1,5,1,4540808,443543,3,2,2,0,2,3,0,50,2,0,1,99,53,35,2,36,15,5,18.0
200800044341,8,8,21,1550,1,1,1,3,4524636,416882,3,2,2,0,2,1,0,60,1,0,1,99,38,19,2,26,10,4,15.0
200800044342,8,8,29,1900,1,1,1,6,4524561,421913,4,2,1,0,1,1,0,50,1,0,1,0,56,30,7,33,16,5,19.0
200800044345,8,8,20,1410,1,1,1,1,4558712,409649,3,2,2,0,1,1,0,68,1,0,1,99,38,22,4,28,6,3,14.0
200800044357,8,8,14,1920,1,2,1,3,4452340,348336,3,3,2,0,2,1,20,90,1,0,1,99,36,22,4,19,13,4,19.0
200800044358,8,8,22,1715,1,1,8,1,4452376,345699,9,2,1,0,1,4,0,25,9,0,1,99,55,31,11,31,13,5,17.0
200800045178,8,8,3,55,3,1,1,7,4383348,438614,3,2,2,0,1,1,0,64,1,0,3,0,62,48,3,40,19,7,0.0
200800045182,8,8,4,1600,1,2,1,3,4384097,436244,4,1,1,0,2,1,0,55,1,0,1,0,59,48,8,32,19,1,16.0
200800045186,8,8,8,2105,2,1,1,7,4386906,432294,3,1,1,0,1,3,0,59,1,0,1,99,47,30,6,23,18,5,21.0
200800045188,8,8,9,135,5,2,1,3,4383069,435400,4,1,1,0,1,1,0,38,1,0,1,0,69,48,8,43,18,6,1.0
200800045189,8,8,11,1551,1,1,2,6,4383319,435134,4,1,3,0,1,1,0,97,2,0,4,99,44,31,4,28,12,1,15.0
200800045191,8,8,12,1250,1,1,1,7,4377349,441213,3,2,2,0,1,0,0,0,1,0,3,0,49,42,9,29,11,2,12.0
200800045193,8,8,15,955,1,1,1,4,4382708,436099,4,3,4,0,1,1,0,138,1,0,1,99,52,13,10,28,14,5,9.0
200800045194,8,8,16,1928,1,2,1,3,4383970,437157,4,1,1,0,0,0,0,48,1,0,1,0,39,24,6,17,16,6,19.0
200800045196,8,8,17,108,5,1,1,6,4386074,440271,3,1,2,0,0,4,0,33,1,0,3,0,61,25,5,38,18,7,1.0
200800045197,8,8,19,1402,1,6,1,3,4380940,436178,4,1,2,0,1,3,0,0,1,5,1,99,30,20,1,21,8,2,14.0
200800045201,8,8,25,1804,1,1,1,6,4381806,434733,4,1,2,0,1,3,0,80,1,5,1,99,36,23,1,21,14,1,18.0
200800045204,8,8,27,1815,1,1,1,6,4316916,434753,3,2,2,0,1,3,0,36,1,0,1,99,60,30,4,42,14,3,18.0
200800045210,8,8,28,1545,1,2,1,2,4383972,437157,4,2,2,0,1,1,0,57,1,0,1,99,60,34,9,29,22,4,15.0
200800045215,8,8,31,1,3,6,1,7,4382267,436870,4,2,2,0,1,0,0,0,0,0,0,0,66,27,7,45,14,7,0.0
200800045398,8,8,6,1210,1,1,1,6,4360768,386959,4,1,2,0,1,1,20,75,1,0,1,99,39,22,6,24,9,3,12.0
200800045427,8,8,26,749,1,1,1,3,4363609,386822,4,2,2,0,2,1,0,80,1,0,1,3,35,24,5,17,13,2,7.0
200800046118,8,8,24,30,3,1,1,6,4312200,42300,3,2,2,0,0,1,0,67,1,0,1,0,65,25,7,34,24,7,0.0
200800046131,8,8,23,2000,1,1,1,1,4404100,191400,4,2,0,0,1,1,0,35,1,0,1,0,70,65,5,52,13,6,20.0
200800046175,8,8,7,830,1,1,1,7,4594000,541500,3,2,2,0,0,2,0,70,1,0,1,0,54,25,3,29,22,4,8.0
200800046201,8,8,13,1145,1,1,1,7,4417700,540800,3,2,2,0,1,1,0,60,1,0,3,0,44,16,4,34,6,3,11.0
200800046334,8,8,18,1530,1,1,1,1,4504900,674600,3,2,2,0,1,1,0,68,1,0,1,99,36,17,2,23,11,1,15.0
200800048120,8,9,27,2115,3,1,1,5,4913100,32700,2,3,2,0,1,1,25,109,1,3,1,99,67,43,10,39,18,6,21.0
200800048123,8,9,8,1100,1,1,1,5,4366400,709800,3,2,2,0,0,1,0,70,1,0,1,0,40,31,1,28,11,1,11.0
200800048125,8,9,9,930,1,1,1,6,4474600,140200,3,2,0,0,1,0,70,0,1,0,1,0,34,16,5,15,14,2,9.0
200800048126,8,9,26,1645,1,1,1,3,4470000,161700,3,2,0,0,1,1,0,63,1,0,1,0,55,37,11,28,16,5,16.0
200800048134,8,9,1,1400,1,1,1,3,4386800,222700,3,2,2,0,1,1,0,37,1,0,1,0,58,23,1,37,20,1,14.0
200800048137,8,9,13,1945,3,1,1,7,4358400,218300,3,0,2,0,1,1,0,60,1,0,4,0,57,26,8,29,20,6,19.0
200800048138,8,9,11,1415,1,1,1,6,4372300,206600,4,2,0,0,2,1,0,33,0,0,0,99,39,18,3,24,12,4,14.0
200800048139,8,9,21,1200,1,1,1,7,4373700,259000,3,2,2,0,1,1,0,59,1,0,3,0,76,36,5,47,24,7,12.0
200800048140,8,9,2,1700,1,3,1,3,4392800,192900,3,2,2,0,1,1,0,60,1,0,1,99,52,25,4,37,11,2,17.0
200800048146,8,9,12,800,1,9,2,6,4347900,250700,3,2,2,0,1,3,0,70,2,0,1,0,53,32,3,27,23,5,8.0
200800048147,8,9,29,1345,1,1,1,6,4349800,242800,3,3,2,0,0,1,20,120,1,0,1,99,37,17,5,16,16,1,13.0
200800048148,8,9,3,745,1,1,1,1,4357100,194300,2,2,3,0,1,1,0,111,1,0,1,0,36,13,5,22,9,3,7.0
200800048149,8,9,16,515,3,1,1,7,4359200,180700,3,2,2,0,1,2,0,65,1,0,3,0,32,17,2,20,10,2,5.0
200800048153,8,9,20,1930,1,1,1,6,4430800,116800,3,2,2,0,1,4,0,67,1,0,3,0,54,23,4,34,16,6,19.0
200800048154,8,9,30,1615,1,1,1,6,4427900,113100,3,2,0,0,2,4,0,0,1,0,1,99,31,16,0,20,11,2,16.0
200800048156,8,9,6,1545,1,2,3,3,4381400,125400,3,2,2,0,4,1,0,90,2,5,1,0,55,27,10,24,21,6,15.0
200800048162,8,9,28,515,2,1,9,7,4570200,501200,3,2,0,0,1,1,0,0,9,0,3,99,50,37,5,36,9,7,5.0
200800048174,8,9,7,1315,1,1,1,1,4604000,452000,3,2,2,0,0,2,0,78,9,0,1,99,33,20,4,20,9,7,13.0
200800048195,8,9,15,615,2,1,1,3,4595300,582700,3,2,0,0,2,3,0,72,1,0,1,99,39,27,0,25,14,1,6.0
200800048198,8,9,10,1730,1,1,1,3,4593700,549400,3,2,0,0,1,1,0,70,1,0,1,0,54,33,4,35,15,3,17.0
200800048202,8,9,4,715,1,1,1,6,4631400,608300,3,2,0,0,1,3,60,0,2,0,3,0,34,18,2,16,16,4,7.0
200800048212,8,9,5,645,2,1,1,1,4447400,468800,3,2,2,0,1,1,0,71,1,0,1,99,40,23,5,24,11,5,6.0
200800048233,8,9,25,900,1,1,7,7,4470300,525100,3,2,0,0,1,1,0,0,1,0,0,99,43,21,7,19,17,4,9.0
200800048242,8,9,22,745,1,9,1,7,4440900,483000,3,2,2,0,0,4,0,43,1,0,3,99,42,29,4,22,16,1,7.0
200800048261,8,9,23,1745,1,1,1,6,4554000,552900,4,0,0,0,1,2,0,0,1,0,1,0,26,15,1,18,7,2,17.0
200800048262,8,9,19,1400,1,2,1,1,4574000,546200,3,2,2,0,1,1,0,73,1,0,1,99,39,50,3,21,15,5,14.0
200800048287,8,9,24,1815,1,1,1,1,4574700,421700,4,2,2,0,2,1,75,0,0,5,1,99,45,26,3,28,14,3,18.0
200800048307,8,9,17,1500,1,1,1,3,4545800,629500,3,2,0,0,2,1,0,47,1,0,1,0,35,15,1,18,16,3,15.0
200800048347,8,9,18,2130,3,1,2,7,4572600,322400,3,2,2,0,2,1,0,75,2,0,3,99,35,14,3,22,10,4,21.0
200800048384,8,9,14,1830,1,1,1,6,4518800,391200,3,2,0,0,1,1,0,60,1,2,4,99,41,25,4,29,8,7,18.0
200800054924,8,10,3,1900,2,1,3,6,5054400,280900,4,2,2,0,1,1,0,40,2,0,3,0,44,30,1,26,17,5,19.0
200800054926,8,10,11,615,3,1,1,6,5057700,286200,2,3,0,1,1,1,0,110,2,0,1,0,52,37,6,37,9,6,6.0
200800054935,8,10,14,2000,3,1,1,1,5080200,256800,3,2,0,0,1,1,0,60,1,0,1,99,36,22,3,19,14,2,20.0
200800054938,8,10,10,1900,1,1,1,7,5015500,361400,4,2,2,0,1,1,0,0,1,0,1,99,55,35,5,37,13,5,19.0
200800054939,8,10,24,2230,3,1,1,2,5010400,356600,3,0,0,0,1,1,0,80,1,0,0,0,56,36,5,33,18,5,22.0
200800054940,8,10,5,1745,1,1,3,3,5014000,320000,3,2,0,0,1,1,0,65,2,0,1,0,69,13,9,41,19,7,17.0
200800054942,8,10,4,1730,1,1,1,3,5030900,364800,3,2,2,0,1,3,0,62,1,0,1,99,70,50,11,37,22,6,17.0
200800054947,8,10,25,2300,5,7,1,6,5035200,289200,3,2,2,0,1,4,0,57,1,0,4,0,59,31,10,31,18,6,23.0
200800054950,8,10,7,930,1,8,1,1,5030800,289500,9,3,2,0,1,0,0,0,1,4,1,0,49,25,8,27,14,2,9.0
200800054951,8,10,9,2230,5,1,1,6,5026800,284600,5,2,0,0,1,1,0,71,1,0,1,0,35,16,3,18,14,4,22.0
200800054954,8,10,19,2000,3,1,1,3,5069400,172400,3,2,0,0,4,1,0,68,1,0,1,0,49,30,7,30,12,7,20.0
200800054959,8,10,12,1745,1,1,1,2,5089400,168800,3,2,2,0,4,1,0,65,1,0,1,99,70,28,10,38,22,7,17.0
200800054961,8,10,23,730,2,1,1,6,5080800,162100,3,2,2,0,1,1,0,56,1,0,1,0,41,28,3,29,9,4,7.0
200800054970,8,10,22,2000,3,1,1,3,5035200,203500,3,2,2,0,1,3,0,70,1,0,1,0,48,31,1,33,14,3,20.0
200800054972,8,10,17,2330,3,1,2,7,5085400,206600,3,2,2,0,1,1,0,60,2,0,3,0,58,34,4,33,21,5,23.0
200800054978,8,10,29,1415,1,1,1,6,4996000,180000,3,2,2,0,1,1,0,68,1,0,3,99,39,24,2,17,20,3,14.0
200800054980,8,10,15,700,1,1,1,5,4994700,243300,3,3,2,0,1,1,0,74,1,0,1,3,52,27,6,33,13,3,7.0
200800054984,8,10,16,500,5,3,2,1,4998500,156900,3,2,0,0,1,1,0,60,2,5,1,0,38,18,8,17,13,4,5.0
200800054985,8,10,20,800,1,1,1,3,5007900,157300,3,2,2,0,2,1,0,70,1,5,1,99,37,22,3,20,14,1,8.0
200800055046,8,10,21,815,1,1,2,1,4933000,245300,3,2,2,0,2,1,0,0,2,0,1,0,42,14,6,24,12,2,8.0
200800055062,8,10,8,1800,1,1,1,3,4918400,245700,3,2,0,0,2,1,0,90,1,0,1,0,60,31,5,25,30,3,18.0
200800055080,8,10,26,1600,1,1,2,3,4970900,149400,3,2,2,0,1,2,0,66,2,5,1,0,51,20,6,32,13,7,16.0
200800055085,8,10,6,1400,1,1,1,2,4951200,166800,3,2,2,0,1,1,70,0,1,0,1,0,31,22,6,16,9,1,14.0
200800055086,8,10,27,1015,1,1,1,2,4947200,160100,2,2,0,0,4,1,0,71,1,0,1,0,44,19,5,21,18,1,10.0
200800055091,8,10,30,1630,1,1,1,3,4955800,96500,4,2,2,0,3,1,70,15,1,5,1,99,48,22,8,23,17,4,16.0
200800055094,8,10,31,1345,1,1,1,6,4974400,83800,3,2,2,0,1,1,54,0,1,0,3,99,37,19,1,22,14,5,13.0
200800055105,8,10,1,715,2,1,2,2,4924700,179600,3,2,2,0,3,1,0,140,2,0,1,99,34,19,8,18,8,3,7.0
200800055108,8,10,13,1800,1,1,1,4,4909500,60600,4,2,2,0,1,1,0,72,1,0,1,0,42,36,4,27,11,1,18.0
200800055109,8,10,18,1545,1,1,1,2,4917800,48200,4,2,2,0,0,0,0,26,1,0,1,0,62,29,9,38,15,6,15.0
200800055181,8,10,28,1230,1,1,1,7,4841200,395600,3,2,0,0,2,1,0,62,2,5,1,0,37,19,4,17,16,2,12.0
200800055280,8,10,2,1745,1,1,1,2,4749700,49700,1,3,0,0,1,2,0,0,0,0,1,0,32,13,3,16,13,4,17.0
200800062261,8,11,16,830,1,1,1,6,4636400,611800,3,2,2,0,0,3,0,0,1,0,0,0,28,13,2,19,7,7,8.0
200800062262,8,11,26,1030,1,1,1,4,4629300,608300,2,2,2,0,1,1,0,62,1,0,1,99,45,32,4,19,22,3,10.0
200800062265,8,11,1,1945,5,1,3,1,4589000,518800,3,2,2,0,0,1,0,61,2,0,1,0,54,25,10,32,12,6,19.0
200800062271,8,11,17,1000,1,1,1,2,4446300,468900,3,2,0,0,1,1,0,72,1,0,1,99,35,15,2,18,15,1,10.0
200800062276,8,11,3,1615,1,6,2,3,4508000,481400,4,2,0,0,1,0,0,0,2,5,0,99,45,29,5,27,13,1,16.0
200800062277,8,11,28,1100,1,1,1,7,4505800,473900,3,2,2,0,2,3,0,0,1,0,3,0,34,18,3,21,10,5,11.0
200800062280,8,11,10,1545,1,1,1,1,4491800,445900,3,2,2,0,2,3,0,65,1,0,1,99,30,15,3,14,13,1,15.0
200800062281,8,11,13,745,1,1,1,6,4489200,449600,3,2,2,0,1,2,0,66,1,0,3,0,36,34,3,22,11,4,7.0
200800062286,8,11,30,900,1,1,1,6,4475900,479700,3,2,2,0,1,1,0,71,1,0,3,0,47,25,7,23,17,7,9.0
200800062287,8,11,4,1245,1,1,1,3,4469800,547900,3,2,2,0,1,1,55,0,1,0,1,0,37,29,7,20,10,2,12.0
200800062289,8,11,19,615,3,1,1,6,4467300,569900,3,2,2,0,1,3,0,0,7,0,1,99,51,37,7,25,19,3,6.0
200800062291,8,11,22,1600,2,1,1,1,4429500,496700,3,2,2,0,1,3,0,69,1,0,1,0,50,33,3,27,20,6,16.0
200800062294,8,11,29,1630,1,1,2,1,4442600,485900,3,2,2,0,0,3,0,60,2,0,1,99,40,27,3,21,16,6,16.0