Num_Acc,an,mois,jour,hrmn,lum,int,atm,col,lat,long,catr,circ,nbv,vosp,prof,plan,lartpc,larrout,surf,infra,situ,env1,sum,unscathed,killed,hospital,light,week,time
200800062299,8,11,12,1745,5,3,1,3,4502200,528700,3,2,2,0,2,1,0,65,2,0,1,99,54,26,3,30,21,3,17.0
200800062301,8,11,6,2045,3,1,9,7,4515200,575800,3,2,2,1,2,1,0,0,2,0,1,99,34,22,4,22,8,4,20.0
200800062302,8,11,8,215,5,6,1,1,4515300,573700,3,2,0,0,1,2,205,88,1,5,1,99,100,66,13,50,37,6,2.0
200800062304,8,11,14,1030,1,1,1,6,4523500,568300,3,2,2,0,1,1,0,100,1,0,1,99,47,26,4,37,6,5,10.0
200800062307,8,11,18,1945,5,1,1,2,4528000,564600,3,2,2,0,1,1,0,50,2,0,1,0,27,16,3,16,8,2,19.0
200800062308,8,11,24,1315,1,1,4,5,4499500,575300,3,2,2,0,1,3,0,64,8,2,1,99,45,31,3,26,16,1,13.0
200800062316,8,11,21,2115,5,1,2,1,4565500,518200,3,2,0,0,1,1,0,65,2,0,1,0,52,40,4,32,16,5,21.0
200800062320,8,11,5,1730,1,1,1,6,4730100,155300,9,2,2,2,1,1,0,65,1,0,1,99,19,14,2,8,9,3,17.0
200800062321,8,11,2,1800,3,1,2,1,4552000,493900,3,2,2,0,1,3,0,132,2,5,1,99,20,17,2,10,8,7,18.0
200800062323,8,11,9,500,5,1,1,6,4558300,480800,3,2,2,0,1,3,0,95,1,0,3,99,34,13,5,21,8,7,5.0
200800062332,8,11,20,1530,1,6,1,1,4532400,481300,2,1,0,0,1,3,0,40,1,3,1,0,32,21,5,22,5,4,15.0
200800062333,8,11,25,1830,5,7,1,6,4538300,479800,6,0,0,0,1,0,0,0,1,6,0,0,41,26,4,25,12,2,18.0
200800062347,8,11,11,1100,1,1,8,3,4546800,575300,3,2,2,0,4,3,70,0,8,0,1,0,31,21,3,16,12,2,11.0
200800062352,8,11,27,1615,1,6,7,6,4555300,664000,3,2,2,0,1,1,0,0,1,5,1,0,28,21,1,15,12,4,16.0
200800062364,8,11,7,1015,1,1,1,3,4607900,630500,3,2,0,0,2,1,0,180,1,5,1,0,49,31,5,25,19,5,10.0
200800062382,8,11,15,2045,3,1,2,6,4598300,334800,3,2,2,0,1,3,0,0,8,0,3,0,46,22,4,23,19,6,20.0
200800062728,8,11,23,1830,3,7,1,6,4366900,402900,9,1,1,0,0,2,0,0,1,0,1,99,30,16,5,14,11,7,18.0
200800068477,8,12,15,1815,3,1,1,6,4828300,269400,3,2,2,0,4,1,0,54,1,0,1,99,40,26,4,22,14,1,18.0
200800068479,8,12,31,2115,3,1,1,1,4508600,40000,4,2,2,0,2,1,0,0,1,0,1,99,37,19,0,23,14,3,21.0
200800068481,8,12,3,1830,3,1,1,3,4551300,428000,3,2,2,0,2,4,0,65,2,0,1,0,47,34,5,25,17,3,18.0
200800068482,8,12,7,1345,1,1,1,4,4551900,419900,3,2,2,0,0,1,0,70,1,0,1,0,53,38,9,34,10,7,13.0
200800068483,8,12,5,930,1,1,1,1,4550700,432700,3,2,2,0,0,3,0,62,8,0,1,99,38,26,2,27,9,5,9.0
200800068484,8,12,25,1915,3,1,1,5,4553000,430100,3,2,2,0,1,3,0,50,9,0,1,99,40,10,7,26,7,4,19.0
200800068485,8,12,24,1700,3,1,9,6,4582800,377100,3,2,2,0,2,4,0,54,9,0,1,99,28,24,8,16,4,3,17.0
200800068486,8,12,20,1900,5,2,1,3,4568300,429900,3,2,2,0,1,1,0,135,1,5,1,99,48,18,9,21,18,6,19.0
200800068487,8,12,4,1215,1,1,1,3,4535600,466800,3,2,2,0,1,1,0,59,2,0,1,99,45,23,6,28,11,4,12.0
200800068488,8,12,21,1730,2,1,1,3,4599900,417400,3,2,1,0,2,1,0,35,1,0,1,99,29,14,2,17,10,7,17.0
200800068489,8,12,22,1730,5,5,1,3,4599400,421600,3,2,2,0,1,1,0,62,2,0,1,99,38,22,5,22,11,1,17.0
200800068490,8,12,1,1345,1,1,8,1,4611900,430800,3,2,2,0,2,1,0,66,2,0,1,0,41,32,2,22,17,1,13.0
200800068491,8,12,19,630,3,1,5,6,4613400,390900,2,2,2,0,1,1,0,80,2,0,3,0,58,34,5,37,16,5,6.0
200800068494,8,12,2,1145,1,1,1,6,4686100,232200,3,3,0,0,1,1,0,0,1,0,1,0,41,20,4,22,15,2,11.0
200800068496,8,12,28,2045,5,1,9,6,4548800,457800,3,2,1,0,2,1,0,69,2,0,1,99,44,28,7,22,15,7,20.0
200800068498,8,12,6,1945,5,2,1,3,5053700,280800,4,0,2,0,1,1,0,70,1,0,1,0,71,37,9,40,22,6,19.0
200800068499,8,12,18,800,3,1,2,3,5054400,283300,3,2,2,0,1,1,0,0,0,0,1,0,27,21,4,14,9,4,8.0
200800068505,8,12,30,2245,5,1,1,2,5067900,301800,3,2,2,0,1,1,0,64,1,0,1,99,29,18,4,17,8,2,22.0
200800068506,8,12,11,2045,5,1,1,6,5037200,364800,3,2,2,0,0,2,0,60,2,0,1,0,32,31,3,19,10,4,20.0
200800068508,8,12,13,1915,5,9,1,6,5050700,345500,3,2,2,0,1,1,0,59,1,0,1,99,42,17,5,27,10,6,19.0
200800068522,8,12,27,1515,1,1,1,2,5020300,285500,3,2,2,0,2,1,0,56,1,0,1,99,25,21,5,13,7,6,15.0
200800068536,8,12,8,1815,2,1,1,1,5088200,208300,3,2,2,0,1,1,0,62,1,0,1,0,43,18,2,25,16,1,18.0
200800068538,8,12,14,2000,3,1,1,5,5069900,221700,3,2,2,0,1,1,76,0,1,0,1,99,29,25,2,11,16,7,20.0
200800068542,8,12,12,2200,3,1,9,6,5033600,264000,3,2,0,0,1,1,0,70,7,0,1,0,53,29,11,29,13,5,22.0
200800068565,8,12,9,730,5,1,8,1,5002000,269000,3,2,2,0,0,1,0,0,2,0,1,0,30,14,2,17,11,2,7.0
200800068572,8,12,16,830,2,1,5,1,4957100,325200,3,2,2,0,1,1,0,0,7,0,1,99,33,20,4,17,12,2,8.0
200800068602,8,12,23,2145,3,1,2,3,4957200,260700,3,2,2,0,1,1,0,70,6,0,1,0,36,20,2,25,9,2,21.0
200800068623,8,12,29,2300,1,1,1,7,4969600,159300,3,2,0,0,1,3,0,37,1,0,1,99,22,12,6,14,2,1,23.0
200800068632,8,12,17,1930,5,1,1,6,4976600,50300,3,2,2,0,1,0,0,62,1,0,1,0,37,34,5,19,13,3,19.0
200800068659,8,12,10,1345,1,9,9,3,4835800,182200,3,2,0,0,1,0,0,74,2,0,1,0,30,23,2,17,11,3,13.0
200800068707,8,12,26,1630,1,1,1,1,4858900,429400,3,2,2,0,2,1,0,55,1,0,1,0,29,11,3,14,12,5,16.0
200700000001,7,1,26,1630,1,1,1,3,5051700,291000,4,2,2,0,1,1,0,59,1,0,1,3,20,20,4,8,8,5,16.0
200700000002,7,1,12,1645,2,1,8,1,5050600,312800,3,2,2,2,1,1,0,100,2,0,1,0,45,35,5,29,11,5,16.0
200700000003,7,1,28,1715,1,1,1,6,5057000,315800,3,2,0,0,1,0,0,0,0,0,0,0,13,12,3,2,8,7,17.0
200700000005,7,1,18,1715,2,1,6,6,5083700,231300,3,2,0,0,1,1,0,40,1,0,1,0,29,24,3,19,7,4,17.0
200700000007,7,1,27,2030,2,1,1,7,5080900,252000,3,2,0,0,1,3,0,60,1,0,1,0,52,20,3,38,11,6,20.0
200700000009,7,1,20,1700,1,1,2,6,5061400,323100,3,2,2,1,1,2,0,60,2,0,1,0,38,27,6,22,10,6,17.0
200700000014,7,1,11,730,3,1,2,3,5049700,326400,3,2,2,1,3,1,0,80,2,5,1,0,33,20,7,14,12,4,7.0
200700000016,7,1,13,615,3,1,2,1,5024600,363200,3,2,1,0,1,1,0,0,2,0,1,0,41,21,2,32,7,6,6.0
200700000018,7,1,10,2115,5,1,1,6,5027800,287000,9,2,2,0,1,0,0,71,1,0,1,0,35,21,6,15,14,3,21.0
200700000029,7,1,8,1600,1,1,2,6,5052000,164600,4,2,2,0,0,1,0,70,2,0,1,0,43,20,4,25,14,1,16.0
200700000030,7,1,7,1615,1,1,1,7,5037500,203700,3,2,2,0,1,1,54,0,1,5,1,0,24,15,4,14,6,7,16.0
200700000032,7,1,29,800,1,1,1,1,5085900,197700,4,1,1,0,0,1,0,50,0,0,0,0,30,39,3,17,10,1,8.0
200700000038,7,1,24,1730,2,1,8,6,4990300,246900,3,2,2,0,1,1,0,90,2,0,3,0,13,9,0,11,2,3,17.0
200700000041,7,1,2,1530,1,1,1,2,4995200,208100,3,2,0,0,1,1,0,69,1,0,1,0,30,24,5,18,7,2,15.0
200700000049,7,1,17,1700,1,1,8,3,5013800,232300,3,2,0,0,4,1,0,0,2,0,1,0,41,20,3,29,9,3,17.0
200700000057,7,1,21,1745,3,2,1,3,4974800,267200,3,1,2,0,1,1,0,69,1,5,1,0,34,12,3,29,2,7,17.0
200700000058,7,1,31,815,5,1,8,6,4974400,305100,4,2,2,0,1,1,0,57,1,5,0,0,24,9,4,18,2,3,8.0
200700000059,7,1,1,1700,3,1,1,6,4962000,362000,3,2,2,0,0,1,0,70,1,0,3,0,29,12,7,16,6,1,17.0
200700000076,7,1,14,1430,1,1,1,6,4998600,355200,4,2,0,0,2,2,0,44,1,0,1,0,54,17,5,36,13,7,14.0
200700000090,7,1,6,1630,1,1,8,1,4919200,188800,3,2,2,0,1,3,0,60,2,0,3,0,34,32,3,24,7,6,16.0
200700000108,7,1,15,2215,5,2,1,3,4943000,264300,4,2,2,0,1,1,0,70,1,0,1,0,25,11,3,18,4,1,22.0
200700000109,7,1,30,1930,3,1,1,6,4941700,270100,3,2,2,0,1,1,0,65,1,0,3,0,25,14,2,14,9,2,19.0
200700000123,7,1,5,15,3,1,1,7,4940600,92100,3,2,2,0,1,1,0,60,1,0,3,0,56,61,8,36,12,5,0.0
200700000124,7,1,25,745,2,1,1,5,4946500,83700,3,2,2,0,1,1,45,100,2,0,1,0,21,21,3,12,6,4,7.0
200700000132,7,1,4,1745,5,3,8,3,4973300,143900,4,2,1,0,1,1,0,90,2,0,1,0,25,13,1,18,6,4,17.0
200700000146,7,1,3,2000,3,1,1,3,4871500,85100,2,2,2,0,3,1,0,0,1,0,1,0,35,24,5,19,11,3,20.0
200700000157,7,1,19,1830,3,1,2,6,4929400,64300,3,2,2,0,2,1,0,75,2,0,0,0,29,17,4,18,7,5,18.0
200700000192,7,1,23,745,3,1,1,6,4801700,143600,3,2,2,0,1,3,0,62,1,0,1,0,24,13,3,18,3,2,7.0
200700000211,7,1,16,1730,1,1,1,2,4860500,348900,3,2,2,0,2,2,0,70,1,0,1,0,22,22,6,9,7,2,17.0
200700000213,7,1,9,1500,1,1,1,3,4878300,324400,3,2,2,0,1,1,0,80,1,5,1,0,22,10,3,12,7,2,15.0
200700000350,7,1,22,1900,3,2,1,3,4804000,89800,3,2,2,0,1,1,0,0,1,5,1,0,18,5,1,9,8,1,19.0
200700006102,7,2,12,800,1,1,1,6,5052700,292800,4,2,2,0,1,0,0,95,2,0,1,0,24,12,2,14,8,1,8.0
200700006103,7,2,1,800,5,1,8,3,5058500,289100,2,3,4,0,1,1,160,80,2,0,1,0,34,27,2,27,5,4,8.0
200700006104,7,2,10,1900,4,6,8,6,5053700,283400,2,0,0,0,1,3,0,0,2,5,3,0,51,24,7,28,16,6,19.0
200700006107,7,2,22,2205,3,2,1,3,5090000,224000,3,2,2,0,1,1,67,260,1,5,1,0,25,17,1,17,7,4,22.0
200700006108,7,2,6,2015,3,1,4,5,5105400,247200,3,2,2,0,1,1,0,73,5,0,1,0,39,23,4,21,14,2,20.0
200700006110,7,2,19,815,1,1,1,1,5096100,250600,3,2,2,0,1,1,0,54,1,0,3,0,39,21,5,22,12,1,8.0
200700006112,7,2,9,715,3,1,1,6,5014300,319300,3,2,2,0,1,2,0,59,2,0,3,0,65,63,6,48,11,5,7.0
200700006114,7,2,25,1715,2,1,2,3,5030700,401900,3,2,0,0,1,1,0,40,2,0,1,0,37,12,5,28,4,7,17.0
200700006119,7,2,2,1245,1,1,1,3,5046000,161500,3,2,2,0,1,1,0,93,1,0,1,0,36,24,3,22,11,5,12.0
200700006121,7,2,21,1415,1,1,1,6,5045900,161400,3,2,2,0,1,1,0,65,1,0,1,3,34,9,1,21,12,3,14.0
200700006126,7,2,27,900,1,1,2,3,5054300,236400,3,2,2,0,1,1,0,40,2,0,1,0,19,7,2,12,5,2,9.0
200700006131,7,2,16,1700,1,1,1,3,4990500,172000,3,2,0,0,0,1,0,66,2,0,1,0,34,26,4,19,11,5,17.0
200700006139,7,2,4,845,1,1,8,7,5014100,161500,3,0,0,0,1,3,0,0,7,0,1,0,39,25,1,23,15,7,8.0
200700006150,7,2,24,1915,5,1,8,1,4974200,306900,3,2,0,0,1,1,0,67,1,0,1,0,36,24,4,24,8,6,19.0
200700006154,7,2,14,1000,1,1,3,1,4963600,317500,3,2,2,0,1,1,0,49,2,0,1,0,24,16,4,16,4,3,10.0
200700006160,7,2,8,915,1,1,8,7,4982000,348000,3,3,2,0,0,2,0,65,3,0,1,0,33,25,1,14,18,4,9.0
200700006164,7,2,3,1345,1,1,1,2,4997200,385600,3,2,2,0,1,1,0,71,1,0,1,0,40,37,3,31,6,6,13.0
200700006179,7,2,26,1530,1,1,1,7,4931900,244300,3,3,4,0,1,1,10,80,1,0,1,0,12,11,2,9,1,1,15.0
200700006185,7,2,15,845,1,1,1,1,4951000,291600,3,3,2,0,0,1,0,0,1,0,1,0,30,18,5,19,6,4,8.0
200700006188,7,2,28,1730,1,1,2,1,4944400,285500,3,2,2,1,1,1,0,80,2,0,5,0,31,15,1,19,11,3,17.0
200700006194,7,2,7,1915,3,9,1,1,4921500,262400,2,2,2,0,1,1,0,90,1,5,1,0,32,23,4,18,10,3,19.0
200700006205,7,2,17,600,3,1,1,6,4962100,91500,3,2,2,0,2,1,0,50,1,0,1,0,43,34,1,32,10,6,6.0
200700006251,7,2,13,100,3,1,1,6,4858900,157300,3,2,2,0,1,2,0,60,1,0,3,0,33,19,3,19,11,2,1.0
200700006266,7,2,18,1845,2,1,1,3,4842800,293200,3,2,2,3,3,0,0,0,1,5,1,0,34,8,4,20,10,7,18.0
200700006269,7,2,11,1215,1,3,8,3,4843200,214500,4,2,2,0,1,1,0,50,1,0,1,0,35,14,2,30,3,7,12.0
200700006284,7,2,20,1145,1,1,1,6,4801800,448700,3,2,2,0,1,1,0,75,1,0,1,0,25,21,3,18,4,2,11.0
200700006308,7,2,5,1115,1,9,1,6,4796700,254300,2,3,0,0,1,3,0,40,1,3,1,0,22,10,2,12,8,1,11.0
200700006312,7,2,23,415,3,1,2,6,4900700,17300,3,2,0,0,1,1,0,50,2,0,1,0,35,20,4,19,12,5,4.0
200700011848,7,3,9,1745,1,9,1,6,5051300,291700,4,2,2,0,1,1,0,58,1,0,4,3,41,16,3,29,9,5,17.0
200700011849,7,3,2,2045,5,6,3,2,5054400,283300,2,1,2,0,1,0,0,0,2,0,1,0,41,24,3,29,9,5,20.0
200700011850,7,3,10,1815,1,1,1,3,5057600,293100,4,2,2,0,1,3,0,127,1,0,1,0,52,38,5,39,8,6,18.0
200700011851,7,3,28,1545,1,1,1,6,5053400,312600,3,2,2,0,1,0,0,50,9,0,1,0,18,11,3,14,1,3,15.0
200700011853,7,3,24,1430,1,1,1,3,5052400,299500,3,3,0,2,0,1,0,0,1,5,1,0,42,25,5,28,9,6,14.0
200700011854,7,3,11,2000,3,1,1,1,5097400,236900,3,2,2,0,1,4,0,56,1,0,1,0,50,24,10,26,14,7,20.0
200700011856,7,3,6,1330,1,1,3,3,5073400,245900,3,2,2,0,1,3,0,76,2,0,1,0,21,13,1,16,4,2,13.0
200700011857,7,3,23,2015,5,1,1,1,5080500,248200,3,2,0,0,1,3,0,60,1,0,1,0,30,14,5,18,7,5,20.0
200700011858,7,3,27,1530,1,1,1,1,5077900,250800,3,2,2,0,1,3,0,57,1,0,1,0,41,20,5,14,22,2,15.0
200700011859,7,3,25,2015,5,1,1,6,5073300,296800,3,2,2,0,1,2,48,0,1,0,3,0,39,15,4,25,10,7,20.0
200700011864,7,3,7,1630,1,1,1,1,5006300,319900,4,1,1,0,2,2,0,45,1,0,1,0,29,20,2,21,6,3,16.0
200700011865,7,3,31,915,1,1,1,1,5007300,316600,3,3,2,0,1,1,191,100,1,5,1,0,47,24,7,29,11,6,9.0
200700011869,7,3,14,1530,1,7,1,6,5007200,306400,4,2,2,0,1,1,0,60,1,0,1,3,33,30,1,21,11,3,15.0
200700011870,7,3,1,215,5,1,3,6,5032300,271500,3,2,2,0,1,1,0,69,2,0,4,0,24,18,1,21,2,4,2.0
200700011884,7,3,18,1145,1,1,1,6,5038100,233400,3,2,2,0,2,1,0,68,1,0,1,0,18,13,2,11,5,7,11.0
200700011885,7,3,5,645,1,1,2,6,5037800,261300,3,2,2,0,0,2,0,0,2,0,3,0,27,11,2,17,8,1,6.0
200700011887,7,3,13,1345,1,1,1,1,4980600,231100,4,2,2,0,2,1,0,49,1,0,1,0,19,13,1,14,4,2,13.0
200700011890,7,3,29,1715,1,1,1,3,5004800,152600,3,2,2,0,1,1,0,71,1,0,1,0,39,19,4,24,11,4,17.0
200700011893,7,3,16,1245,1,2,1,3,5016700,181500,3,2,2,0,1,1,0,63,1,0,0,0,64,36,3,44,17,5,12.0
200700011895,7,3,20,1600,1,3,1,3,5016000,235000,2,2,2,0,1,1,0,120,1,5,1,0,24,27,4,17,3,2,16.0
200700011898,7,3,30,500,3,1,1,7,5000000,314000,3,2,0,0,1,1,0,0,1,0,3,0,23,10,5,7,11,5,5.0
200700011914,7,3,3,1030,1,1,6,6,4997400,334000,3,2,2,0,1,2,0,60,1,0,1,0,53,25,3,39,11,6,10.0
200700011931,7,3,8,1400,1,1,1,6,4947600,190000,3,2,2,0,2,1,0,58,1,0,1,0,35,16,2,23,10,4,14.0
200700011954,7,3,19,1700,1,1,8,3,4917400,245000,3,2,2,0,3,1,120,100,2,0,1,0,25,12,5,13,7,1,17.0
200700011988,7,3,21,745,1,1,1,2,4931200,160600,3,2,0,0,1,1,0,73,2,0,1,0,26,16,6,14,6,3,7.0
200700011994,7,3,26,1015,1,1,1,3,4916100,134700,3,2,2,0,1,1,0,224,1,0,1,0,19,10,4,13,2,1,10.0
200700012035,7,3,15,1815,1,2,7,3,4876800,307500,3,2,2,0,1,2,0,75,1,5,1,0,35,29,3,26,6,4,18.0
200700012037,7,3,17,530,3,1,2,1,4841100,286600,3,2,0,0,1,1,0,0,2,0,1,0,43,18,2,27,14,6,5.0
200700012060,7,3,4,1230,1,1,3,3,4863100,374800,3,3,0,0,1,3,0,72,2,5,1,0,49,27,3,34,12,7,12.0
200700012142,7,3,12,1745,1,1,1,3,4712800,162100,3,2,2,0,1,1,0,61,1,0,1,0,29,28,3,17,9,1,17.0
200700012327,7,3,22,2230,5,2,1,3,4658100,77800,3,2,2,0,1,1,0,76,1,5,1,0,25,15,7,11,7,4,22.0
200700018369,7,4,29,1230,1,2,1,3,5058000,293100,4,2,2,0,1,1,0,68,1,0,1,0,44,18,8,27,9,7,12.0
200700018370,7,4,16,1235,1,1,7,7,5054400,314800,4,2,2,0,0,1,0,33,1,0,3,0,48,15,10,22,16,1,12.0
200700018371,7,4,14,1745,1,1,1,6,5051200,302000,4,2,2,0,1,0,0,61,1,0,0,0,51,29,5,29,17,6,17.0
200700018372,7,4,23,1815,1,1,1,1,5097200,235900,3,2,0,0,1,1,0,60,1,0,1,0,50,33,5,34,11,1,18.0
200700018373,7,4,18,1115,1,1,1,3,5089300,240300,3,2,2,0,1,1,0,65,1,5,1,0,36,19,5,22,9,3,11.0
200700018376,7,4,24,1745,1,1,1,1,5073300,236800,3,2,2,0,1,3,0,61,1,0,1,0,43,29,6,27,10,2,17.0
200700018378,7,4,5,1900,1,1,1,1,5064200,269400,3,2,2,0,0,1,0,53,1,0,1,0,38,21,4,29,5,4,19.0
200700018379,7,4,15,945,1,1,1,3,5081600,239500,3,2,2,0,0,1,0,60,1,0,1,0,64,48,11,38,15,7,9.0
200700018380,7,4,4,2215,5,1,1,1,5064500,288100,3,2,0,0,1,1,0,60,1,0,1,0,18,4,0,14,4,3,22.0
200700018382,7,4,3,1645,1,1,1,6,5067600,300700,4,2,2,0,1,3,0,43,1,0,3,0,19,10,3,11,5,2,16.0
200700018383,7,4,17,1500,1,1,1,1,5030100,351700,3,2,0,0,2,1,0,58,1,0,1,0,38,15,5,21,12,2,15.0
200700018391,7,4,2,745,1,2,1,3,5007200,345600,3,2,2,0,2,1,0,0,1,5,1,0,27,14,5,16,6,1,7.0
200700018393,7,4,9,1415,1,9,1,3,5013600,301000,3,2,0,0,0,1,0,56,1,0,0,0,60,43,4,44,12,1,14.0
200700018395,7,4,21,1930,1,1,1,6,5046300,331800,3,2,0,0,1,1,0,61,0,0,3,0,55,29,8,35,12,6,19.0
200700018396,7,4,10,630,2,1,1,5,5029300,387200,3,2,3,0,2,1,0,104,1,0,1,0,47,39,6,24,17,2,6.0
200700018397,7,4,27,1145,1,1,1,6,5027100,267700,9,1,1,0,1,1,0,25,1,0,1,0,50,40,2,31,17,5,11.0
200700018400,7,4,1,1830,1,1,1,1,5060800,277000,3,2,0,0,1,3,0,54,1,0,1,0,56,23,6,40,10,7,18.0
200700018407,7,4,6,1215,1,3,1,3,5051500,164200,2,2,3,0,1,1,0,87,1,5,1,0,78,42,13,46,19,5,12.0
200700018411,7,4,26,2215,4,1,1,1,5040900,193900,3,2,2,0,1,1,0,65,1,0,1,0,39,22,3,28,8,4,22.0
200700018418,7,4,11,1915,1,1,7,6,5035600,256300,3,2,2,0,4,2,0,60,1,0,1,3,37,12,2,23,12,3,19.0
200700018419,7,4,22,1915,1,1,1,1,5026000,223200,3,2,2,0,2,4,0,59,9,0,1,0,62,31,8,33,21,7,19.0
200700018420,7,4,20,2045,2,1,1,6,4988900,259700,3,2,2,0,1,2,0,54,1,0,3,0,36,20,6,25,5,5,20.0
200700018426,7,4,13,1145,1,1,1,3,5013400,178200,3,3,0,0,0,1,0,0,1,0,1,0,49,35,4,32,13,5,11.0
200700018435,7,4,28,1730,1,1,1,6,5018900,164100,4,1,0,0,0,0,0,0,0,0,1,0,55,39,9,30,16,6,17.0
200700018448,7,4,7,1200,1,1,1,3,4977600,247400,3,0,2,0,1,1,0,40,1,0,1,0,73,34,4,38,31,6,12.0
200700018455,7,4,30,230,3,1,1,3,4997200,290200,3,2,0,0,1,1,0,0,1,0,1,0,38,23,4,22,12,1,2.0
200700018461,7,4,12,1815,1,2,1,3,4977400,291700,3,4,3,0,1,1,0,109,1,5,1,0,34,30,6,20,8,4,18.0
200700018523,7,4,25,45,3,1,1,7,4974300,94200,3,2,2,0,1,1,0,58,1,0,3,0,44,21,4,23,17,3,0.0
200700018559,7,4,8,1145,2,1,1,7,4915400,51300,3,2,2,0,1,1,0,77,1,0,1,0,57,41,9,31,17,7,11.0
200700018740,7,4,19,1715,1,1,1,2,4878100,76900,3,4,0,0,2,1,0,89,1,0,3,0,45,23,6,26,13,4,17.0
200700025201,7,5,19,1715,1,1,1,3,5053400,292800,4,2,2,0,1,1,0,56,1,0,1,0,48,25,3,34,11,6,17.0
200700025202,7,5,25,1800,1,1,1,3,5051500,290600,3,2,0,0,1,1,0,70,1,0,1,0,76,40,13,45,18,5,18.0
200700025203,7,5,2,1830,1,1,1,3,5053700,281100,2,2,3,2,1,1,145,0,1,0,1,0,26,15,4,14,8,3,18.0
200700025204,7,5,4,800,1,3,1,3,5056600,292800,3,2,2,1,1,1,0,0,1,0,1,0,35,26,1,22,12,5,8.0
200700025206,7,5,30,1100,1,1,1,6,5054000,317600,3,2,2,0,1,1,0,60,1,0,1,0,52,26,8,32,12,3,11.0
200700025209,7,5,27,345,2,1,1,6,5076700,259400,3,2,2,0,1,1,0,68,1,0,3,0,49,18,4,35,10,7,3.0
200700025211,7,5,20,1615,1,1,1,1,5081600,239400,3,2,2,0,1,1,0,0,1,5,1,0,67,32,3,39,25,7,16.0
200700025212,7,5,15,945,1,1,1,3,5063900,324000,3,2,0,0,0,1,15,89,1,0,1,0,33,23,0,23,10,2,9.0
200700025215,7,5,31,1630,1,1,1,3,5049700,334600,3,2,0,0,1,0,0,62,1,0,3,0,42,25,4,25,13,4,16.0
200700025217,7,5,7,1630,1,1,2,3,5022100,367900,3,2,2,0,1,1,0,60,2,0,0,0,28,22,3,18,7,1,16.0
200700025224,7,5,24,2115,2,1,1,6,5006400,338800,3,2,2,0,2,3,0,70,1,0,1,0,44,25,4,21,19,4,21.0
200700025226,7,5,28,1915,1,1,1,6,5005700,319300,3,2,2,0,4,1,0,48,1,0,3,0,53,19,6,29,18,1,19.0
200700025229,7,5,11,1900,1,1,2,6,5011000,303000,3,2,2,0,1,2,0,60,2,0,4,0,43,31,5,22,16,5,19.0
200700025233,7,5,3,1630,1,1,1,3,5066100,183800,3,2,2,0,2,1,66,0,1,0,1,0,36,17,4,20,12,4,16.0
200700025236,7,5,1,1900,1,1,1,2,5045100,264700,3,2,2,0,1,1,0,60,1,0,1,0,54,26,5,33,16,2,19.0
200700025238,7,5,6,130,3,1,1,2,5032300,201700,3,2,2,0,2,1,0,75,1,0,1,0,48,21,5,28,15,7,1.0
200700025240,7,5,13,1745,1,1,8,2,5086000,207000,4,2,0,0,1,1,0,38,2,0,1,0,52,26,4,34,14,7,17.0
200700025245,7,5,12,45,5,1,2,6,5027200,230000,3,2,2,0,1,2,0,71,2,0,4,0,48,31,6,34,8,6,0.0
200700025248,7,5,18,845,1,2,1,1,4995500,197900,4,2,0,0,1,1,0,41,1,0,1,0,44,29,6,22,16,5,8.0
200700025255,7,5,16,1645,1,1,1,6,5007300,157000,3,2,0,0,1,3,0,70,1,0,3,0,33,13,1,22,10,3,16.0
200700025262,7,5,29,1915,1,3,1,1,4971900,253600,3,0,0,0,0,3,0,86,1,5,0,0,32,15,2,25,5,2,19.0
200700025280,7,5,21,1800,1,1,1,6,4938500,351900,4,2,2,0,2,3,0,42,1,0,3,0,45,19,6,24,15,1,18.0
200700025291,7,5,26,1945,1,2,1,3,4969200,197900,3,2,2,0,1,1,64,89,1,0,0,0,57,27,7,31,19,6,19.0
200700025296,7,5,14,1030,1,1,1,5,4934800,248300,3,2,2,0,1,2,0,60,1,0,1,0,30,14,3,18,9,1,10.0
200700025322,7,5,10,1200,1,2,1,3,4972700,114600,3,2,2,0,1,0,0,65,1,0,1,0,30,17,1,22,7,4,12.0
200700025331,7,5,22,830,1,1,1,1,4952800,36700,3,2,0,0,1,1,0,60,1,0,1,0,39,21,1,26,12,2,8.0
200700025346,7,5,5,900,1,2,1,3,4877900,134700,3,2,2,0,2,1,0,63,1,0,1,0,51,25,6,34,11,6,9.0
200700025348,7,5,17,800,2,1,2,6,4901500,132600,2,2,3,0,1,1,0,105,2,0,1,0,61,36,5,47,9,4,8.0
200700025366,7,5,23,1900,1,1,1,1,4917700,135900,4,2,0,0,1,3,0,0,9,0,1,0,40,22,2,24,14,3,19.0
200700025387,7,5,8,1700,1,1,1,1,4800900,147900,3,2,2,0,1,1,0,0,1,0,1,0,45,21,3,29,13,2,17.0
200700025440,7,5,9,1715,1,1,8,1,4794900,285100,3,2,2,0,0,1,0,70,1,0,1,0,42,16,4,30,8,3,17.0
200700031966,7,6,13,1545,1,1,1,6,5061000,291800,3,2,2,0,1,2,0,70,1,0,3,0,41,24,5,24,12,3,15.0
200700031968,7,6,27,845,1,1,1,3,5054500,298600,3,0,2,0,1,1,0,0,1,0,1,0,29,19,2,22,5,3,8.0
200700031969,7,6,18,1900,1,1,1,3,5046000,303000,3,2,2,0,1,1,6,57,1,0,4,0,42,22,5,23,14,1,19.0
200700031970,7,6,6,1400,1,1,1,1,5095500,219300,3,2,2,0,1,1,0,70,1,0,1,0,47,33,7,28,12,3,14.0
200700031972,7,6,15,1900,1,1,1,7,5086900,227800,4,2,0,0,1,2,0,44,1,0,1,0,63,22,9,37,17,5,19.0
200700031975,7,6,8,600,2,1,6,6,5079900,250600,3,2,2,0,0,1,0,70,2,0,3,0,50,31,1,33,16,5,6.0