Num_Acc,an,mois,jour,hrmn,lum,int,atm,col,lat,long,catr,circ,nbv,vosp,prof,plan,lartpc,larrout,surf,infra,situ,env1,sum,unscathed,killed,hospital,light,week,time
200700031977,7,6,3,1215,1,6,1,1,5074100,295800,3,2,2,0,1,0,0,0,1,0,1,0,48,26,3,31,14,7,12.0
200700031978,7,6,11,1345,1,1,1,3,5030400,329300,3,2,2,1,1,1,0,70,1,5,1,0,53,27,4,31,18,1,13.0
200700031980,7,6,19,1330,1,1,7,1,5016800,366000,3,2,0,0,1,1,0,60,1,0,1,0,35,33,4,21,10,2,13.0
200700031983,7,6,9,1800,1,1,1,3,5012700,341600,4,2,0,0,0,2,0,64,1,0,4,0,69,40,5,45,19,6,18.0
200700031986,7,6,1,1600,1,1,1,1,5010000,320400,3,2,2,0,1,1,0,77,1,0,1,0,69,31,5,44,20,5,16.0
200700031988,7,6,14,2245,5,1,2,6,5012600,322000,3,2,2,0,1,3,0,60,2,5,3,0,36,47,5,22,9,4,22.0
200700031991,7,6,10,500,2,1,5,6,5013000,283000,3,2,2,0,1,1,0,70,1,0,3,0,68,52,3,53,12,7,5.0
200700031992,7,6,12,1715,1,1,1,5,5023700,270700,3,2,2,0,0,0,0,0,1,0,1,0,54,32,5,31,18,2,17.0
200700031993,7,6,22,1500,1,1,3,6,5019000,259800,3,2,0,0,0,2,0,57,2,0,1,0,61,29,4,37,20,5,15.0
200700031995,7,6,24,1830,1,2,1,4,5027000,286000,3,2,2,0,1,1,0,120,1,0,1,0,129,73,10,68,51,7,18.0
200700031998,7,6,17,915,1,1,1,7,5080300,176600,3,2,0,0,2,3,70,0,2,0,3,0,68,42,2,51,15,7,9.0
200700032004,7,6,20,2015,1,1,1,2,5051400,162900,3,2,2,0,1,1,0,137,1,0,1,0,45,28,1,33,11,3,20.0
200700032006,7,6,16,1415,1,3,2,3,5071500,211200,3,2,0,0,2,2,0,118,1,5,1,0,65,31,6,43,16,6,14.0
200700032013,7,6,25,645,1,1,1,6,4990300,249600,3,0,0,0,1,1,0,0,1,0,3,0,34,12,6,18,10,1,6.0
200700032018,7,6,23,1830,1,4,1,1,5017700,149700,3,2,2,0,1,3,0,68,1,0,1,0,59,26,5,43,11,6,18.0
200700032019,7,6,5,1130,1,1,1,3,5011500,233600,3,2,2,0,1,1,0,60,1,0,1,0,57,29,2,33,22,2,11.0
200700032033,7,6,7,2045,1,1,1,6,4973500,391200,3,2,0,0,2,0,0,60,1,0,1,0,53,30,3,34,16,4,20.0
200700032043,7,6,30,1030,1,1,1,1,4917400,369200,3,2,0,0,1,1,0,62,1,0,1,0,74,33,10,39,25,6,10.0
200700032047,7,6,2,1115,1,1,1,1,4995700,335900,3,2,0,0,3,3,0,56,1,0,1,0,53,20,8,31,14,6,11.0
200700032050,7,6,29,2250,4,1,2,6,4940800,348400,3,2,2,0,1,1,0,65,2,0,1,0,53,19,5,28,20,5,22.0
200700032086,7,6,26,2015,1,1,2,6,4943400,286000,4,2,0,0,1,1,0,40,2,0,3,0,46,33,5,29,12,2,20.0
200700032096,7,6,21,1745,1,1,1,1,4945300,625700,4,2,1,0,1,2,0,30,1,0,1,0,37,22,3,25,9,4,17.0
200700032176,7,6,28,1100,1,1,1,3,4799000,190000,3,3,2,0,1,1,0,70,1,0,1,0,36,17,4,22,10,4,11.0
200700032251,7,6,4,1515,1,7,1,3,4907700,6900,6,2,0,0,0,1,0,0,1,0,1,0,39,31,8,22,9,1,15.0
200700039314,7,7,13,2345,5,1,1,6,5053500,292900,3,2,2,0,1,1,0,80,1,0,1,0,81,55,8,40,33,5,23.0
200700039315,7,7,12,1010,1,1,1,6,5052500,311400,3,2,0,0,1,1,0,52,1,0,1,0,61,28,5,43,13,4,10.0
200700039319,7,7,1,1945,1,1,1,6,5081100,255500,3,2,2,0,0,0,0,84,1,0,3,0,68,37,13,44,11,7,19.0
200700039320,7,7,6,900,1,1,1,6,5081300,258200,3,2,2,0,0,1,0,60,1,0,1,0,52,26,1,30,21,5,9.0
200700039321,7,7,26,945,1,1,1,1,5078200,240400,4,2,2,0,1,3,0,30,1,0,1,0,40,23,1,25,14,4,9.0
200700039326,7,7,15,1300,1,1,1,6,5016200,365300,3,2,2,0,1,1,0,50,1,0,1,0,62,28,5,40,17,7,13.0
200700039327,7,7,29,1830,1,1,1,1,5010000,369200,3,2,1,0,3,3,0,63,1,0,1,0,59,33,8,40,11,7,18.0
200700039330,7,7,21,2215,2,1,1,1,5023600,345300,3,2,0,0,1,3,60,0,1,0,1,0,74,46,6,36,32,6,22.0
200700039332,7,7,20,1015,1,1,2,6,5028900,373700,3,2,0,0,1,1,0,73,2,0,3,0,50,28,5,31,14,5,10.0
200700039335,7,7,18,1600,1,1,1,1,5015100,291000,3,2,2,0,1,2,0,65,1,0,1,0,53,29,6,24,23,3,16.0
200700039337,7,7,11,1430,1,1,1,3,5062600,254700,3,2,0,0,1,1,0,60,1,0,1,0,44,35,4,23,17,3,14.0
200700039345,7,7,14,145,3,1,1,5,5037300,195300,3,2,2,0,1,1,0,72,1,0,1,0,79,43,14,51,14,6,1.0
200700039348,7,7,31,1815,1,1,1,2,5087600,198100,3,2,0,0,1,1,0,97,1,0,1,0,56,50,6,29,21,2,18.0
200700039356,7,7,8,1745,1,1,8,1,5025300,249000,3,2,2,0,1,1,0,50,2,0,1,0,66,41,5,42,19,7,17.0
200700039358,7,7,19,1730,1,1,1,5,5035200,254900,3,2,2,0,1,1,0,76,1,0,1,0,58,37,5,37,16,4,17.0
200700039359,7,7,7,1900,1,1,1,3,5023700,211700,3,2,2,0,1,1,0,78,1,0,1,0,111,42,12,78,21,6,19.0
200700039375,7,7,17,1430,1,1,1,1,5022400,192100,3,2,2,0,1,1,0,76,1,0,1,0,64,34,2,40,22,2,14.0
200700039378,7,7,24,730,2,1,1,6,4976800,233300,3,2,2,0,2,2,0,65,2,0,3,0,46,21,1,35,10,2,7.0
200700039384,7,7,22,2000,1,1,1,3,4952400,358500,2,3,1,0,1,1,100,70,1,5,1,0,129,34,34,79,16,7,20.0
200700039385,7,7,23,915,1,1,3,7,4969100,371000,2,2,2,0,3,1,0,70,2,0,1,0,45,17,8,22,15,1,9.0
200700039386,7,7,30,1130,1,2,1,4,4969600,371200,2,2,2,0,1,1,0,0,1,0,1,0,70,40,6,38,26,1,11.0
200700039395,7,7,3,1200,1,1,1,1,4989900,362900,4,1,1,0,1,1,0,0,1,0,1,0,42,28,4,28,10,2,12.0
200700039418,7,7,5,745,1,1,2,1,4931800,236100,3,2,2,0,1,1,0,72,2,0,1,0,53,27,4,31,18,4,7.0
200700039420,7,7,28,200,3,1,2,7,4953000,240200,3,2,2,0,1,1,0,73,2,0,3,0,48,27,3,33,12,6,2.0
200700039439,7,7,25,1400,1,1,1,3,4923400,253900,2,2,1,0,1,1,0,60,1,5,1,0,37,34,4,23,10,3,14.0
200700039462,7,7,9,1700,1,2,1,1,4981300,64100,3,2,0,0,1,3,0,64,1,0,1,0,61,36,5,47,9,1,17.0
200700039474,7,7,4,15,3,1,1,6,4900800,144700,3,2,0,0,0,1,0,39,1,0,3,0,70,55,8,46,16,3,0.0
200700039489,7,7,10,1430,1,1,1,3,4910000,59900,4,2,1,0,2,1,0,31,1,0,1,0,58,30,2,39,17,2,14.0
200700039503,7,7,27,1815,1,1,1,6,4828700,179700,3,2,2,0,1,1,0,69,1,0,1,0,67,48,5,42,20,5,18.0
200700039544,7,7,16,1645,1,1,1,7,4858300,349300,3,2,2,0,1,1,0,80,1,5,3,0,48,33,5,29,14,1,16.0
200700039546,7,7,2,1315,1,1,1,1,4806000,466800,3,2,2,0,2,3,0,65,1,0,1,0,30,18,3,20,7,1,13.0
200700046439,7,8,4,1745,1,1,1,6,5053300,281100,9,0,0,0,1,0,0,0,1,0,1,0,87,51,9,61,17,6,17.0
200700046440,7,8,8,1645,1,1,1,6,5053700,280300,3,2,1,0,1,1,0,45,1,0,1,0,35,18,2,24,9,3,16.0
200700046441,7,8,17,500,3,9,1,6,5056600,289000,4,2,2,0,1,2,0,0,2,0,3,0,46,21,2,27,17,5,5.0
200700046442,7,8,21,2030,1,1,1,6,5046900,304200,3,2,0,0,1,1,0,0,1,0,1,0,59,29,6,31,22,2,20.0
200700046446,7,8,3,2245,5,1,1,1,5096200,229600,4,2,2,0,1,1,0,52,1,0,1,0,58,31,6,40,12,5,22.0
200700046448,7,8,10,1800,1,2,1,1,5090000,223900,3,2,2,0,1,1,56,53,1,5,1,0,71,28,8,43,20,5,18.0
200700046450,7,8,5,1145,1,1,1,1,5075700,245600,4,2,2,0,1,1,0,30,1,0,1,0,92,50,10,52,30,7,11.0
200700046463,7,8,1,1400,1,1,1,1,5011100,353800,2,2,0,0,3,0,0,0,0,0,0,0,47,28,5,27,15,3,14.0
200700046464,7,8,9,1300,1,2,2,3,5011200,352400,3,2,0,0,1,1,0,110,2,5,1,0,48,41,6,33,9,4,13.0
200700046466,7,8,15,2000,2,1,8,1,5026200,370200,4,0,0,0,3,0,0,30,1,0,1,0,42,31,3,26,13,3,20.0
200700046467,7,8,14,1030,1,1,1,6,5016900,402700,3,2,2,0,3,1,0,56,1,0,1,0,38,27,9,18,11,2,10.0
200700046469,7,8,13,1145,1,1,1,2,5026800,288000,3,2,2,0,2,1,0,83,1,0,1,0,54,43,4,36,14,1,11.0
200700046470,7,8,16,1145,1,1,8,1,5027900,281300,3,2,2,0,1,1,0,75,2,0,1,0,63,25,13,32,18,4,11.0
200700046471,7,8,18,1745,1,1,1,1,5071300,168700,3,2,2,0,2,1,0,72,1,0,1,0,90,59,4,54,32,6,17.0
200700046477,7,8,7,1400,1,9,7,3,5042800,181700,3,2,0,0,1,1,0,65,1,0,1,0,54,34,5,33,16,2,14.0
200700046479,7,8,2,915,1,1,1,1,5055600,207800,3,2,2,0,1,1,0,75,1,0,1,0,52,33,6,29,17,4,9.0
200700046481,7,8,22,2100,3,1,1,6,5024700,250900,3,0,0,0,0,1,0,56,0,0,3,0,36,32,5,24,7,3,21.0
200700046482,7,8,24,2245,3,1,1,6,4990100,248000,3,2,2,0,0,2,70,0,1,0,3,0,50,36,8,26,16,5,22.0
200700046493,7,8,6,245,4,1,1,6,4992800,296500,3,2,2,0,1,2,0,65,1,0,4,0,46,18,3,34,9,1,2.0
200700046496,7,8,20,930,1,1,1,6,4993600,294100,3,2,2,0,1,1,0,82,2,0,1,0,30,18,1,20,9,1,9.0
200700046498,7,8,26,2000,1,1,1,6,5003100,260900,3,2,2,0,0,1,0,60,1,0,4,0,60,42,9,42,9,7,20.0
200700046502,7,8,27,700,1,9,1,1,4973300,306700,3,3,2,0,1,1,0,0,1,0,1,0,42,22,4,30,8,1,7.0
200700046503,7,8,28,715,1,1,1,6,4961500,359900,3,3,2,0,1,1,0,0,1,0,4,0,45,14,3,30,12,2,7.0
200700046511,7,8,25,700,2,1,5,7,4918000,356100,3,2,2,0,4,3,0,63,9,0,0,0,75,39,7,38,30,6,7.0
200700046518,7,8,31,1930,1,9,1,2,4937300,336000,2,1,0,0,2,3,0,60,1,0,1,0,77,43,8,41,28,5,19.0
200700046520,7,8,19,2030,3,1,8,6,4939400,311600,3,2,2,0,2,3,0,60,2,0,1,0,70,47,3,53,14,7,20.0
200700046521,7,8,30,430,5,1,1,6,4923800,304400,3,2,0,0,0,2,0,25,1,0,1,0,48,42,1,29,18,4,4.0
200700046545,7,8,23,1845,1,1,2,3,4938000,253000,3,2,2,0,1,1,0,72,2,0,1,0,47,29,3,36,8,4,18.0
200700046564,7,8,11,1530,1,1,1,2,4922400,260700,3,2,0,0,1,1,0,0,1,0,1,0,58,35,7,32,19,6,15.0
200700046571,7,8,29,1645,1,1,1,7,4947000,95900,3,2,0,0,2,3,0,42,1,0,3,0,53,24,10,32,11,3,16.0
200700046593,7,8,12,2300,3,1,1,6,4979700,74300,4,2,0,0,1,1,0,23,1,0,3,0,61,30,8,41,12,7,23.0
200700052615,7,9,30,1145,1,1,1,2,5053500,280600,2,2,2,0,1,1,0,90,1,0,1,0,69,18,8,42,19,7,11.0
200700052616,7,9,16,1045,1,1,8,1,5052600,311400,3,2,2,0,1,1,0,90,1,0,1,0,74,29,5,42,27,7,10.0
200700052621,7,9,12,2130,3,1,1,6,5094600,249000,3,2,0,0,0,2,0,38,1,0,1,0,46,32,6,26,14,3,21.0
200700052626,7,9,18,700,2,1,8,6,5066900,272000,3,2,2,0,1,1,0,55,2,0,3,0,44,28,7,24,13,2,7.0
200700052629,7,9,21,1515,1,1,1,3,5027500,333400,3,2,2,0,1,1,0,85,1,0,1,0,53,42,7,36,10,5,15.0
200700052630,7,9,7,845,1,1,1,6,5047400,339900,3,2,2,1,1,0,0,64,1,0,1,3,46,23,8,23,15,5,8.0
200700052631,7,9,14,800,1,1,1,3,5013600,394000,2,3,2,0,2,1,41,124,1,0,1,0,69,57,8,41,20,5,8.0
200700052633,7,9,28,900,1,1,2,6,5025500,330100,3,0,0,0,0,0,0,0,0,0,0,0,79,40,12,43,24,5,9.0
200700052634,7,9,10,1745,1,1,1,1,5004900,315100,3,2,2,0,1,3,0,60,1,0,1,0,51,40,5,23,23,1,17.0
200700052638,7,9,22,1700,1,1,1,6,5048500,325200,3,2,0,2,1,2,0,60,1,0,4,0,65,27,5,48,12,6,17.0
200700052639,7,9,1,1930,1,1,1,1,5034300,379300,4,2,2,0,0,4,0,35,1,0,1,0,78,27,3,51,24,6,19.0
200700052640,7,9,2,1200,1,1,1,3,5025000,415300,3,2,0,0,0,1,0,40,1,0,1,0,77,45,11,45,21,7,12.0
200700052642,7,9,29,930,1,1,5,6,5030000,272000,3,2,2,0,1,3,0,103,2,3,3,0,64,47,6,47,11,6,9.0
200700052643,7,9,11,1945,1,4,1,1,5036500,279900,4,2,2,0,1,1,0,53,1,0,1,0,37,30,2,19,16,2,19.0
200700052644,7,9,15,1015,1,1,1,3,5032000,270500,3,0,2,0,1,1,0,60,1,0,1,0,93,91,11,58,24,6,10.0
200700052647,7,9,8,1945,2,1,1,3,5053900,240200,3,2,2,0,2,1,0,60,1,0,1,0,75,47,10,50,15,6,19.0
200700052648,7,9,13,1315,1,1,1,6,5062600,277400,3,2,0,0,1,1,0,78,1,6,1,3,57,47,5,32,20,4,13.0
200700052651,7,9,9,545,3,1,1,6,5080200,193500,3,2,2,0,1,1,0,70,1,0,3,0,65,39,6,42,17,7,5.0
200700052655,7,9,4,1630,1,1,1,5,5043900,268300,3,2,0,0,1,1,21,99,1,0,1,0,52,28,4,33,15,2,16.0
200700052662,7,9,17,2100,5,1,1,3,5064500,239700,4,2,0,0,1,1,0,0,1,0,1,0,34,19,5,22,7,1,21.0
200700052665,7,9,23,215,3,1,5,7,5054000,224300,3,2,0,0,0,1,0,60,2,0,1,0,62,24,11,35,16,7,2.0
200700052694,7,9,24,2100,5,1,1,3,4975400,307000,3,2,2,0,1,1,0,65,1,0,1,0,47,24,3,32,12,1,21.0
200700052695,7,9,6,1400,1,1,1,1,4952300,358400,3,2,0,0,1,1,0,0,1,0,1,0,43,32,2,26,15,4,14.0
200700052713,7,9,27,1800,2,1,3,3,4935200,309900,3,0,0,0,1,3,0,58,2,0,1,0,34,24,4,20,10,4,18.0
200700052757,7,9,20,2015,2,1,1,1,4919600,245200,9,2,1,1,0,1,0,32,1,0,1,0,40,24,4,25,11,4,20.0
200700052813,7,9,3,1945,1,1,1,1,4923700,86400,3,2,2,0,1,4,0,55,1,0,1,0,44,27,7,28,9,1,19.0
200700052846,7,9,19,1600,1,2,1,3,4861000,302500,3,2,2,0,0,1,0,120,1,5,1,0,38,21,4,25,9,3,16.0
200700052870,7,9,26,2130,3,1,8,4,4845700,437700,2,3,4,0,2,1,24,77,2,0,1,0,36,12,6,14,16,3,21.0
200700052871,7,9,25,1800,1,1,1,1,4846700,427100,9,3,0,1,2,2,0,20,1,0,5,0,34,23,3,25,6,2,18.0
200700052879,7,9,5,1445,1,1,1,1,4866700,410300,3,2,0,0,1,3,0,70,1,0,1,0,27,10,1,18,8,3,14.0
200700059919,7,10,26,1415,1,1,1,1,5051800,290900,4,2,0,0,1,3,0,47,1,0,1,0,60,33,6,32,22,5,14.0
200700059920,7,10,2,1345,1,1,1,3,5057100,293100,3,2,2,0,1,1,0,60,1,0,1,0,47,27,1,27,19,2,13.0
200700059921,7,10,16,800,2,1,1,2,5059700,293100,3,3,4,0,1,1,36,180,1,0,1,0,51,14,7,27,17,2,8.0
200700059922,7,10,22,715,5,1,1,1,5057600,293700,3,2,2,2,1,1,0,60,1,5,1,0,34,15,1,20,13,1,7.0
200700059923,7,10,23,645,2,1,1,3,5061600,295000,3,2,0,1,1,1,0,0,1,0,5,0,38,12,6,24,8,2,6.0
200700059924,7,10,18,1700,1,1,1,1,5056700,312600,3,2,2,1,0,1,0,60,1,0,5,0,36,14,1,28,7,4,17.0
200700059927,7,10,6,30,5,1,1,6,5089000,246700,3,2,2,1,1,1,70,0,1,0,1,0,60,27,7,42,11,6,0.0
200700059930,7,10,15,745,2,1,1,3,5013300,393800,2,2,0,0,3,2,0,87,1,5,1,0,44,25,4,27,13,1,7.0
200700059932,7,10,29,1600,1,1,1,1,5007700,377100,3,2,1,0,0,0,0,0,0,0,0,0,63,47,13,28,22,1,16.0
200700059933,7,10,14,1200,1,1,1,3,5013700,341800,2,0,0,0,1,1,0,0,1,5,1,0,57,34,10,33,14,7,12.0
200700059936,7,10,4,2245,3,1,1,7,5026600,317900,3,2,2,0,1,1,0,68,1,0,1,0,28,24,2,18,8,4,22.0
200700059938,7,10,20,1145,1,1,1,1,5032700,379500,3,2,2,0,2,1,50,0,1,0,1,0,65,44,6,39,20,6,11.0
200700059939,7,10,21,900,1,1,8,7,5021000,265300,3,2,2,0,1,1,0,60,7,0,1,0,43,20,2,23,18,7,9.0
200700059940,7,10,1,815,1,1,1,5,5037700,279900,2,3,2,0,1,3,33,78,2,0,1,0,45,22,3,25,17,1,8.0
200700059941,7,10,8,1145,1,2,1,3,5033500,271900,3,2,2,0,1,3,0,73,1,5,1,0,47,40,4,26,17,1,11.0
200700059946,7,10,9,900,1,1,1,6,5067000,183000,3,0,2,0,1,0,0,0,1,0,1,0,36,36,3,25,8,2,9.0
200700059948,7,10,24,545,5,1,1,3,5064400,174200,3,2,2,0,1,1,0,79,1,0,1,0,36,25,2,22,12,3,5.0
200700059949,7,10,13,1715,1,1,1,6,5084300,183300,3,2,2,0,2,1,0,65,1,0,3,0,37,15,9,18,10,6,17.0
200700059957,7,10,27,1815,1,2,1,3,5085400,203000,4,2,2,0,2,1,0,53,1,0,1,0,51,25,7,36,8,6,18.0
200700059961,7,10,28,1645,1,1,1,3,5036800,265300,3,2,2,0,2,1,0,60,1,0,1,0,56,26,1,38,17,7,16.0
200700059965,7,10,3,1445,1,1,1,6,4976300,217200,3,2,2,0,2,1,0,60,1,0,1,0,39,23,4,25,10,3,14.0
200700059967,7,10,30,1645,1,1,1,7,4996900,227400,3,2,2,0,3,3,0,60,1,0,3,0,29,20,4,15,10,2,16.0
200700059968,7,10,19,945,2,1,8,3,5007100,138700,3,2,2,0,1,1,0,90,2,5,1,0,52,24,3,28,21,5,9.0
200700059976,7,10,11,1815,1,1,1,5,4997200,282900,3,2,2,0,4,1,0,60,0,0,1,0,24,20,2,16,6,4,18.0
200700059979,7,10,17,800,1,1,1,1,4982800,276600,3,2,0,0,1,2,0,86,1,0,1,0,32,27,4,21,7,3,8.0
200700059985,7,10,12,515,3,1,5,1,4942600,387500,3,2,1,0,0,1,0,78,1,0,1,0,45,39,5,29,11,5,5.0
200700059993,7,10,7,1715,1,1,1,5,4992300,335900,3,2,0,0,1,1,0,66,1,0,1,0,63,27,8,41,14,7,17.0
200700060000,7,10,31,1500,1,1,1,3,4996100,404200,3,2,0,0,0,1,50,0,1,0,1,0,58,35,6,27,25,3,15.0
200700060072,7,10,5,730,2,1,5,6,4883800,91800,4,2,2,0,2,1,0,72,1,0,1,0,65,39,8,36,21,5,7.0
200700060127,7,10,10,1545,1,6,1,6,4863600,298400,3,2,2,3,1,2,0,60,1,5,1,0,27,13,4,11,12,3,15.0
200700060340,7,10,25,630,5,1,1,6,4504800,12900,3,1,1,0,0,1,0,85,1,0,1,0,32,20,4,20,8,4,6.0
200700068390,7,11,8,1020,1,1,1,2,4516303,452258,4,2,2,0,1,1,0,0,1,0,1,0,50,24,7,31,12,4,10.0
200700068391,7,11,12,1707,1,1,1,1,4517486,452209,4,2,0,0,2,4,0,0,2,0,1,99,34,22,7,19,8,1,17.0
200700068392,7,11,15,1208,1,1,1,3,4515574,452304,4,2,2,0,1,1,0,0,1,0,1,0,45,25,4,33,8,4,12.0
200700068393,7,11,16,910,1,1,1,6,4515279,452005,4,2,2,0,1,0,0,0,0,0,1,0,47,27,4,23,20,5,9.0
200700068394,7,11,17,1300,1,1,1,6,4514869,449172,4,2,2,0,0,1,0,70,1,0,1,0,58,21,7,35,16,6,13.0
200700068395,7,11,19,740,5,1,2,6,4515548,455634,4,2,2,0,1,1,0,0,2,0,1,0,33,21,5,23,5,1,7.0
200700068396,7,11,20,1330,1,1,1,6,4515627,452606,4,2,0,0,1,1,0,0,1,0,1,0,45,28,4,26,15,2,13.0
200700068398,7,11,21,1310,1,1,1,3,4515721,449461,4,2,2,0,1,1,0,0,1,0,1,3,47,36,7,30,10,3,13.0
200700068400,7,11,25,535,5,1,1,7,4516482,451786,4,2,2,0,1,1,0,0,1,0,1,99,44,18,3,29,12,7,5.0
200700068401,7,11,27,1345,1,1,1,6,4515118,453211,4,2,0,0,1,1,0,0,1,0,1,0,36,29,4,19,13,2,13.0
200700068402,7,11,28,1020,1,1,1,6,4516128,453408,4,1,2,0,2,1,0,0,1,0,1,99,43,30,6,21,16,3,10.0
200700068403,7,11,29,1838,5,2,2,3,4515775,451111,4,1,1,0,1,1,0,0,2,0,1,99,46,29,7,22,17,4,18.0
200700068404,7,11,30,500,5,1,2,6,4514324,449210,4,2,2,0,1,1,0,0,2,0,1,3,56,22,10,31,15,5,5.0
200700068409,7,11,9,710,2,1,1,1,4528121,478987,3,2,2,0,2,3,0,68,2,0,1,99,54,48,6,32,16,5,7.0
200700068413,7,11,23,1800,5,2,2,3,4554664,431641,4,2,0,0,1,3,0,0,2,5,1,99,63,36,7,34,22,5,18.0
200700068630,7,11,6,800,1,1,1,2,4385265,436122,4,2,2,0,1,1,0,56,1,0,1,99,24,18,2,16,6,2,8.0
200700068631,7,11,7,220,5,1,1,7,4382433,432698,2,1,1,0,1,3,0,40,1,0,1,99,44,30,8,23,13,3,2.0
200700068644,7,11,10,902,1,6,1,6,4383699,438770,4,1,2,1,1,3,0,80,1,5,1,99,71,40,9,47,15,6,9.0
200700068649,7,11,13,1215,1,2,1,3,4384068,437117,4,1,0,0,0,1,0,40,1,0,1,0,32,26,4,21,7,2,12.0
200700068658,7,11,22,857,1,1,2,1,4384848,443834,4,2,2,0,1,2,0,92,2,0,1,99,49,17,6,29,14,4,8.0
200700068666,7,11,24,1522,1,1,1,4,4384006,436322,4,1,2,0,1,1,0,0,1,0,1,99,45,19,6,27,12,6,15.0
200700068672,7,11,26,750,1,1,1,5,4383712,436586,4,2,2,0,1,1,0,82,1,0,1,99,39,36,3,27,9,1,7.0
200700068943,7,11,2,1911,5,1,1,3,4364142,384325,4,2,4,0,1,1,0,120,1,0,1,99,43,24,1,27,15,5,19.0
200700069157,7,11,14,1220,1,1,2,1,4123456,345699,4,2,2,0,2,3,0,57,2,2,1,99,43,23,2,29,12,3,12.0
200700072908,7,11,3,1030,1,1,1,3,5087000,248600,3,2,0,0,0,1,65,0,1,0,1,0,64,35,10,32,22,6,10.0
200700072912,7,11,1,415,3,1,1,6,5081000,266400,3,2,2,0,1,3,70,0,1,0,3,0,35,37,3,21,11,4,4.0
200700072943,7,11,4,1400,1,1,1,3,5022200,257900,2,2,2,0,1,1,0,53,1,5,1,0,47,22,7,23,17,7,14.0
200700072944,7,11,11,1100,1,2,1,1,5023400,245300,3,2,0,0,1,1,0,80,1,0,1,0,51,32,5,28,18,7,11.0
200700073010,7,11,18,815,1,1,9,1,4942400,301000,3,2,2,0,0,4,0,50,7,0,1,0,49,17,5,34,10,7,8.0
200700073025,7,11,5,1730,1,1,1,1,4979300,99200,3,0,1,0,2,4,0,44,1,0,0,0,46,25,3,28,15,1,17.0
200700074538,7,12,16,1145,1,1,1,6,5053700,292900,3,2,2,0,1,1,0,61,1,0,1,0,42,22,4,31,7,7,11.0
200700074539,7,12,1,1800,3,1,2,1,5057000,284900,3,2,0,1,1,1,0,0,2,0,5,0,61,24,13,39,9,6,18.0
200700074541,7,12,8,815,1,1,3,6,5062100,296800,3,2,2,0,1,1,0,0,2,0,1,0,98,38,9,54,35,6,8.0
200700074543,7,12,2,645,3,1,1,1,5056900,313800,3,2,0,0,1,1,0,70,1,0,1,0,44,27,5,26,13,7,6.0
200700074550,7,12,30,830,1,1,7,1,5085100,257300,3,2,0,0,0,3,0,69,2,0,1,0,57,28,3,21,33,7,8.0
200700074551,7,12,9,2030,3,1,1,1,5083200,248000,3,2,0,0,0,1,0,0,2,0,1,0,72,39,9,38,25,7,20.0
200700074553,7,12,15,900,1,1,9,1,5053800,320500,3,2,2,0,1,3,0,60,7,0,1,0,43,18,3,33,7,6,9.0
200700074554,7,12,19,800,2,1,9,6,5057500,321200,3,2,2,0,1,1,0,40,7,0,1,0,39,22,2,28,9,3,8.0
200700074556,7,12,14,1700,2,1,1,3,5048700,347900,4,2,1,0,1,1,0,47,1,0,1,3,59,29,6,30,23,5,17.0
200700074557,7,12,24,1830,3,1,9,1,5047500,348900,3,2,0,2,1,2,0,65,7,0,1,0,41,29,5,22,14,1,18.0
200700074560,7,12,4,1715,2,9,2,1,5013100,385800,3,2,0,0,3,1,74,74,2,0,1,0,37,23,4,22,11,2,17.0
200700074561,7,12,25,1845,5,1,1,7,5006500,410300,3,2,2,0,1,2,0,80,2,0,1,0,19,7,1,12,6,2,18.0
200700074563,7,12,12,1800,3,1,9,5,5011200,320800,3,2,2,0,2,3,0,65,2,0,1,0,39,27,5,24,10,3,18.0
200700074564,7,12,17,1930,3,1,1,5,5010900,320700,3,2,2,0,2,3,0,71,1,0,1,0,30,18,4,14,12,1,19.0
200700074565,7,12,26,1445,1,1,5,1,5016700,314000,3,2,2,0,1,1,0,70,2,0,1,0,39,8,4,21,14,3,14.0
200700074568,7,12,20,1630,2,1,9,3,5023100,359500,3,2,2,0,2,3,0,53,2,0,1,0,38,35,4,27,7,4,16.0
200700074572,7,12,11,1115,1,1,7,1,5019600,281800,3,2,0,0,1,1,0,66,1,0,1,0,42,25,5,20,17,2,11.0
200700074573,7,12,5,1800,5,1,1,6,5063700,277000,3,2,0,0,0,1,0,80,1,0,1,0,43,20,3,27,13,3,18.0
200700074574,7,12,23,600,3,1,1,1,5063000,268900,3,2,2,0,1,1,0,0,2,0,1,0,53,20,4,25,24,7,6.0
200700074576,7,12,28,2215,3,1,6,7,5044100,255400,3,2,2,0,1,4,0,65,2,0,1,0,40,21,7,22,11,5,22.0
200700074584,7,12,13,1615,1,2,1,3,5088100,209400,3,2,2,0,1,1,121,0,1,5,1,0,51,29,6,28,17,4,16.0
200700074585,7,12,22,1445,1,1,7,1,5061200,209600,3,2,2,0,1,3,0,67,2,0,1,0,56,40,8,28,20,6,14.0
200700074591,7,12,3,2000,3,1,2,1,5035400,253300,3,2,2,0,2,1,0,35,2,0,1,0,41,25,13,22,6,1,20.0
200700074596,7,12,21,1200,1,1,9,6,4984600,217800,3,2,0,0,0,2,0,50,7,0,1,0,79,38,13,37,29,5,12.0
200700074597,7,12,31,1400,1,1,1,1,4995800,205200,3,2,2,0,4,1,0,0,1,0,1,0,37,27,2,22,13,1,14.0
200700074599,7,12,10,2115,3,1,1,1,4998000,231000,2,2,2,0,3,3,0,70,2,0,1,0,35,30,6,21,8,1,21.0