Num_Acc,an,mois,jour,hrmn,lum,int,atm,col,lat,long,catr,circ,nbv,vosp,prof,plan,lartpc,larrout,surf,infra,situ,env1,sum,unscathed,killed,hospital,light,week,time
200500010483,5,2,11,1500,1,1,2,3,5082700,178300,4,2,0,0,3,2,0,0,2,5,1,0,78,45,6,31,41,5,15.0
200500010486,5,2,6,1915,2,1,1,1,5044700,264500,3,2,0,0,1,1,0,40,1,0,1,0,47,23,3,17,27,7,19.0
200500010492,5,2,19,2145,3,1,1,6,5055500,188800,3,2,2,0,0,1,0,31,1,0,3,0,79,42,7,28,44,6,21.0
200500010497,5,2,9,645,5,1,1,6,5072600,217200,2,2,2,0,0,1,0,43,1,0,1,0,41,33,3,18,20,3,6.0
200500010498,5,2,13,100,3,1,1,6,5040500,245000,3,2,2,0,1,2,0,59,0,0,1,0,111,33,10,35,66,7,1.0
200500010503,5,2,7,1745,1,1,1,1,5024700,226300,3,2,0,0,1,1,0,62,1,0,1,0,44,24,5,14,25,1,17.0
200500010504,5,2,14,2300,3,1,4,7,5047100,233100,3,2,0,0,1,2,0,48,2,0,3,0,39,22,1,16,22,1,23.0
200500010511,5,2,26,500,1,1,5,6,4977900,217400,3,2,2,0,1,2,0,60,1,0,1,0,36,24,2,11,23,6,5.0
200500010515,5,2,8,1330,1,1,1,6,5004000,177000,3,2,2,0,1,2,0,0,1,0,3,0,30,16,4,10,16,2,13.0
200500010522,5,2,17,645,5,1,8,6,5016100,155500,3,2,2,0,1,3,0,70,2,0,1,0,36,23,2,10,24,4,6.0
200500010531,5,2,21,815,1,1,8,1,4996800,270000,3,2,0,0,1,1,0,60,7,0,1,0,51,25,3,15,33,1,8.0
200500010532,5,2,23,1200,1,1,1,6,4973200,307400,3,2,2,0,1,1,0,65,1,0,1,0,30,21,3,9,18,3,12.0
200500010546,5,2,27,1600,1,1,1,1,4936100,329400,9,2,1,0,1,4,54,54,1,0,1,0,54,34,4,28,22,7,16.0
200500010547,5,2,5,200,3,1,1,6,4923100,297600,2,2,2,0,1,1,0,75,1,0,1,0,53,28,15,20,18,6,2.0
200500010553,5,2,2,1430,1,1,2,3,4971300,408800,3,2,0,0,1,1,0,70,2,0,1,0,46,19,8,15,23,3,14.0
200500010572,5,2,4,1400,1,1,1,3,4965000,231200,3,2,0,0,2,1,0,60,1,0,1,0,47,43,4,14,29,5,14.0
200500010644,5,2,24,445,3,1,9,6,4782000,-159000,3,2,0,0,1,1,0,0,7,0,0,0,30,17,2,6,22,4,4.0
200500010656,5,2,12,1045,1,1,2,3,4844000,-242600,3,2,2,0,1,1,0,68,2,5,1,0,42,18,3,13,26,6,10.0
200500010703,5,2,1,30,3,1,1,6,4919000,-88000,3,2,2,0,1,1,0,60,1,0,3,0,34,34,4,10,20,2,0.0
200500010744,5,2,15,1715,2,1,2,1,4875900,-98400,3,2,2,0,2,3,0,51,2,0,1,0,39,18,3,10,26,2,17.0
200500012072,5,3,22,2230,3,1,1,6,5057600,288600,3,2,2,0,1,3,0,60,1,0,3,0,42,26,4,19,19,2,22.0
200500012073,5,3,11,730,1,3,1,3,5057500,293700,3,2,0,0,1,1,0,70,1,0,1,0,39,20,2,9,28,5,7.0
200500012074,5,3,18,2115,5,1,1,6,5054200,307900,3,2,0,1,0,1,0,70,1,0,1,0,72,43,4,20,48,5,21.0
200500012075,5,3,21,1015,1,1,7,6,5053700,317400,3,2,0,0,1,1,0,60,1,6,1,0,43,27,3,18,22,1,10.0
200500012076,5,3,31,2300,5,1,1,1,5053200,316900,3,2,2,0,1,1,0,50,1,0,1,0,34,20,5,12,17,4,23.0
200500012078,5,3,20,2015,5,1,1,6,5100400,233800,9,2,2,0,1,1,0,56,1,0,4,0,85,55,9,35,41,7,20.0
200500012080,5,3,8,1330,1,1,1,1,5102000,248000,4,2,1,0,0,4,0,39,1,0,1,0,26,13,4,8,14,2,13.0
200500012081,5,3,24,1730,1,2,1,5,5089400,240300,3,2,2,0,0,1,175,0,2,5,1,0,42,24,3,11,28,4,17.0
200500012082,5,3,30,1345,1,1,7,2,5090800,245700,3,2,1,0,1,1,0,0,1,0,1,0,31,19,2,13,16,3,13.0
200500012086,5,3,13,600,2,1,8,6,5063500,270200,3,2,0,0,0,4,0,60,2,0,4,0,57,22,7,22,28,7,6.0
200500012087,5,3,5,2300,3,1,9,6,5077100,242900,3,2,0,0,1,1,70,70,7,0,3,0,49,26,8,15,26,6,23.0
200500012088,5,3,1,730,2,1,4,7,5061300,317000,3,2,2,1,1,1,0,0,5,0,3,0,34,19,6,9,19,2,7.0
200500012093,5,3,28,1730,1,1,1,3,5048500,324600,3,4,2,1,2,1,0,65,1,0,5,0,43,31,3,12,28,1,17.0
200500012095,5,3,3,1930,3,1,4,1,5012600,294500,2,2,2,0,1,1,0,76,7,0,1,0,46,12,2,17,27,4,19.0
200500012096,5,3,12,2230,3,1,1,3,5038500,271800,3,2,0,0,1,1,0,65,1,0,1,0,48,33,3,16,29,6,22.0
200500012101,5,3,17,1245,1,1,8,6,5096800,194000,3,2,2,0,1,1,0,0,1,0,1,0,53,33,4,18,31,4,12.0
200500012103,5,3,25,1430,1,9,1,1,5051400,213300,3,2,2,3,3,1,32,71,1,0,1,0,46,39,3,17,26,5,14.0
200500012104,5,3,26,1200,1,9,1,1,5047300,221800,3,2,2,0,1,1,0,63,1,0,1,0,55,41,4,14,37,6,12.0
200500012107,5,3,19,1645,1,1,1,1,5064600,226200,3,2,2,0,2,1,0,67,1,0,3,0,88,45,6,33,49,6,16.0
200500012110,5,3,14,1015,2,1,1,1,5067500,219500,3,2,0,0,1,1,0,70,1,0,1,0,31,21,4,14,13,1,10.0
200500012112,5,3,2,415,3,1,4,7,5034100,262200,2,2,2,0,1,1,0,74,7,0,3,0,38,20,2,11,25,3,4.0
200500012113,5,3,16,1645,1,1,1,3,5040400,209800,4,2,0,0,1,1,0,48,1,0,1,0,37,18,5,13,19,3,16.0
200500012125,5,3,4,1000,1,1,4,1,5000300,210200,2,2,2,0,1,1,0,60,7,0,1,0,75,26,7,20,48,5,10.0
200500012137,5,3,23,615,2,2,1,1,4994000,268000,3,2,2,0,1,0,0,60,1,5,1,0,65,48,6,20,39,3,6.0
200500012139,5,3,29,900,1,2,1,3,4980100,291000,3,2,0,0,0,3,0,71,1,5,1,0,45,40,5,17,23,2,9.0
200500012148,5,3,27,1530,1,1,1,1,4961400,380600,3,2,2,0,1,3,0,60,1,0,1,0,73,47,2,22,49,7,15.0
200500012154,5,3,9,1415,1,6,1,3,4940200,332700,3,2,2,0,1,1,0,0,1,0,1,0,32,13,5,14,13,3,14.0
200500012167,5,3,10,2045,3,6,1,7,4942400,200900,2,2,2,0,4,1,0,83,1,5,3,0,35,26,2,13,20,4,20.0
200500012177,5,3,7,800,1,1,1,1,4967800,225000,2,2,0,0,1,1,0,73,7,0,1,0,34,12,3,13,18,1,8.0
200500012180,5,3,15,900,1,1,1,7,4951100,243500,3,0,0,0,1,1,0,0,1,0,1,0,33,17,6,7,20,2,9.0
200500012293,5,3,6,1600,1,1,1,3,4814500,-124400,3,2,2,0,1,1,0,60,1,0,1,0,45,24,5,20,20,7,16.0
200500022730,5,4,1,1630,1,1,1,1,5052200,290000,4,2,2,0,1,1,0,49,1,0,1,3,84,43,3,32,49,5,16.0
200500022731,5,4,2,2230,5,1,1,3,5051800,291500,4,2,0,0,1,0,0,60,1,0,1,0,71,48,5,22,44,6,22.0
200500022732,5,4,14,1245,1,1,8,6,5047000,314000,3,2,2,0,1,2,0,65,1,0,0,0,39,23,6,5,28,4,12.0
200500022733,5,4,19,1830,1,1,1,1,5049800,304700,3,2,2,0,1,1,0,54,1,0,1,0,46,30,6,19,21,2,18.0
200500022734,5,4,3,1715,1,1,1,2,5094700,238100,3,2,0,0,1,1,0,60,1,0,1,0,59,19,3,26,30,7,17.0
200500022739,5,4,9,2345,5,1,1,7,5064600,272300,3,2,2,0,2,3,0,60,1,2,1,0,51,28,4,23,24,6,23.0
200500022741,5,4,13,1345,1,1,2,6,5082400,247300,3,2,2,0,0,2,0,75,2,0,1,0,18,13,2,6,10,3,13.0
200500022743,5,4,5,1245,1,1,1,5,5058900,314100,3,2,0,0,2,2,0,80,1,0,1,0,46,24,3,14,29,2,12.0
200500022744,5,4,6,1830,1,1,2,1,5053500,321900,3,2,2,0,1,1,0,58,2,0,1,0,37,15,10,10,17,3,18.0
200500022745,5,4,7,845,1,1,1,1,5011600,395800,4,2,2,0,4,3,0,68,1,0,1,0,34,19,5,12,17,4,8.0
200500022750,5,4,27,1915,1,1,7,1,5019200,401600,4,2,2,0,3,3,0,41,1,0,1,0,49,29,5,16,28,3,19.0
200500022751,5,4,15,1730,1,1,1,1,5029500,275600,9,2,0,1,1,1,0,0,1,0,1,0,54,28,5,17,32,5,17.0
200500022753,5,4,18,1800,1,1,1,7,5039400,274500,9,2,2,0,2,1,0,0,1,0,1,0,47,18,4,18,25,1,18.0
200500022755,5,4,11,1945,1,1,1,3,5062400,277500,3,2,2,0,1,3,0,65,1,0,4,0,39,34,3,18,18,1,19.0
200500022756,5,4,17,1445,1,1,1,6,5057100,278500,3,2,2,0,1,1,0,0,1,0,1,0,45,23,3,14,28,7,14.0
200500022760,5,4,25,1315,1,1,1,1,5067100,160100,4,2,0,0,1,3,0,58,1,0,1,0,51,25,5,17,29,1,13.0
200500022761,5,4,10,945,1,1,1,1,5091200,193700,2,2,2,0,1,1,0,70,1,0,1,0,26,15,3,9,14,7,9.0
200500022762,5,4,23,845,1,1,1,1,5079200,194600,3,2,2,0,1,1,0,56,1,0,1,0,35,18,6,12,17,6,8.0
200500022766,5,4,30,330,3,1,1,6,5064600,241600,4,2,2,0,0,2,0,60,1,0,1,0,95,56,8,38,49,6,3.0
200500022774,5,4,22,830,1,1,1,1,5042300,236900,3,2,2,0,0,2,0,66,1,0,1,0,73,38,4,29,40,5,8.0
200500022787,5,4,20,1130,1,9,8,1,5009700,155800,3,2,0,0,1,1,0,81,1,0,1,0,29,16,4,13,12,3,11.0
200500022795,5,4,24,1615,1,1,3,6,4980800,252400,3,1,2,0,1,1,0,74,2,0,3,0,65,36,11,26,28,7,16.0
200500022819,5,4,12,1500,1,1,1,6,4999000,345600,4,1,2,0,1,2,0,0,1,5,1,0,35,34,1,9,25,2,15.0
200500022822,5,4,28,1700,1,1,1,6,4995200,344600,3,2,2,0,0,2,0,0,1,0,3,0,41,27,3,16,22,4,17.0
200500022828,5,4,29,1300,1,1,1,6,4925800,310300,3,2,1,0,0,1,0,61,1,0,3,0,56,37,4,25,27,5,13.0
200500022884,5,4,26,1215,1,1,1,1,4928100,285600,4,2,2,0,2,4,0,55,1,0,1,0,41,24,1,9,31,2,12.0
200500022892,5,4,16,1600,1,1,1,6,4939400,89500,9,2,2,0,1,2,0,30,1,0,3,0,59,35,6,18,35,6,16.0
200500022893,5,4,21,1100,1,1,1,1,4951100,88100,3,2,2,0,1,2,0,52,1,0,1,0,34,13,7,16,11,4,11.0
200500022910,5,4,4,2115,3,1,2,7,4962700,85200,3,2,2,0,0,3,0,65,2,0,3,0,31,26,6,10,15,1,21.0
200500022912,5,4,8,1345,1,1,1,7,4901300,97600,3,2,2,0,1,3,0,52,1,0,1,0,47,32,1,14,32,5,13.0
200500024661,5,5,27,1,5,1,1,1,5050800,289400,4,2,0,0,1,3,0,50,1,0,1,0,85,53,8,41,36,5,0.0
200500024663,5,5,9,900,5,1,1,6,5058000,311000,3,2,0,0,1,1,0,105,1,0,3,0,52,36,4,14,34,1,9.0
200500024664,5,5,19,800,1,1,1,7,5049100,301900,3,2,2,0,1,1,0,0,1,0,1,0,61,39,7,19,35,4,8.0
200500024665,5,5,4,1900,1,2,3,3,5097300,257200,3,2,2,0,1,1,0,63,2,0,1,0,51,27,4,22,25,3,19.0
200500024666,5,5,21,1415,1,2,1,3,5085100,233400,3,2,2,0,2,1,0,60,1,0,1,0,76,31,6,24,46,6,14.0
200500024667,5,5,31,1915,1,1,1,7,5088000,247500,3,2,2,0,1,1,0,65,1,0,3,0,58,13,5,24,29,2,19.0
200500024670,5,5,2,1715,1,1,1,3,5070300,277800,4,2,2,0,1,1,0,40,1,0,1,0,60,36,10,24,26,1,17.0
200500024671,5,5,12,1730,1,1,1,3,5082300,248600,3,2,2,0,0,3,0,0,1,0,1,0,47,23,6,15,26,4,17.0
200500024674,5,5,15,1900,1,1,1,1,5031900,326300,3,2,0,0,1,1,0,55,1,0,1,0,69,35,6,22,41,7,19.0
200500024675,5,5,26,1230,1,1,1,6,5028600,332100,3,2,0,0,1,1,0,0,1,0,1,0,50,23,7,22,21,4,12.0
200500024678,5,5,22,1815,1,1,1,6,5012700,341200,3,2,0,0,1,0,0,0,1,0,1,0,80,38,8,26,46,7,18.0
200500024689,5,5,28,1700,1,1,1,2,5068800,163100,2,3,2,0,1,1,0,0,1,0,1,0,78,36,3,27,48,6,17.0
200500024693,5,5,25,1815,1,1,1,3,5041200,164700,3,4,0,0,1,0,0,0,1,5,1,0,56,39,4,19,33,3,18.0
200500024698,5,5,10,1945,1,1,1,6,5056000,203000,3,2,2,0,1,2,0,60,1,0,1,0,35,28,5,13,17,2,19.0
200500024700,5,5,16,430,3,1,1,3,5080100,212900,2,2,2,0,1,1,0,70,1,5,1,0,55,27,7,21,27,1,4.0
200500024701,5,5,1,1700,1,1,1,1,5087000,215000,4,2,1,0,1,1,0,36,1,0,1,0,90,47,8,36,46,7,17.0
200500024711,5,5,7,1915,1,1,1,1,5036400,207000,3,2,0,0,1,3,0,70,1,0,1,0,55,26,3,20,32,6,19.0
200500024713,5,5,23,1645,1,1,1,3,5040100,210600,3,2,2,0,1,1,0,62,1,0,1,0,53,73,9,12,32,1,16.0
200500024721,5,5,29,1800,1,2,2,5,4999000,236000,3,2,2,0,4,1,0,70,2,5,1,0,91,50,5,40,46,7,18.0
200500024726,5,5,5,2245,5,1,1,6,5009200,147400,4,2,0,0,1,1,0,61,1,0,4,0,53,27,7,19,27,4,22.0
200500024733,5,5,18,815,1,1,7,3,5027000,166000,4,2,2,0,1,1,50,0,1,0,1,0,43,25,2,20,21,3,8.0
200500024740,5,5,20,630,2,1,8,6,5016600,235600,2,2,2,0,4,2,0,0,2,0,1,0,66,45,3,23,40,5,6.0
200500024744,5,5,14,1430,1,1,3,1,4977500,233100,3,2,2,0,3,0,0,62,2,0,1,0,89,38,12,25,52,6,14.0
200500024745,5,5,17,1900,1,1,1,6,4971900,224900,2,2,2,0,3,1,0,75,1,0,3,0,45,39,4,16,25,2,19.0
200500024762,5,5,13,2345,3,1,2,6,4912000,358000,3,2,1,0,2,1,0,60,2,0,3,0,45,35,4,19,22,5,23.0
200500024773,5,5,24,1215,1,1,1,7,4937000,310000,3,2,0,0,0,1,0,58,1,0,1,0,47,35,5,20,22,2,12.0
200500024783,5,5,6,1730,1,1,1,2,4944000,190200,2,0,0,0,1,1,0,96,1,5,1,0,46,41,5,20,21,5,17.0
200500024792,5,5,30,800,1,1,2,1,4920100,220600,4,2,2,0,1,1,0,50,2,0,1,0,56,28,4,20,32,1,8.0
200500024899,5,5,8,1515,1,1,1,2,4780900,-159100,3,2,2,0,2,1,60,0,1,0,1,0,55,53,8,11,36,7,15.0
200500024900,5,5,11,1800,1,1,1,7,4788000,-168000,3,2,1,0,2,1,0,0,1,0,1,0,38,29,4,20,14,3,18.0
200500024936,5,5,3,1845,1,9,1,1,4803900,-424500,3,2,2,0,1,1,0,106,1,5,1,0,27,17,2,8,17,2,18.0
200500037581,5,6,16,1515,1,1,1,3,5053500,293900,3,2,2,0,1,1,0,62,1,0,1,0,56,34,6,25,25,4,15.0
200500037582,5,6,4,1015,1,1,2,6,5053500,280300,2,1,2,0,1,1,0,50,2,0,1,0,79,47,12,34,33,6,10.0
200500037583,5,6,13,1300,1,8,1,3,5055100,287700,4,2,2,0,1,1,0,64,1,4,1,0,46,23,6,24,16,1,13.0
200500037584,5,6,18,1030,1,1,1,1,5053500,281900,3,2,0,0,1,1,0,60,1,5,1,0,79,50,8,44,27,6,10.0
200500037585,5,6,20,1945,1,1,1,1,5059100,289000,3,2,0,0,1,1,0,85,1,0,1,0,60,33,7,31,22,1,19.0
200500037586,5,6,21,930,1,1,1,2,5060500,284400,3,2,2,0,1,1,0,65,1,0,1,0,58,35,3,27,28,2,9.0
200500037587,5,6,24,2045,1,1,1,7,5058200,290400,3,2,2,0,1,2,0,74,1,0,1,0,79,43,9,41,29,5,20.0
200500037591,5,6,2,1300,1,1,1,6,5055900,314000,9,1,1,0,1,0,0,0,1,0,1,0,53,41,4,30,19,4,13.0
200500037596,5,6,28,1715,1,3,1,3,5048900,304700,3,0,3,0,1,1,0,0,1,0,1,0,43,22,8,17,18,2,17.0
200500037599,5,6,8,1930,1,1,1,3,5091000,245000,3,2,0,0,1,1,0,70,1,0,1,0,66,32,5,35,26,3,19.0
200500037600,5,6,10,1300,1,1,1,3,5087000,247000,3,2,2,0,1,1,120,0,1,0,1,0,90,54,7,34,49,5,13.0
200500037602,5,6,17,1630,1,1,1,5,5087000,242000,3,2,0,0,1,1,0,68,1,0,1,0,74,42,6,38,30,5,16.0
200500037606,5,6,27,1400,1,1,1,3,5069400,271400,3,2,0,0,1,1,0,83,1,0,1,0,58,16,5,26,27,1,14.0
200500037608,5,6,25,815,1,1,1,7,5078900,256400,3,0,2,0,1,1,0,75,1,0,3,0,88,26,10,43,35,6,8.0
200500037609,5,6,15,1715,1,1,1,1,5061800,324600,3,2,2,0,1,1,0,0,1,0,1,0,61,36,6,22,33,3,17.0
200500037613,5,6,9,1745,1,1,7,1,5013000,369000,3,2,0,0,1,1,0,0,1,0,1,0,49,20,3,23,23,4,17.0
200500037614,5,6,12,2345,3,1,1,7,5002700,409600,3,2,2,0,1,2,0,65,1,0,1,0,95,56,8,42,45,7,23.0
200500037617,5,6,19,1745,1,1,1,6,5017600,346100,3,0,1,0,1,2,0,0,1,0,1,0,79,46,3,47,29,7,17.0
200500037628,5,6,7,1445,1,1,1,6,5018500,246500,2,2,0,0,1,1,0,0,1,0,3,0,55,29,4,25,26,2,14.0
200500037642,5,6,11,2000,1,1,1,1,5044800,162000,4,2,2,0,1,3,0,43,1,0,1,0,67,45,6,34,27,6,20.0
200500037654,5,6,6,1015,1,1,1,1,4990600,199100,3,2,2,0,3,1,71,0,1,0,1,0,47,19,5,18,24,1,10.0
200500037671,5,6,23,945,1,3,1,3,5020500,175500,3,2,0,0,1,1,0,64,1,0,1,0,42,26,5,15,22,4,9.0
200500037672,5,6,26,1630,1,2,1,1,5014400,152000,3,2,2,0,1,1,0,68,1,0,1,0,88,50,10,48,30,7,16.0
200500037681,5,6,30,745,1,1,1,2,4977900,260400,3,3,0,0,1,1,50,75,1,0,3,0,56,27,11,26,19,4,7.0
200500037688,5,6,1,1530,1,1,1,1,4998400,262300,3,2,2,0,1,1,0,67,1,5,1,0,59,32,7,26,26,3,15.0
200500037719,5,6,22,415,2,1,1,1,4996900,383800,2,2,2,0,1,1,0,76,1,0,1,0,49,32,3,25,21,3,4.0
200500037720,5,6,3,430,5,1,1,6,4992000,407000,3,2,2,0,1,1,0,65,1,0,3,0,55,32,3,19,33,5,4.0
200500037726,5,6,14,1200,1,1,7,6,4937300,199900,3,2,2,0,1,1,0,56,1,0,1,0,41,28,3,20,18,2,12.0
200500037730,5,6,5,1130,1,2,1,3,4922600,191600,3,2,2,0,0,1,0,57,1,0,1,0,77,37,6,28,43,7,11.0
200500037743,5,6,29,2200,2,1,1,7,4931600,235800,3,2,2,0,2,2,0,84,1,0,1,0,54,21,8,19,27,3,22.0
200500040498,5,7,8,845,1,1,2,1,5058100,290300,3,2,2,0,1,3,0,62,2,0,1,0,64,31,11,38,15,5,8.0
200500040499,5,7,9,915,1,1,1,7,5059100,285000,3,2,0,0,1,1,0,48,1,0,3,0,64,45,4,37,23,6,9.0
200500040500,5,7,25,1700,1,8,1,3,5055200,287700,4,2,0,0,1,1,0,64,1,4,1,0,39,32,3,24,12,1,17.0
200500040506,5,7,17,500,2,1,1,7,5094500,215200,3,2,2,0,1,2,0,50,1,0,3,0,60,32,10,29,21,7,5.0
200500040510,5,7,30,2000,1,1,1,3,5073400,242200,2,2,2,0,1,2,0,70,1,0,1,0,68,44,5,43,20,6,20.0
200500040513,5,7,29,1215,1,8,1,2,5068700,286300,3,2,2,0,1,1,0,79,1,4,1,0,88,29,10,49,29,5,12.0
200500040515,5,7,13,1845,1,1,1,6,5061800,318900,4,2,0,0,1,1,0,0,1,0,1,0,57,45,8,32,17,3,18.0
200500040518,5,7,16,1400,1,1,1,1,5048500,345500,4,2,1,0,1,1,0,0,1,0,1,0,53,36,2,30,21,6,14.0
200500040519,5,7,20,1915,1,1,1,1,5014100,398000,4,2,2,0,1,1,0,33,2,0,1,0,43,35,4,24,15,3,19.0
200500040521,5,7,3,2200,2,1,1,6,5008200,393000,2,2,2,0,3,1,0,73,1,0,1,0,82,48,12,34,36,7,22.0
200500040535,5,7,1,2130,1,1,1,1,5025700,409200,3,2,2,0,1,1,0,680,1,0,1,0,58,41,7,30,21,5,21.0
200500040538,5,7,26,1630,1,1,2,3,5021400,275800,3,2,2,0,1,1,0,105,1,0,1,0,44,33,3,23,18,2,16.0
200500040550,5,7,27,1015,1,1,8,6,5081100,173400,3,2,2,0,1,1,0,65,1,0,1,0,67,31,8,36,23,3,10.0
200500040551,5,7,23,2330,3,3,1,3,5050200,181800,3,2,2,0,1,1,0,45,1,0,1,0,69,46,8,43,18,6,23.0
200500040555,5,7,19,1140,1,1,1,6,5051500,164400,2,2,2,0,1,2,0,0,1,0,1,0,55,35,6,38,11,2,11.0
200500040572,5,7,15,1930,1,1,1,3,5022800,210100,3,3,2,0,1,2,35,100,1,5,1,0,55,32,11,28,16,5,19.0
200500040574,5,7,14,330,3,1,5,7,5034000,213000,3,2,0,0,1,1,0,67,1,0,1,0,71,52,9,30,32,4,3.0
200500040575,5,7,18,30,3,1,1,1,5042500,205600,3,1,0,0,1,2,0,78,1,0,3,0,49,23,3,22,24,1,0.0
200500040584,5,7,6,1915,1,1,1,6,5006200,167300,3,0,0,0,0,1,0,65,1,0,1,0,59,21,7,28,24,3,19.0
200500040593,5,7,21,730,1,1,1,6,5033500,175000,2,2,0,0,2,1,0,77,1,0,3,0,50,24,8,32,10,4,7.0
200500040621,5,7,22,1445,1,1,1,6,4952600,337600,3,2,2,0,2,2,0,54,1,0,1,0,69,42,7,30,32,5,14.0
200500040623,5,7,2,1745,1,2,1,3,4957500,389600,3,2,2,0,1,1,0,71,1,0,1,0,93,35,9,46,38,6,17.0
200500040628,5,7,11,1345,1,1,1,1,4919900,315400,3,2,2,0,1,3,0,48,1,0,1,0,38,27,4,22,12,1,13.0
200500040659,5,7,5,1045,1,1,1,3,4963500,241200,3,2,2,0,1,1,0,0,1,5,1,0,58,35,5,34,19,2,10.0
200500040670,5,7,12,2100,1,1,1,6,4957000,287600,3,2,2,0,1,1,0,51,1,0,1,0,50,24,6,25,19,2,21.0
200500040677,5,7,10,1415,1,1,1,7,4930300,292100,3,2,2,0,4,1,7,56,1,0,1,0,65,43,10,34,21,7,14.0
200500040730,5,7,31,600,2,1,1,1,4874700,97000,2,2,4,0,0,3,0,140,1,0,1,0,69,27,16,36,17,7,6.0
200500040735,5,7,28,1530,1,1,8,1,4909200,157700,3,0,0,0,0,0,47,37,0,0,0,0,39,14,5,18,16,4,15.0
200500040748,5,7,4,1530,1,1,1,6,4930700,115800,3,2,0,0,1,1,0,69,1,0,1,0,74,33,5,47,22,1,15.0
200500040764,5,7,24,2330,3,1,1,7,4820100,-189400,4,2,0,0,0,0,0,0,1,0,0,0,67,43,3,34,30,7,23.0
200500040774,5,7,7,1830,1,1,1,1,4784300,-168800,4,2,0,0,1,3,0,82,1,0,1,0,44,19,5,25,14,4,18.0
200500047867,5,8,13,30,5,1,1,6,5052600,288500,3,2,2,0,0,1,0,60,1,0,4,0,50,28,1,31,18,6,0.0
200500047868,5,8,31,1945,1,1,1,1,5054600,295200,4,2,2,0,0,2,0,60,1,0,1,0,29,15,5,18,6,3,19.0
200500047869,5,8,27,1145,1,1,1,1,5058200,282900,4,2,0,0,0,2,48,0,1,0,1,0,39,29,2,28,9,6,11.0
200500047874,5,8,19,2100,2,1,3,1,5089200,243300,3,2,2,0,1,2,0,30,2,0,1,0,38,19,3,27,8,5,21.0
200500047877,5,8,21,715,1,1,1,6,5066000,252000,3,2,2,0,1,1,0,0,2,0,3,0,26,8,1,21,4,7,7.0
200500047878,5,8,22,1630,1,1,1,1,5075000,255000,3,2,2,0,4,1,0,66,1,0,1,0,42,15,5,19,18,1,16.0
200500047881,5,8,23,1815,1,1,1,3,5064600,272200,3,2,2,0,2,1,0,80,1,0,1,0,18,11,1,11,6,2,18.0
200500047883,5,8,14,1030,1,1,1,6,5068100,284600,3,2,2,0,1,1,0,0,2,0,1,0,35,42,4,22,9,7,10.0
200500047884,5,8,25,315,3,1,3,1,5061200,327000,3,2,2,1,1,2,0,0,2,0,1,0,38,25,4,25,9,4,3.0
200500047885,5,8,30,1115,1,1,1,1,5060000,314900,3,2,2,1,4,2,0,74,1,0,1,0,35,19,2,26,7,2,11.0
200500047887,5,8,2,1400,1,1,1,6,5011400,380300,3,2,0,0,1,1,0,0,1,0,3,0,28,18,2,19,7,2,14.0
200500047891,5,8,28,1745,1,1,1,2,5005000,315000,3,2,0,0,1,3,0,70,1,0,1,0,40,14,8,21,11,7,17.0
200500047893,5,8,7,900,1,1,1,7,5031000,395400,3,2,2,0,2,1,0,43,1,0,1,0,31,11,8,15,8,7,9.0
200500047894,5,8,5,2340,5,1,8,1,5013600,283900,2,2,2,0,1,1,0,76,1,0,1,0,50,26,6,33,11,5,23.0
200500047898,5,8,11,915,1,1,1,1,5036000,279000,2,2,0,0,1,1,0,75,1,0,1,0,29,17,2,19,8,4,9.0
200500047901,5,8,1,1600,1,1,1,1,5081500,161000,3,0,0,0,0,1,0,41,1,0,1,0,28,12,4,14,10,1,16.0
200500047904,5,8,4,1500,1,1,1,1,5044600,264500,3,2,0,0,1,1,0,64,1,0,1,0,34,15,5,9,20,4,15.0
200500047906,5,8,20,515,3,1,1,7,5046700,163800,3,2,2,0,1,1,0,65,9,0,3,0,30,26,0,23,7,6,5.0
200500047908,5,8,8,1515,1,1,8,6,5048500,213900,3,2,2,0,1,3,0,50,1,0,1,0,28,25,1,20,7,1,15.0
200500047910,5,8,18,1800,1,1,1,2,5049000,161700,3,2,0,0,1,1,0,60,1,0,1,0,30,18,1,22,7,4,18.0
200500047930,5,8,3,2000,1,1,1,3,5007900,159800,3,2,2,0,1,1,0,0,1,0,1,0,46,28,6,24,16,3,20.0
200500047934,5,8,17,1715,1,1,1,1,5030700,164400,3,3,0,0,0,1,55,73,1,0,1,0,40,23,3,19,18,3,17.0
200500047958,5,8,6,600,1,1,1,6,4923200,297900,2,2,2,0,0,3,0,70,1,0,0,0,51,29,8,27,16,6,6.0
200500047960,5,8,29,215,3,1,1,6,5005000,376000,3,2,2,0,1,1,0,52,1,0,3,0,38,16,2,26,10,1,2.0
200500047962,5,8,9,1515,1,1,1,1,4993500,358100,3,2,2,0,1,3,58,0,1,0,1,0,58,23,6,31,21,2,15.0
200500048044,5,8,26,300,5,1,1,6,4922100,150700,3,2,2,0,0,0,0,50,9,0,0,0,32,8,4,21,7,5,3.0
200500048061,5,8,16,1145,1,1,1,1,4923000,49000,3,2,2,0,1,2,0,78,1,0,1,0,27,14,1,21,5,2,11.0
200500048079,5,8,15,1730,1,1,1,5,4772400,-197200,3,2,2,0,1,1,0,72,1,0,1,0,36,17,3,18,15,1,17.0
200500048104,5,8,10,415,3,1,1,6,4848100,-259100,2,3,2,0,1,1,0,0,1,0,1,0,23,14,2,16,5,3,4.0
200500048185,5,8,12,330,3,1,1,6,4910100,-64300,3,2,2,0,2,1,0,0,1,0,3,0,36,5,3,23,10,5,3.0
200500048197,5,8,24,1030,1,1,1,7,4908100,37800,3,2,2,0,0,1,0,30,1,0,1,0,24,11,2,12,10,3,10.0